Device_ID,Meter_Name,Time,Model,Watts_Total,Watts_R_Ph,Watts_Y_Ph,Watts_B_Ph,PF_Ave,PF_R_Ph,PF_Y_Ph,PF_B_Ph,VLN_average,V_R_Ph,V_Y_Ph,V_B_Ph,A_average,A_R_Ph,A_Y_Ph,A_B_Ph,Frequency,Wh_received,Load_Hours_Delivered,No_of_interruption,On_Hours,V_R_Harmonics,V_Y_Harmonics,V_B_Harmonics,A_R_Harmonics,A_Y_Harmonics,A_B_Harmonics
13,AUDIO,2026-02-15 21:17:00,LG6400,34819.93,21178.71,8846.28,4794.95,1,0.99,-0.54,0.39,237.70,236.98,238.99,237.15,83.76,103.83,81.61,65.83,51.14,1236536.50,0,15,105:48:42,0,0,0,0,0,0
13,AUDIO,2026-02-15 21:17:02,LG6400,37211.16,23267.11,9526.19,4417.86,1,0.99,-0.55,0.35,239.10,237.66,241.15,238.50,86.13,110.29,85.35,62.74,51.12,1236558.38,0,15,105:48:44,0,0,0,0,0,0
13,AUDIO,2026-02-15 21:17:04,LG6400,34699.86,20939.20,9296.52,4464.14,1,0.99,-0.54,0.37,237.78,237.61,238.58,237.17,83.78,102.25,86.03,63.06,51.12,1236576.12,0,15,105:48:46,0,0,0,0,0,0
13,AUDIO,2026-02-15 21:17:05,LG6400,34907.10,21085.64,9294.53,4526.93,1,0.99,-0.55,0.37,237.77,237.55,238.61,237.15,83.58,102.25,84.95,63.53,51.11,1236585.88,0,15,105:48:47,0,0,0,0,0,0
13,AUDIO,2026-02-15 21:17:07,LG6400,41089.82,25426.92,10309.46,5353.44,-1,1,-0.51,0.40,238.23,237.50,240.07,237.11,96.05,120.83,96.81,70.50,51.09,1236608.12,0,15,105:48:49,0,0,0,0,0,0
13,AUDIO,2026-02-15 21:17:09,LG6400,31693.12,19223.04,8590.95,3879.13,1,0.99,-0.57,0.34,238.18,237.46,239.95,237.13,75.73,92.89,76.24,58.06,51.09,1236626,0,15,105:48:51,0,0,0,0,0,0
13,AUDIO,2026-02-15 21:17:10,LG6400,31014.24,19012.31,8418.74,3583.19,1,0.99,-0.56,0.33,237.74,237.42,238.65,237.15,74.62,92.52,75.37,55.98,51.09,1236643.38,0,15,105:48:52,0,0,0,0,0,0
13,AUDIO,2026-02-15 21:17:12,LG6400,42884.22,26299.71,10746.67,5837.83,1,1,-0.53,0.40,237.77,237.40,238.72,237.19,99.38,124.06,99.70,74.39,51.08,1236655.38,0,15,105:48:54,0,0,0,0,0,0
13,AUDIO,2026-02-15 21:17:14,LG6400,29888.60,17783.26,8303.48,3801.86,1,0.99,-0.58,0.34,237.78,237.39,238.76,237.21,72.93,87.53,73.92,57.33,51.08,1236671.62,0,15,105:48:56,0,0,0,0,0,0
13,AUDIO,2026-02-15 21:17:15,LG6400,28229.40,17071.62,7976.12,3181.67,1,0.99,-0.58,0.31,237.83,237.42,238.81,237.26,68.74,83.82,69.86,52.53,51.09,1236688.50,0,15,105:48:57,0,0,0,0,0,0
13,AUDIO,2026-02-15 21:17:17,LG6400,46585.55,28763.97,11265.26,6556.32,1,0.99,-0.52,0.40,237.19,237.37,238.81,235.38,107.52,135.30,106.80,80.48,50.56,1236701.50,0,15,105:48:59,0,0,0,0,0,0
13,AUDIO,2026-02-15 21:17:19,LG6400,47921.06,29594.44,11692.58,6634.03,1,1,-0.52,0.42,237.27,235.78,238.77,237.27,110.30,138.76,111.22,80.92,50.65,1236724.62,0,15,105:49:01,0,0,0,0,0,0
13,AUDIO,2026-02-15 21:17:21,LG6400,32182.89,19299.72,8852.16,4031.01,1,0.99,-0.55,0.35,238.04,237.53,239.26,237.32,77.77,94.17,79.56,59.57,51.20,1236743.38,0,15,105:49:03,0,0,0,0,0,0
13,AUDIO,2026-02-15 21:17:22,LG6400,47616.28,29520.71,11517.31,6578.26,-1,1,-0.50,0.42,237.47,237.48,239.22,235.70,108.94,137.12,108.80,80.90,50.76,1236756.50,0,15,105:49:04,0,0,0,0,0,0
13,AUDIO,2026-02-15 21:17:24,LG6400,35166.67,20989.02,9464.41,4713.25,1,0.99,-0.55,0.37,238.03,237.44,239.15,237.49,84.89,102.12,87.05,65.50,51.13,1236775.38,0,15,105:49:06,0,0,0,0,0,0
13,AUDIO,2026-02-15 21:17:26,LG6400,37140.84,22845.42,9664.02,4631.40,-1,1,-0.52,0.38,238.04,237.46,239.20,237.44,89.88,111.56,93.13,64.95,51.12,1236797.62,0,15,105:49:08,0,0,0,0,0,0
13,AUDIO,2026-02-15 21:17:27,LG6400,46403.01,28797.16,11356.98,6248.87,-1,1,-0.50,0.41,235.45,235.30,236.99,234.05,106.38,133.84,107.05,78.24,50.73,1236810.38,0,15,105:49:09,0,0,0,0,0,0
13,AUDIO,2026-02-15 21:17:29,LG6400,33140.11,20058.42,8810.09,4271.60,1,0.99,-0.54,0.37,237.69,237.55,239.09,236.43,79.88,98.07,79.91,61.66,51.20,1236828.25,0,15,105:49:11,0,0,0,0,0,0
13,AUDIO,2026-02-15 21:17:31,LG6400,33428.16,20387.47,8908.78,4131.92,1,0.99,-0.53,0.36,237.84,237.59,239.22,236.72,81.63,100.57,83.74,60.58,51.19,1236848.50,0,15,105:49:13,0,0,0,0,0,0
13,AUDIO,2026-02-15 21:17:32,LG6400,34382.86,21136.84,9149.93,4096.09,1,0.98,-0.57,0.34,239.44,238.15,241.20,238.95,81.67,101.87,82.87,60.27,51.28,1236871.88,0,15,105:49:14,0,0,0,0,0,0
13,AUDIO,2026-02-15 21:17:35,LG6400,31503.09,18842.25,8739.66,3921.18,1,0.99,-0.55,0.34,237.89,238.13,238.44,237.10,78.07,93.70,81.09,59.42,51.27,1236880.62,0,15,105:49:17,0,0,0,0,0,0
13,AUDIO,2026-02-15 21:17:36,LG6400,32202.74,19283.41,8854.29,4065.04,1,0.98,-0.56,0.36,237.37,236.56,238.51,237.04,78.06,94.64,80.14,59.39,51.09,1236902.50,0,15,105:49:18,0,0,0,0,0,0
13,AUDIO,2026-02-15 21:17:38,LG6400,35416.41,22167.61,9178.97,4069.83,1,1,-0.56,0.35,239.13,239.08,240.17,238.13,83.78,106.11,84.55,60.67,51.24,1236924.12,0,15,105:49:20,0,0,0,0,0,0
13,AUDIO,2026-02-15 21:17:40,LG6400,43533.14,26580.35,10905.30,6047.48,1,0.99,-0.51,0.39,236.66,235.09,238.80,236.10,99.93,124.83,99.40,75.57,50.81,1236944.25,0,15,105:49:22,0,0,0,0,0,0
13,AUDIO,2026-02-15 21:17:41,LG6400,38395.84,23595.14,9748.11,5052.58,1,0.99,-0.54,0.38,237.27,236.87,238.82,236.13,89.77,112.01,89.07,68.24,50.82,1236954.88,0,15,105:49:23,0,0,0,0,0,0
13,AUDIO,2026-02-15 21:17:43,LG6400,42059.79,26104.25,10416.87,5538.67,1,1,-0.52,0.39,239.04,238.13,240.57,238.42,98.03,123.81,97.89,72.39,50.84,1236977.62,0,15,105:49:25,0,0,0,0,0,0
13,AUDIO,2026-02-15 21:17:45,LG6400,46878.83,28818.23,11471.29,6589.31,1,1,-0.52,0.41,236.27,235.21,238.61,235,107.90,134.90,108.19,80.59,50.84,1237001,0,15,105:49:27,0,0,0,0,0,0
13,AUDIO,2026-02-15 21:17:46,LG6400,38961.98,23523.38,10225.35,5213.25,-1,1,-0.51,0.39,237.56,236.84,238.63,237.22,94.25,114.91,98.04,69.81,50.86,1237022.38,0,15,105:49:28,0,0,0,0,0,0
13,AUDIO,2026-02-15 21:17:48,LG6400,49884.62,30272.96,12155.25,7456.42,-0.99,1,-0.49,0.44,237.04,236.81,238.64,235.66,117.65,144.30,120.52,88.14,49.97,1237036.38,0,15,105:49:30,0,0,0,0,0,0
13,AUDIO,2026-02-15 21:17:50,LG6400,57794.79,36019.07,13507.49,8268.22,1,0.99,-0.49,0.43,233.33,232.59,235.76,231.64,133.20,168.59,134.87,96.15,50.29,1237065.25,0,15,105:49:32,0,0,0,0,0,0
13,AUDIO,2026-02-15 21:17:51,LG6400,39441.66,24082.36,10334.36,5024.94,-1,1,-0.53,0.38,237.59,236.45,239.02,237.31,94.92,116.75,99.75,68.28,51.14,1237087.88,0,15,105:49:33,0,0,0,0,0,0
13,AUDIO,2026-02-15 21:17:53,LG6400,46452.19,28894.91,11343.62,6213.66,-0.99,1,-0.49,0.40,237.60,236.48,239.02,237.30,107.93,136.36,109.41,78.02,50.46,1237101,0,15,105:49:35,0,0,0,0,0,0
13,AUDIO,2026-02-15 21:17:55,LG6400,52841.54,32921.70,12420.97,7498.86,-1,1,-0.50,0.42,236.66,235.12,238.96,235.89,118.01,150.95,115.47,87.62,50.85,1237128.12,0,15,105:49:37,0,0,0,0,0,0
13,AUDIO,2026-02-15 21:17:57,LG6400,33372.78,20430.05,8884.84,4057.88,1,0.99,-0.55,0.35,239.46,238.11,241.36,238.90,79.97,99.51,80.53,59.87,51.16,1237148.25,0,15,105:49:39,0,0,0,0,0,0
13,AUDIO,2026-02-15 21:17:58,LG6400,39287.38,24250.98,9905.41,5130.99,1,0.99,-0.53,0.39,238.98,238.11,239.95,238.86,92.33,115.77,92.27,68.95,51.15,1237159.25,0,15,105:49:40,0,0,0,0,0,0
13,AUDIO,2026-02-15 21:18:00,LG6400,41434.86,25481.84,10476.87,5476.15,1,0.99,-0.53,0.38,237.10,236.58,238.28,236.44,95.66,119,95.99,71.99,51.12,1237182.88,0,15,105:49:42,0,0,0,0,0,0
13,AUDIO,2026-02-15 21:18:02,LG6400,35978.06,21982.04,9487.94,4508.07,1,1,-0.53,0.37,239.61,238.96,241,238.85,86.29,106.70,88.48,63.71,51.11,1237204.50,0,15,105:49:44,0,0,0,0,0,0
13,AUDIO,2026-02-15 21:18:03,LG6400,45608.81,27595.53,11367.45,6645.83,-1,1,-0.53,0.43,237.18,235.66,238.97,236.91,106.68,131.52,108.15,80.37,50.74,1237217.12,0,15,105:49:45,0,0,0,0,0,0
13,AUDIO,2026-02-15 21:18:05,LG6400,38554.54,23475.59,10051.24,5027.71,1,1,-0.53,0.37,236.44,235.64,238.87,234.83,92.02,113.41,94.23,68.44,50.76,1237240.88,0,15,105:49:47,0,0,0,0,0,0
13,AUDIO,2026-02-15 21:18:07,LG6400,32944.70,19869.57,8912.32,4162.81,1,0.99,-0.55,0.36,237.87,237.85,238.75,237,80.43,97.77,83,60.53,51.20,1237259.25,0,15,105:49:49,0,0,0,0,0,0
13,AUDIO,2026-02-15 21:18:08,LG6400,31665.86,19050.71,8850.25,3764.91,1,0.99,-0.56,0.34,237.43,236.49,238.76,237.03,76.45,92.31,79.62,57.41,51.18,1237280.12,0,15,105:49:50,0,0,0,0,0,0
13,AUDIO,2026-02-15 21:18:11,LG6400,32115.61,19203.67,8752.43,4159.51,1,0.99,-0.56,0.34,237.40,236.52,238.71,236.97,77.57,93.10,78.76,60.84,51.16,1237289,0,15,105:49:53,0,0,0,0,0,0
13,AUDIO,2026-02-15 21:18:12,LG6400,30161.08,18078.11,8364.38,3718.59,1,0.99,-0.56,0.34,237.99,238.09,238.82,237.05,74.10,89.46,76.11,56.73,51.16,1237307.50,0,15,105:49:54,0,0,0,0,0,0
13,AUDIO,2026-02-15 21:18:14,LG6400,34285.33,20902.60,9062.79,4319.95,1,0.99,-0.54,0.36,237.53,236.73,238.87,236.98,82.24,101.41,83.39,61.91,51.14,1237328.50,0,15,105:49:56,0,0,0,0,0,0
13,AUDIO,2026-02-15 21:18:16,LG6400,35823.42,21908.05,9426.20,4489.17,1,0.99,-0.53,0.37,237.58,236.78,238.93,237.03,86.51,106.80,88.93,63.79,51.13,1237348.38,0,15,105:49:58,0,0,0,0,0,0
13,AUDIO,2026-02-15 21:18:17,LG6400,31423.66,19041.06,8568.31,3814.30,1,0.99,-0.55,0.34,237.61,236.82,238.95,237.06,77.22,94.22,79.62,57.82,51.13,1237357.12,0,15,105:49:59,0,0,0,0,0,0
13,AUDIO,2026-02-15 21:18:19,LG6400,36219.18,21925.52,9463.37,4830.29,1,0.99,-0.53,0.38,237.62,236.81,238.95,237.10,87.71,107.23,89.66,66.23,51.11,1237378,0,15,105:50:01,0,0,0,0,0,0
13,AUDIO,2026-02-15 21:18:21,LG6400,38418.62,23221.01,9933.89,5263.73,1,0.99,-0.52,0.39,239.01,238.20,240.45,238.38,92.08,112.69,93.95,69.61,51.10,1237399.50,0,15,105:50:03,0,0,0,0,0,0
13,AUDIO,2026-02-15 21:18:22,LG6400,46583.62,28856.91,11230.64,6496.06,1,0.99,-0.51,0.40,235.63,234.08,238.25,234.56,106.48,135.70,104.26,79.49,50.74,1237424.62,0,15,105:50:04,0,0,0,0,0,0
13,AUDIO,2026-02-15 21:18:24,LG6400,42927.47,26511.96,10629.62,5785.89,-1,1,-0.54,0.39,236.25,235.89,238.22,234.63,99.27,125.06,98.27,74.47,50.76,1237436.62,0,15,105:50:06,0,0,0,0,0,0
13,AUDIO,2026-02-15 21:18:26,LG6400,38484.41,23735.72,9762.51,4986.18,1,1,-0.53,0.38,238.74,237.94,240.26,238.03,91.46,114.79,91.83,67.76,51.14,1237457.88,0,15,105:50:08,0,0,0,0,0,0
13,AUDIO,2026-02-15 21:18:27,LG6400,42153.16,25999.94,10539.19,5614.02,1,1,-0.53,0.38,236.71,236.14,238.60,235.40,98.08,122.94,98.63,72.67,50.86,1237481.12,0,15,105:50:09,0,0,0,0,0,0
13,AUDIO,2026-02-15 21:18:29,LG6400,36566.82,22593.90,9489.67,4483.25,1,0.99,-0.55,0.35,236.73,236.15,238.58,235.45,85.13,106.77,84.99,63.62,50.87,1237491.38,0,15,105:50:11,0,0,0,0,0,0
13,AUDIO,2026-02-15 21:18:31,LG6400,31029.07,19252.61,8389.77,3386.68,1,0.99,-0.57,0.32,240.50,240.04,241.01,240.44,74.44,93.44,74.76,55.12,51.31,1237512.12,0,15,105:50:13,0,0,0,0,0,0
13,AUDIO,2026-02-15 21:18:33,LG6400,29100.90,17315.70,8174.22,3610.98,1,0.99,-0.57,0.34,237.91,237.94,238.63,237.15,72.07,86.60,73.55,56.06,51.05,1237528.12,0,15,105:50:14,0,0,0,0,0,0
13,AUDIO,2026-02-15 21:18:34,LG6400,36426.68,21623.40,10006.65,4796.63,-1,1,-0.52,0.37,237.89,237.91,238.62,237.14,90.83,108.18,97.75,66.57,51.04,1237538.12,0,15,105:50:16,0,0,0,0,0,0
13,AUDIO,2026-02-15 21:18:36,LG6400,35757.78,22000.03,9663.75,4094,-1,0.99,-0.53,0.35,237.38,236.44,238.65,237.06,88.07,109.69,93.37,61.14,51.04,1237558.88,0,15,105:50:18,0,0,0,0,0,0
13,AUDIO,2026-02-15 21:18:38,LG6400,27623.01,16144.03,7506.62,3972.36,1,0.99,-0.60,0.42,238.48,238.03,238.70,238.70,62.83,79.68,63.91,44.91,51.05,1237576.62,0,15,105:50:20,0,0,0,0,0,0
13,AUDIO,2026-02-15 21:18:39,LG6400,18551.36,11146.25,5485.10,1920,0.98,0.97,-0.62,0.24,238.48,238.02,238.76,238.66,46.25,56.86,42.90,38.98,51.38,1237581.75,0,15,105:50:21,0,0,0,0,0,0
13,AUDIO,2026-02-15 21:18:41,LG6400,19069.06,11265.31,5994.74,1809.01,0.98,0.96,-0.68,0.24,238.47,238.02,238.79,238.61,46.37,57.18,42.94,38.98,51.37,1237592.50,0,15,105:50:23,0,0,0,0,0,0
13,AUDIO,2026-02-15 21:18:43,LG6400,18900.77,11145.66,5995.98,1759.13,0.98,0.97,-0.69,0.23,238.46,238.02,238.79,238.57,46.13,56.73,42.95,38.72,51.37,1237603,0,15,105:50:25,0,0,0,0,0,0
13,AUDIO,2026-02-15 21:18:44,LG6400,18913.90,11142.81,5995.55,1775.53,0.97,0.96,-0.69,0.23,238.46,238.01,238.80,238.55,46.13,56.72,42.95,38.72,51.37,1237608.25,0,15,105:50:26,0,0,0,0,0,0
13,AUDIO,2026-02-15 21:18:46,LG6400,18890.54,11139.43,5994.67,1756.44,0.98,0.97,-0.68,0.23,238.44,238.02,238.80,238.51,46.13,56.70,42.96,38.72,51.37,1237618.75,0,15,105:50:28,0,0,0,0,0,0
13,AUDIO,2026-02-15 21:18:48,LG6400,18840.17,11074.41,5994.79,1770.97,0.97,0.96,-0.69,0.23,238.45,238.03,238.82,238.48,46.03,56.41,42.96,38.72,51.37,1237629.12,0,15,105:50:30,0,0,0,0,0,0
13,AUDIO,2026-02-15 21:18:49,LG6400,18909.18,11132.98,5994.95,1781.25,0.98,0.96,-0.68,0.23,238.44,238.04,238.82,238.47,46.04,56.43,42.98,38.72,51.37,1237639.62,0,15,105:50:31,0,0,0,0,0,0
13,AUDIO,2026-02-15 21:18:51,LG6400,18970.97,11132.97,6039.43,1798.57,0.98,0.96,-0.68,0.23,238.44,238.03,238.83,238.45,46.29,56.72,43.23,38.92,51.37,1237645,0,15,105:50:33,0,0,0,0,0,0
13,AUDIO,2026-02-15 21:18:53,LG6400,19159.64,11293.88,6039.12,1826.64,0.97,0.96,-0.68,0.23,238.43,238.03,238.83,238.44,46.68,57.31,43.53,39.21,51.36,1237655.62,0,15,105:50:35,0,0,0,0,0,0
13,AUDIO,2026-02-15 21:18:54,LG6400,19357.22,11449.89,6100.48,1806.85,0.98,0.97,-0.68,0.23,238.43,238.04,238.84,238.40,46.91,57.97,43.55,39.22,51.36,1237666.25,0,15,105:50:36,0,0,0,0,0,0
13,AUDIO,2026-02-15 21:18:56,LG6400,19256.72,11302.61,6099.33,1854.78,0.98,0.96,-0.69,0.24,238.43,238.03,238.84,238.41,46.76,57.51,43.55,39.22,51.36,1237671.62,0,15,105:50:38,0,0,0,0,0,0
13,AUDIO,2026-02-15 21:18:58,LG6400,19640.36,11558.79,6141.93,1939.64,0.98,0.97,-0.68,0.24,238.41,238.03,238.84,238.37,47.80,58.63,44.47,40.30,51.35,1237682.50,0,15,105:50:40,0,0,0,0,0,0
13,AUDIO,2026-02-15 21:19:00,LG6400,19670.29,11620.86,6097.93,1951.49,0.98,0.97,-0.67,0.24,238.41,238.02,238.85,238.35,47.94,59.04,44.47,40.30,51.34,1237693.50,0,15,105:50:42,0,0,0,0,0,0
13,AUDIO,2026-02-15 21:19:01,LG6400,19713.12,11623.85,6099.48,1989.79,0.98,0.96,-0.67,0.25,238.40,238,238.85,238.35,47.95,59.05,44.48,40.31,51.33,1237699,0,15,105:50:43,0,0,0,0,0,0
13,AUDIO,2026-02-15 21:19:03,LG6400,20407.29,12063.65,6203.40,2140.24,0.98,0.97,-0.67,0.26,238.37,237.97,238.83,238.32,49.42,61.22,45.45,41.58,51.32,1237710.12,0,15,105:50:45,0,0,0,0,0,0
13,AUDIO,2026-02-15 21:19:05,LG6400,20472.20,12086.15,6195.81,2190.24,0.98,0.97,-0.66,0.26,238.37,237.96,238.83,238.30,49.64,61.23,45.69,42.01,51.31,1237721.38,0,15,105:50:47,0,0,0,0,0,0
13,AUDIO,2026-02-15 21:19:06,LG6400,21260.42,12637.58,6251.99,2370.84,0.99,0.97,-0.65,0.29,238.36,237.96,238.84,238.27,51.13,63.99,46.59,42.81,51.31,1237727.25,0,15,105:50:48,0,0,0,0,0,0
13,AUDIO,2026-02-15 21:19:08,LG6400,20595.06,12280.11,6150.01,2164.95,0.98,0.97,-0.66,0.26,238.36,237.97,238.85,238.25,50.02,62.21,45.87,41.98,51.30,1237738.62,0,15,105:50:50,0,0,0,0,0,0
13,AUDIO,2026-02-15 21:19:10,LG6400,20866.02,12497.88,6151.14,2217.01,0.98,0.97,-0.65,0.27,238.34,237.96,238.83,238.22,50.49,63.27,45.89,42.32,51.29,1237750.12,0,15,105:50:52,0,0,0,0,0,0
13,AUDIO,2026-02-15 21:19:11,LG6400,20437.14,12119.25,6150.03,2167.87,0.98,0.97,-0.67,0.26,238.34,237.95,238.85,238.23,49.70,61.50,45.88,41.71,51.29,1237755.88,0,15,105:50:53,0,0,0,0,0,0
13,AUDIO,2026-02-15 21:19:13,LG6400,20708.40,12412.50,6072.50,2223.40,0.98,0.97,-0.65,0.27,238.32,237.94,238.83,238.19,50.31,62.83,45.88,42.23,51.27,1237767.50,0,15,105:50:55,0,0,0,0,0,0
13,AUDIO,2026-02-15 21:19:15,LG6400,20447.98,12187.27,6091.73,2168.97,0.98,0.97,-0.65,0.27,238.31,237.94,238.82,238.17,49.74,61.81,45.76,41.65,51.27,1237779,0,15,105:50:57,0,0,0,0,0,0
13,AUDIO,2026-02-15 21:19:16,LG6400,20948.28,12499.07,6182.48,2266.73,0.98,0.97,-0.65,0.27,238.30,237.93,238.81,238.15,50.92,63.52,46.49,42.74,51.26,1237790.75,0,15,105:50:58,0,0,0,0,0,0
13,AUDIO,2026-02-15 21:19:18,LG6400,21469.67,12802.10,6281.02,2386.55,0.99,0.97,-0.63,0.28,238.29,237.91,238.81,238.14,51.99,65.14,47.41,43.41,51.25,1237796.88,0,15,105:51:00,0,0,0,0,0,0
13,AUDIO,2026-02-15 21:19:20,LG6400,19778.45,11687.92,6062.61,2027.92,0.98,0.97,-0.66,0.25,238.29,237.92,238.82,238.15,48.35,59.52,44.86,40.68,51.25,1237807.88,0,15,105:51:02,0,0,0,0,0,0
13,AUDIO,2026-02-15 21:19:21,LG6400,20045.96,11803.38,6166.28,2076.29,0.98,0.97,-0.67,0.26,238.29,237.92,238.82,238.14,48.84,60.14,45.29,41.11,51.26,1237818.88,0,15,105:51:03,0,0,0,0,0,0
13,AUDIO,2026-02-15 21:19:23,LG6400,19977.95,11800.63,6111.64,2065.69,0.98,0.97,-0.66,0.25,238.29,237.92,238.81,238.13,48.76,60.13,45.05,41.10,51.26,1237824.38,0,15,105:51:05,0,0,0,0,0,0
13,AUDIO,2026-02-15 21:19:25,LG6400,20401.28,12041.75,6194.78,2164.75,0.98,0.97,-0.66,0.26,238.28,237.92,238.81,238.12,49.67,61.39,45.78,41.84,51.26,1237835.62,0,15,105:51:07,0,0,0,0,0,0
13,AUDIO,2026-02-15 21:19:27,LG6400,28854.23,16940.87,8556.04,3357.32,1,0.98,-0.59,0.34,238.24,237.83,238.82,238.09,69.44,85.10,73.81,49.41,51.24,1237849.88,0,15,105:51:09,0,0,0,0,0,0
13,AUDIO,2026-02-15 21:19:28,LG6400,29615.27,17607.59,7991.87,4015.81,1,0.99,-0.57,0.42,238.21,237.77,238.80,238.07,69.34,88.05,71.68,48.28,51.23,1237858.25,0,15,105:51:10,0,0,0,0,0,0
13,AUDIO,2026-02-15 21:19:30,LG6400,32125.86,19350.62,8541.71,4233.53,-1,1,-0.56,0.42,238.14,237.70,238.75,237.98,74.69,96.27,78.57,49.23,51.20,1237876,0,15,105:51:12,0,0,0,0,0,0
13,AUDIO,2026-02-15 21:19:32,LG6400,33022.57,20051.46,8569.18,4401.93,-1,0.99,-0.55,0.45,237.72,237.66,238.74,236.76,76.56,99.63,79.45,50.59,51.18,1237894.25,0,15,105:51:14,0,0,0,0,0,0
13,AUDIO,2026-02-15 21:19:33,LG6400,32686.76,19500.03,8682.85,4503.88,-1,0.99,-0.54,0.47,237.73,237.64,238.77,236.76,75.71,96.56,80.75,49.83,51.17,1237903.38,0,15,105:51:15,0,0,0,0,0,0
13,AUDIO,2026-02-15 21:19:35,LG6400,31628.07,18834.98,8547.52,4245.56,1,0.99,-0.59,0.43,237.72,237.56,238.81,236.80,73.69,93.13,78.24,49.70,51.16,1237920.88,0,15,105:51:17,0,0,0,0,0,0
13,AUDIO,2026-02-15 21:19:37,LG6400,40027.62,24702.94,10200.28,5124.40,1,0.99,-0.52,0.38,237.71,237.46,238.89,236.79,94.63,118.60,96.10,69.19,51.14,1237943,0,15,105:51:19,0,0,0,0,0,0
13,AUDIO,2026-02-15 21:19:38,LG6400,36954.11,22736.45,9626.37,4591.29,1,0.99,-0.54,0.36,239.41,238.89,240.24,239.09,87.79,109.48,89.19,64.70,51.14,1237964.25,0,15,105:51:20,0,0,0,0,0,0
13,AUDIO,2026-02-15 21:19:41,LG6400,36521.83,22436.82,9493.08,4591.93,1,0.99,-0.53,0.38,238.82,238.82,240.21,237.42,87.53,108.73,89.16,64.70,51.14,1237974.38,0,15,105:51:23,0,0,0,0,0,0
13,AUDIO,2026-02-15 21:19:42,LG6400,40182.26,24724.77,10052.66,5404.83,-1,1,-0.52,0.40,238.77,238.70,240.17,237.44,95.36,118.68,95.97,71.44,51.12,1237996.12,0,15,105:51:24,0,0,0,0,0,0
13,AUDIO,2026-02-15 21:19:44,LG6400,37099.91,23135.59,9433.33,4531,1,1,-0.54,0.37,238.22,237.16,240.08,237.40,86.75,109.91,86.38,63.95,51.11,1238017.38,0,15,105:51:26,0,0,0,0,0,0
13,AUDIO,2026-02-15 21:19:46,LG6400,36882.08,22343.38,9618.14,4920.55,-1,1,-0.52,0.39,238.16,237.15,239.99,237.33,87.92,107.32,89.59,66.85,51.10,1238036.88,0,15,105:51:28,0,0,0,0,0,0
13,AUDIO,2026-02-15 21:19:47,LG6400,33041.96,20227.69,8689.75,4124.52,1,0.99,-0.56,0.36,238.12,237.12,239.94,237.30,79.74,98.89,79.99,60.34,51.09,1238046.12,0,15,105:51:29,0,0,0,0,0,0
13,AUDIO,2026-02-15 21:19:49,LG6400,34651.07,21308.34,9067.23,4275.50,1,0.99,-0.55,0.36,238.03,237.04,239.82,237.25,82.98,103.05,84.01,61.88,51.08,1238066,0,15,105:51:31,0,0,0,0,0,0
13,AUDIO,2026-02-15 21:19:51,LG6400,33164.64,20471.55,8756.42,3936.67,1,0.99,-0.55,0.35,237.58,237.10,238.46,237.19,79.36,99.10,79.94,59.03,51.08,1238086,0,15,105:51:33,0,0,0,0,0,0
13,AUDIO,2026-02-15 21:19:52,LG6400,36018.27,22334.11,9345.44,4338.72,1,0.99,-0.55,0.36,237.61,237.10,238.54,237.19,84.76,106.76,85.16,62.35,51.07,1238105.50,0,15,105:51:34,0,0,0,0,0,0
13,AUDIO,2026-02-15 21:19:55,LG6400,32456.16,19997.49,8640.04,3818.63,1,0.99,-0.56,0.34,237.63,237.11,238.59,237.21,77.38,96.64,77.43,58.07,51.08,1238114.25,0,15,105:51:37,0,0,0,0,0,0
13,AUDIO,2026-02-15 21:19:56,LG6400,38384.68,23608.33,9864.53,4911.82,1,1,-0.53,0.38,237.62,237.10,238.62,237.15,90.93,112.97,92.55,67.28,51.06,1238135.38,0,15,105:51:38,0,0,0,0,0,0
13,AUDIO,2026-02-15 21:19:58,LG6400,42553.07,26456.46,10609.11,5487.50,1,1,-0.53,0.38,235.99,235.61,237.28,235.07,98.59,124.65,98.84,72.28,50.79,1238158.62,0,15,105:51:40,0,0,0,0,0,0
13,AUDIO,2026-02-15 21:20:00,LG6400,42268.42,26334.53,10360.51,5573.37,1,1,-0.53,0.39,236.04,235.59,237.39,235.16,97.56,124.25,96.02,72.41,50.81,1238181.75,0,15,105:51:42,0,0,0,0,0,0
13,AUDIO,2026-02-15 21:20:01,LG6400,38625.73,23521.04,10094.82,5009.88,-1,1,-0.52,0.38,236.53,235.62,237.44,236.53,90.98,111.63,93.39,67.92,50.82,1238192.50,0,15,105:51:43,0,0,0,0,0,0
13,AUDIO,2026-02-15 21:20:03,LG6400,37274.02,23009.89,9659.37,4604.76,-1,1,-0.52,0.36,236.99,235.67,238.77,236.53,87.92,109.75,88.84,65.18,50.84,1238214,0,15,105:51:45,0,0,0,0,0,0
13,AUDIO,2026-02-15 21:20:05,LG6400,33688.26,20887.05,8831.66,3969.55,1,0.99,-0.55,0.35,238.52,237.79,240.46,237.31,80.79,101.28,81.67,59.42,51.15,1238233.50,0,15,105:51:47,0,0,0,0,0,0
13,AUDIO,2026-02-15 21:20:06,LG6400,34661.50,21103.27,9140.79,4417.44,1,0.99,-0.54,0.36,238.09,237.76,239.20,237.31,84.29,103.45,86.39,63.04,51.14,1238253.62,0,15,105:51:48,0,0,0,0,0,0
13,AUDIO,2026-02-15 21:20:08,LG6400,43168.56,26784.48,10538.23,5845.85,1,1,-0.53,0.39,238.05,237.71,239.19,237.26,99.26,125.47,97.60,74.71,51.13,1238265.62,0,15,105:51:50,0,0,0,0,0,0
13,AUDIO,2026-02-15 21:20:10,LG6400,39417.81,24175.96,10004.72,5237.13,1,1,-0.53,0.38,238.02,237.64,239.21,237.21,93.62,116.07,95.21,69.59,51.11,1238287.75,0,15,105:51:52,0,0,0,0,0,0
13,AUDIO,2026-02-15 21:20:11,LG6400,40446.20,25057.94,10076.76,5311.50,1,1,-0.54,0.38,237.16,236.36,239.20,235.93,94.19,118.70,93.70,70.18,51.09,1238308.50,0,15,105:51:53,0,0,0,0,0,0
13,AUDIO,2026-02-15 21:20:13,LG6400,32858.75,20404.41,8721.58,3732.76,1,0.99,-0.55,0.34,237.19,236.39,239.20,235.99,79.02,99.49,80.20,57.38,51.09,1238317.75,0,15,105:51:55,0,0,0,0,0,0
13,AUDIO,2026-02-15 21:20:15,LG6400,38892.49,23689.90,10042.87,5159.71,1,0.99,-0.52,0.38,237.63,236.42,239.19,237.27,92.46,114.30,94.09,68.99,51.08,1238337,0,15,105:51:57,0,0,0,0,0,0
13,AUDIO,2026-02-15 21:20:17,LG6400,37451.01,23208.65,9666.82,4575.54,1,1,-0.53,0.37,237.65,236.47,239.23,237.23,89.20,111.89,91.02,64.70,51.08,1238359.12,0,15,105:51:59,0,0,0,0,0,0
13,AUDIO,2026-02-15 21:20:18,LG6400,33222.49,20459.40,8823.81,3939.28,1,1,-0.56,0.34,237.68,236.54,239.24,237.25,79.51,98.81,80.60,59.12,51.08,1238368.25,0,15,105:52:00,0,0,0,0,0,0
13,AUDIO,2026-02-15 21:20:20,LG6400,38135.20,23409.84,9814.53,4910.83,1,0.99,-0.52,0.38,237.72,236.62,239.29,237.26,91.05,113.04,92.98,67.12,51.07,1238389.50,0,15,105:52:02,0,0,0,0,0,0
13,AUDIO,2026-02-15 21:20:22,LG6400,38538.97,23617.88,9930.17,4990.93,1,0.99,-0.53,0.38,237.71,236.61,239.31,237.20,90.58,112.53,91.88,67.32,51.06,1238411.62,0,15,105:52:04,0,0,0,0,0,0
13,AUDIO,2026-02-15 21:20:23,LG6400,37415.71,23247.04,9633.48,4535.20,1,0.99,-0.54,0.36,237.71,236.63,239.31,237.19,87.13,110.05,87.33,64.02,51.06,1238422.12,0,15,105:52:05,0,0,0,0,0,0
13,AUDIO,2026-02-15 21:20:25,LG6400,41835.83,25687.36,10533.91,5614.56,1,1,-0.53,0.38,236.59,235.02,237.63,237.12,96.77,120.81,96.97,72.53,51.04,1238443.12,0,15,105:52:07,0,0,0,0,0,0
13,AUDIO,2026-02-15 21:20:27,LG6400,41452.69,25473.75,10402.77,5576.17,-1,1,-0.53,0.38,237.53,236.71,238.81,237.07,96.42,119.99,97.06,72.19,51.03,1238464.12,0,15,105:52:09,0,0,0,0,0,0
13,AUDIO,2026-02-15 21:20:28,LG6400,37162.22,23017.98,9600.53,4543.71,-1,1,-0.53,0.37,237.52,236.71,238.82,237.04,88.72,110.93,91.04,64.20,51.03,1238474.50,0,15,105:52:10,0,0,0,0,0,0
13,AUDIO,2026-02-15 21:20:30,LG6400,34707.74,21346.19,9068.45,4293.10,1,0.99,-0.55,0.36,237.53,236.72,238.83,237.03,83.09,103.52,84.09,61.66,51.04,1238493.62,0,15,105:52:12,0,0,0,0,0,0
13,AUDIO,2026-02-15 21:20:32,LG6400,37043.34,22977.26,9502.75,4563.34,1,1,-0.54,0.36,238.01,236.78,240.18,237.07,87.84,110.57,88.61,64.34,51.04,1238513.88,0,15,105:52:14,0,0,0,0,0,0
13,AUDIO,2026-02-15 21:20:33,LG6400,36352.77,22315.18,9488.24,4549.35,1,1,-0.54,0.36,238.06,236.89,240.14,237.15,86.69,107.68,88.26,64.12,51.05,1238533.50,0,15,105:52:15,0,0,0,0,0,0
13,AUDIO,2026-02-15 21:20:35,LG6400,38394.04,23592.64,9855.22,4946.18,-1,1,-0.53,0.39,238.04,236.90,240.08,237.12,91.17,113.20,92.83,67.47,51.05,1238544.25,0,15,105:52:17,0,0,0,0,0,0
13,AUDIO,2026-02-15 21:20:37,LG6400,39090.32,23892.17,10043.67,5154.48,1,1,-0.52,0.39,237.97,236.88,239.98,237.06,92.20,114.52,93.30,68.77,51.04,1238565.88,0,15,105:52:19,0,0,0,0,0,0
13,AUDIO,2026-02-15 21:20:38,LG6400,36872.32,22572.05,9485.67,4814.60,1,1,-0.56,0.38,237.49,236.78,238.74,236.96,87.58,108.88,87.84,66.03,51.03,1238586.75,0,15,105:52:20,0,0,0,0,0,0
13,AUDIO,2026-02-15 21:20:40,LG6400,40054.14,24721.76,10132.95,5199.43,1,1,-0.55,0.38,237.46,236.72,238.75,236.92,93.70,117.70,94.05,69.35,51.02,1238597.88,0,15,105:52:22,0,0,0,0,0,0
13,AUDIO,2026-02-15 21:20:42,LG6400,41338.40,25415.89,10549.61,5372.91,1,1,-0.54,0.39,237.41,236.62,238.76,236.84,96.16,119.95,97.78,70.75,51.02,1238620.25,0,15,105:52:24,0,0,0,0,0,0
13,AUDIO,2026-02-15 21:20:44,LG6400,32971.76,20202.05,8761.67,4008.04,1,0.99,-0.57,0.34,237.44,236.68,238.78,236.87,77.96,96.86,77.34,59.68,51.02,1238638.62,0,15,105:52:26,0,0,0,0,0,0
13,AUDIO,2026-02-15 21:20:45,LG6400,34084.57,21073.25,8904.86,4106.46,1,1,-0.55,0.35,237.90,236.75,240.04,236.92,80.94,101.66,80.70,60.46,51.03,1238648.12,0,15,105:52:27,0,0,0,0,0,0
13,AUDIO,2026-02-15 21:20:47,LG6400,35191.80,21728.92,9177.56,4285.32,1,0.99,-0.55,0.36,237.92,236.81,239.95,236.99,83.23,104.18,83.69,61.82,51.04,1238666.50,0,15,105:52:29,0,0,0,0,0,0
13,AUDIO,2026-02-15 21:20:49,LG6400,40292.11,24985.55,9990.76,5315.79,1,1,-0.55,0.38,237.89,236.81,239.86,236.99,93.01,118.09,90.86,70.08,51.04,1238686.62,0,15,105:52:31,0,0,0,0,0,0
13,AUDIO,2026-02-15 21:20:51,LG6400,40357.59,24697.13,10281.36,5379.10,1,0.99,-0.52,0.38,237.81,236.75,239.74,236.95,93.91,116.69,94.63,70.39,51.03,1238706.75,0,15,105:52:32,0,0,0,0,0,0
13,AUDIO,2026-02-15 21:20:52,LG6400,38233.80,23249.91,9805.18,5178.70,1,0.99,-0.54,0.38,236.71,235.41,237.82,236.91,88.94,109.73,88.34,68.75,51.03,1238727.62,0,15,105:52:34,0,0,0,0,0,0
13,AUDIO,2026-02-15 21:20:54,LG6400,35966.32,22316.17,9189.16,4460.99,1,0.99,-0.55,0.36,237.13,236.59,237.89,236.91,84.63,106.65,83.93,63.30,51.03,1238737.62,0,15,105:52:36,0,0,0,0,0,0
13,AUDIO,2026-02-15 21:20:56,LG6400,34300.07,20896.24,9265.83,4138,1,0.99,-0.55,0.35,238.32,237.93,240.07,236.97,81.86,100.65,84.34,60.60,51.04,1238757.38,0,15,105:52:38,0,0,0,0,0,0
13,AUDIO,2026-02-15 21:20:57,LG6400,36498.55,22680,9216.48,4602.06,1,1,-0.55,0.36,238.28,237.82,239.98,237.03,85.69,108.74,83.87,64.46,51.04,1238776.50,0,15,105:52:39,0,0,0,0,0,0
13,AUDIO,2026-02-15 21:20:59,LG6400,33522.53,20611.61,8801.38,4109.54,1,0.99,-0.55,0.36,238.24,237.77,239.92,237.03,81.53,101.60,82.42,60.58,51.05,1238785.75,0,15,105:52:41,0,0,0,0,0,0
13,AUDIO,2026-02-15 21:21:01,LG6400,28758.21,17753.23,7900.81,3104.17,1,0.99,-0.59,0.31,238.21,237.71,239.84,237.07,69.31,86.72,69.17,52.04,51.05,1238804.88,0,15,105:52:43,0,0,0,0,0,0
13,AUDIO,2026-02-15 21:21:03,LG6400,35229.07,21602.85,9215.59,4410.63,1,1,-0.55,0.37,237.70,236.36,239.72,237.03,84.50,104.87,85.97,62.65,51.04,1238824.62,0,15,105:52:45,0,0,0,0,0,0
13,AUDIO,2026-02-15 21:21:04,LG6400,42438.38,26123.91,10713.90,5600.57,1,1,-0.55,0.39,236.39,235.03,238.50,235.65,98.57,123.39,99.89,72.42,51.03,1238836.50,0,15,105:52:46,0,0,0,0,0,0
13,AUDIO,2026-02-15 21:21:06,LG6400,36266.32,22227.81,9390.92,4647.59,1,0.99,-0.55,0.37,237.35,236.58,238.54,236.92,85.56,105.88,85.93,64.89,51.03,1238858.50,0,15,105:52:48,0,0,0,0,0,0
13,AUDIO,2026-02-15 21:21:08,LG6400,36818.95,22826.58,9449.52,4542.84,1,0.99,-0.54,0.36,237.42,236.66,238.66,236.96,87.08,109.32,87.73,64.18,51.03,1238879.25,0,15,105:52:50,0,0,0,0,0,0
13,AUDIO,2026-02-15 21:21:09,LG6400,35467.27,21938.96,9190.97,4337.34,1,0.99,-0.55,0.35,237.49,236.72,238.73,237,83.28,104.71,82.80,62.33,51.04,1238889.12,0,15,105:52:51,0,0,0,0,0,0
13,AUDIO,2026-02-15 21:21:11,LG6400,28889.33,17664.83,7933.15,3291.35,1,0.99,-0.58,0.32,237.58,236.82,238.82,237.09,69.32,85.97,68.76,53.23,51.05,1238907.25,0,15,105:52:53,0,0,0,0,0,0
13,AUDIO,2026-02-15 21:21:13,LG6400,34552.08,21415.88,9002.18,4134.01,1,0.99,-0.55,0.35,237.53,236.80,238.78,237.01,82.16,103.45,82.35,60.68,51.04,1238928.25,0,15,105:52:55,0,0,0,0,0,0
13,AUDIO,2026-02-15 21:21:14,LG6400,35312.09,21925.26,9048.42,4338.40,1,0.99,-0.54,0.36,237.52,236.76,238.77,237.03,83.73,105.64,83.15,62.39,51.03,1238950,0,15,105:52:56,0,0,0,0,0,0
13,AUDIO,2026-02-15 21:21:16,LG6400,39990.86,24581.89,9995.16,5413.80,1,1,-0.54,0.38,237.02,236.70,238.75,235.61,93.65,117.01,92.72,71.21,51.02,1238961.12,0,15,105:52:58,0,0,0,0,0,0
13,AUDIO,2026-02-15 21:21:18,LG6400,34061.16,20672.13,9110.16,4278.88,1,0.99,-0.54,0.36,237.46,236.74,238.79,236.84,82.61,100.87,85.13,61.82,51.03,1238981.12,0,15,105:53:00,0,0,0,0,0,0
13,AUDIO,2026-02-15 21:21:19,LG6400,38562.21,23715.45,9816.43,5030.32,1,1,-0.54,0.38,237.69,236.89,239.30,236.88,90.23,112.58,90.45,67.65,51.03,1239002.62,0,15,105:53:01,0,0,0,0,0,0
13,AUDIO,2026-02-15 21:21:21,LG6400,44164.56,27303.41,10769.87,6091.28,1,1,-0.53,0.40,237.69,236.89,239.31,236.86,102.73,129.34,102.26,76.58,51.03,1239015,0,15,105:53:03,0,0,0,0,0,0
13,AUDIO,2026-02-15 21:21:23,LG6400,35472.58,21573.67,9367.38,4531.53,1,0.99,-0.54,0.36,237.60,236.80,239.24,236.76,84.14,103.22,85.56,63.64,51.02,1239035.88,0,15,105:53:05,0,0,0,0,0,0
13,AUDIO,2026-02-15 21:21:24,LG6400,35917.59,22241.20,9284.04,4392.35,1,1,-0.54,0.36,237.57,236.78,239.20,236.75,85.44,106.82,86.62,62.90,51.02,1239056.62,0,15,105:53:06,0,0,0,0,0,0
13,AUDIO,2026-02-15 21:21:26,LG6400,35788.95,22112.72,9283.22,4393.01,1,1,-0.54,0.36,237.59,236.80,239.20,236.76,85.44,106.82,86.60,62.90,51.02,1239066.62,0,15,105:53:08,0,0,0,0,0,0
13,AUDIO,2026-02-15 21:21:28,LG6400,36298.20,22463.19,9397.31,4437.70,1,1,-0.54,0.36,239.08,238.46,240.54,238.26,86.82,108.80,88.15,63.53,51.04,1239086.38,0,15,105:53:10,0,0,0,0,0,0
13,AUDIO,2026-02-15 21:21:30,LG6400,38348.62,23513.69,9771.56,5063.37,1,0.99,-0.52,0.38,238.08,236.84,239.26,238.14,91.55,113.54,92.85,68.25,51.03,1239107.88,0,15,105:53:12,0,0,0,0,0,0
13,AUDIO,2026-02-15 21:21:31,LG6400,39089.99,23918.47,10024.20,5147.32,1,0.99,-0.53,0.38,238.05,236.83,239.25,238.07,92.42,114.42,94.05,68.79,51.03,1239118.75,0,15,105:53:13,0,0,0,0,0,0
13,AUDIO,2026-02-15 21:21:33,LG6400,34323.53,21098.33,8989.26,4235.94,1,1,-0.55,0.35,237.56,236.78,239.21,236.70,81.86,102.12,82.19,61.28,51.02,1239139.12,0,15,105:53:15,0,0,0,0,0,0
13,AUDIO,2026-02-15 21:21:35,LG6400,38489.95,23899.85,9646.91,4943.19,1,0.99,-0.54,0.38,237.17,236.73,238.07,236.70,90.51,114.51,89.70,67.33,51.02,1239161.38,0,15,105:53:17,0,0,0,0,0,0
13,AUDIO,2026-02-15 21:21:36,LG6400,37270.70,22681.33,9646.64,4942.74,1,1,-0.54,0.38,237.18,236.73,238.11,236.71,88.70,109.07,89.72,67.33,51.02,1239171.75,0,15,105:53:18,0,0,0,0,0,0
13,AUDIO,2026-02-15 21:21:38,LG6400,34518.25,21034.78,9088.69,4394.78,1,0.99,-0.54,0.37,237.71,236.77,239.61,236.76,83.24,102.48,84.51,62.73,51.02,1239191.62,0,15,105:53:20,0,0,0,0,0,0
13,AUDIO,2026-02-15 21:21:40,LG6400,35978.04,21991.51,9401.20,4585.33,1,1,-0.54,0.37,238.13,236.86,239.60,237.91,86.23,106.50,87.85,64.33,51.03,1239212.62,0,15,105:53:22,0,0,0,0,0,0
13,AUDIO,2026-02-15 21:21:42,LG6400,39537.01,24347.37,9997.51,5192.13,-1,1,-0.53,0.40,237.60,236.88,239.53,236.39,93.09,116.16,93.74,69.37,51.02,1239234,0,15,105:53:24,0,0,0,0,0,0
13,AUDIO,2026-02-15 21:21:44,LG6400,38924.25,24104.62,9880.51,4939.12,1,1,-0.53,0.38,237.54,236.82,239.43,236.36,91.42,114.67,92.25,67.33,51.01,1239255.62,0,15,105:53:26,0,0,0,0,0,0
13,AUDIO,2026-02-15 21:21:45,LG6400,38712.18,23868.16,9879.64,4964.39,1,1,-0.53,0.38,237.51,236.79,239.39,236.36,91.10,113.75,92.22,67.33,51.01,1239266.25,0,15,105:53:27,0,0,0,0,0,0
13,AUDIO,2026-02-15 21:21:47,LG6400,35458.04,22093.59,9240.39,4124.06,1,0.99,-0.55,0.35,237.52,236.79,239.35,236.43,83.28,104.77,84.31,60.77,51.02,1239286.88,0,15,105:53:29,0,0,0,0,0,0
13,AUDIO,2026-02-15 21:21:49,LG6400,37254.59,22850.81,9706,4697.78,1,1,-0.53,0.37,237.60,236.87,239.37,236.56,89.25,110.36,91.96,65.42,51.03,1239307.38,0,15,105:53:31,0,0,0,0,0,0
13,AUDIO,2026-02-15 21:21:50,LG6400,38803.92,23835.89,9860.83,5107.20,1,1,-0.52,0.38,238.05,236.92,239.42,237.81,92.40,114.91,93.54,68.77,51.03,1239318.12,0,15,105:53:32,0,0,0,0,0,0
13,AUDIO,2026-02-15 21:21:52,LG6400,39413.88,24493.01,9876.82,5044.05,1,1,-0.52,0.38,237.49,236.88,239.42,236.17,92.72,117.15,92.74,68.28,51.03,1239341.38,0,15,105:53:34,0,0,0,0,0,0
13,AUDIO,2026-02-15 21:21:54,LG6400,37287.07,22652.09,9653.27,4981.71,1,1,-0.55,0.38,237.48,236.83,239.37,236.25,88.49,108.85,89.50,67.14,51.02,1239361.75,0,15,105:53:36,0,0,0,0,0,0
13,AUDIO,2026-02-15 21:21:55,LG6400,34208.89,21070.02,8973.77,4165.10,1,0.99,-0.55,0.35,237.49,236.83,239.33,236.30,81.18,100.89,81.82,60.82,51.03,1239371.25,0,15,105:53:37,0,0,0,0,0,0
13,AUDIO,2026-02-15 21:21:57,LG6400,35861.62,22190.69,9313.04,4357.90,1,0.99,-0.54,0.36,237.42,236.71,239.25,236.32,85.66,107.38,86.98,62.62,51.02,1239392.75,0,15,105:53:39,0,0,0,0,0,0
13,AUDIO,2026-02-15 21:21:59,LG6400,36353.38,22491.60,9261.81,4599.96,1,0.99,-0.54,0.37,237.45,236.73,239.24,236.40,86.82,109.14,86.80,64.52,51.03,1239412.62,0,15,105:53:41,0,0,0,0,0,0
13,AUDIO,2026-02-15 21:22:00,LG6400,37693.50,23536.17,9532.12,4625.22,1,1,-0.54,0.37,237.50,236.77,239.25,236.49,89.19,113.50,89.14,64.94,51.03,1239432.88,0,15,105:53:42,0,0,0,0,0,0
13,AUDIO,2026-02-15 21:22:02,LG6400,36534.17,22450.26,9459.48,4624.43,1,0.99,-0.54,0.37,237.50,236.78,239.22,236.51,86.46,107.76,86.70,64.93,51.03,1239442.88,0,15,105:53:44,0,0,0,0,0,0
13,AUDIO,2026-02-15 21:22:04,LG6400,37493.19,23072.85,9533.10,4887.24,1,0.99,-0.55,0.37,237.49,236.77,239.17,236.53,87.60,109.78,86.44,66.58,51.02,1239463.50,0,15,105:53:46,0,0,0,0,0,0
13,AUDIO,2026-02-15 21:22:05,LG6400,38323.59,23611.75,9842.79,4869.05,1,1,-0.53,0.37,237.46,236.74,239.13,236.52,90.36,112.68,91.61,66.81,51.01,1239485.88,0,15,105:53:47,0,0,0,0,0,0
13,AUDIO,2026-02-15 21:22:07,LG6400,35554.86,21874.15,9332.57,4348.14,1,0.99,-0.54,0.36,237.47,236.75,239.11,236.55,84.05,104.28,85.44,62.43,51.02,1239495.62,0,15,105:53:49,0,0,0,0,0,0
13,AUDIO,2026-02-15 21:22:09,LG6400,35102.84,21462.22,9257.16,4383.46,1,0.99,-0.54,0.36,237.49,236.76,239.11,236.61,83.90,103.57,85.53,62.60,51.02,1239515.88,0,15,105:53:51,0,0,0,0,0,0
13,AUDIO,2026-02-15 21:22:10,LG6400,36397.44,22318.70,9446.58,4632.16,1,1,-0.54,0.37,237.56,236.82,239.15,236.70,86.57,107.32,87.92,64.49,51.02,1239536.25,0,15,105:53:53,0,0,0,0,0,0
13,AUDIO,2026-02-15 21:22:12,LG6400,32624.65,20398.89,8536.88,3688.88,1,0.99,-0.56,0.34,238.11,236.89,239.19,238.25,78.03,98.93,77.95,57.22,51.04,1239545.38,0,15,105:53:54,0,0,0,0,0,0
13,AUDIO,2026-02-15 21:22:14,LG6400,36386.18,22427.69,9340.30,4618.19,1,0.99,-0.54,0.37,238.12,236.94,239.25,238.16,86.90,108.56,87.39,64.76,51.04,1239565.38,0,15,105:53:56,0,0,0,0,0,0
13,AUDIO,2026-02-15 21:22:16,LG6400,37496.02,23012.27,9650.66,4833.08,1,0.99,-0.53,0.37,238.07,236.93,239.25,238.04,88.88,110.64,89.63,66.36,51.03,1239585.62,0,15,105:53:58,0,0,0,0,0,0
13,AUDIO,2026-02-15 21:22:17,LG6400,37382.42,23013.27,9589.54,4779.61,1,0.99,-0.53,0.37,238.05,236.92,239.25,237.99,89.01,111.44,89.65,65.93,51.03,1239596,0,15,105:53:59,0,0,0,0,0,0
13,AUDIO,2026-02-15 21:22:19,LG6400,36491.11,22433.34,9388.59,4669.18,1,1,-0.55,0.36,237.58,236.84,239.16,236.75,85.68,106.90,85.36,64.79,51.02,1239616.62,0,15,105:54:01,0,0,0,0,0,0
13,AUDIO,2026-02-15 21:22:21,LG6400,38231.12,23649.85,9780.40,4800.87,1,1,-0.54,0.37,237.49,236.74,239.04,236.70,89.72,112.36,90.61,66.20,51.01,1239638.50,0,15,105:54:03,0,0,0,0,0,0
13,AUDIO,2026-02-15 21:22:22,LG6400,38231.30,23651.85,9778.34,4801.11,1,1,-0.54,0.37,237.49,236.73,239.04,236.71,89.73,112.38,90.60,66.21,51.01,1239649.12,0,15,105:54:04,0,0,0,0,0,0
13,AUDIO,2026-02-15 21:22:24,LG6400,34729.45,21222.49,9161.23,4345.72,1,0.99,-0.54,0.37,237.53,236.77,239.07,236.77,82.93,102.32,84.22,62.26,51.02,1239668.88,0,15,105:54:06,0,0,0,0,0,0
13,AUDIO,2026-02-15 21:22:26,LG6400,31690.92,19449.08,8519.94,3721.90,1,0.99,-0.56,0.33,237.59,236.82,239.11,236.85,76.19,94.35,76.99,57.23,51.03,1239687.38,0,15,105:54:08,0,0,0,0,0,0
13,AUDIO,2026-02-15 21:22:27,LG6400,35516.57,21698.42,9349.86,4468.29,1,1,-0.53,0.37,237.64,236.87,239.15,236.91,85.93,106.06,88.31,63.43,51.04,1239707,0,15,105:54:09,0,0,0,0,0,0
13,AUDIO,2026-02-15 21:22:29,LG6400,35991.42,22326.25,9289.71,4375.47,1,1,-0.54,0.36,237.70,236.92,239.20,236.96,86.15,108.14,87.33,62.98,51.04,1239717.12,0,15,105:54:11,0,0,0,0,0,0
13,AUDIO,2026-02-15 21:22:31,LG6400,35394.33,21858.59,9211.47,4324.28,1,0.99,-0.54,0.36,237.70,236.94,239.22,236.96,83.52,104.64,83.89,62.04,51.04,1239737.88,0,15,105:54:13,0,0,0,0,0,0
13,AUDIO,2026-02-15 21:22:32,LG6400,33856.04,20674.74,8999.50,4181.81,1,0.99,-0.56,0.35,237.74,236.97,239.24,237.01,80.10,98.94,80.58,60.76,51.04,1239757.25,0,15,105:54:14,0,0,0,0,0,0
13,AUDIO,2026-02-15 21:22:34,LG6400,34608.52,21309.14,9072.32,4227.06,1,0.99,-0.56,0.35,237.75,236.98,239.24,237.03,81.63,102.10,81.49,61.31,51.04,1239766.88,0,15,105:54:16,0,0,0,0,0,0
13,AUDIO,2026-02-15 21:22:36,LG6400,33712.75,20849.93,8825.90,4036.92,1,0.99,-0.56,0.34,237.71,236.93,239.19,237.03,79.13,99.50,78.29,59.60,51.04,1239786.25,0,15,105:54:18,0,0,0,0,0,0
13,AUDIO,2026-02-15 21:22:38,LG6400,34601.77,21357.22,9083.55,4161,1,0.99,-0.55,0.35,237.68,236.91,239.12,237.02,81.87,102.74,82.11,60.75,51.03,1239805.75,0,15,105:54:20,0,0,0,0,0,0
13,AUDIO,2026-02-15 21:22:39,LG6400,36875,22659.48,9578.48,4637.04,1,0.99,-0.55,0.36,237.65,236.89,239.07,236.98,86.02,107.07,86.32,64.67,51.03,1239816,0,15,105:54:21,0,0,0,0,0,0
13,AUDIO,2026-02-15 21:22:41,LG6400,33177.57,20343.95,8826.29,4007.33,1,0.99,-0.57,0.34,237.63,236.88,239.05,236.97,77.72,96.71,77.11,59.35,51.03,1239834.50,0,15,105:54:23,0,0,0,0,0,0
13,AUDIO,2026-02-15 21:22:43,LG6400,33806.49,20792.66,8924.50,4089.33,1,0.99,-0.55,0.35,237.66,236.92,239.06,237.01,80.46,100.13,80.89,60.35,51.04,1239853.62,0,15,105:54:25,0,0,0,0,0,0
13,AUDIO,2026-02-15 21:22:44,LG6400,35207.91,21647.90,9187.31,4372.69,1,1,-0.55,0.36,237.70,236.95,239.09,237.05,83.46,104.15,83.72,62.51,51.04,1239863.62,0,15,105:54:26,0,0,0,0,0,0
13,AUDIO,2026-02-15 21:22:46,LG6400,33803.75,20540.63,8853.39,4409.73,1,0.99,-0.55,0.37,237.76,237.03,239.13,237.13,81.45,100.12,81.49,62.74,51.05,1239881.88,0,15,105:54:28,0,0,0,0,0,0
13,AUDIO,2026-02-15 21:22:48,LG6400,37500.48,23302.41,9538.49,4659.58,1,0.99,-0.54,0.37,237.77,237.02,239.14,237.15,88.19,111.55,88.18,64.83,51.05,1239901.75,0,15,105:54:30,0,0,0,0,0,0
13,AUDIO,2026-02-15 21:22:49,LG6400,33141.88,20547.32,8696.73,3897.83,1,0.99,-0.55,0.35,237.77,237.02,239.14,237.16,80.17,100.95,80.75,58.80,51.06,1239911,0,15,105:54:31,0,0,0,0,0,0
13,AUDIO,2026-02-15 21:22:51,LG6400,33631.62,20815.09,8769.71,4046.83,1,0.99,-0.55,0.35,237.73,236.99,239.09,237.12,80.62,100.94,80.82,60.10,51.05,1239930.88,0,15,105:54:33,0,0,0,0,0,0
13,AUDIO,2026-02-15 21:22:53,LG6400,34785.10,21439.42,9057.99,4287.69,1,0.99,-0.55,0.36,237.67,236.95,239.02,237.05,83.04,103.62,83.50,61.99,51.03,1239951.62,0,15,105:54:35,0,0,0,0,0,0
13,AUDIO,2026-02-15 21:22:54,LG6400,33331.79,20441.57,8872.92,4017.29,1,0.99,-0.55,0.35,237.67,236.94,239.02,237.03,80.37,99.65,81.78,59.69,51.04,1239971.25,0,15,105:54:36,0,0,0,0,0,0
13,AUDIO,2026-02-15 21:22:56,LG6400,34152.14,20846.70,8986.49,4318.95,1,0.99,-0.55,0.36,237.67,236.95,239.02,237.04,82.04,101.41,82.54,62.16,51.04,1239980.62,0,15,105:54:38,0,0,0,0,0,0
13,AUDIO,2026-02-15 21:22:58,LG6400,30288.63,18455.35,8242.15,3591.12,1,0.99,-0.56,0.33,237.73,237.03,239.05,237.12,73.77,90.81,74.42,56.08,51.05,1239998,0,15,105:54:40,0,0,0,0,0,0
13,AUDIO,2026-02-15 21:22:59,LG6400,30852.72,18743.47,8328.71,3780.54,1,0.99,-0.56,0.34,237.77,237.07,239.07,237.18,74.86,92.16,74.98,57.46,51.05,1240015.75,0,15,105:54:41,0,0,0,0,0,0
13,AUDIO,2026-02-15 21:23:01,LG6400,35551.50,21670.88,9270.43,4610.20,1,0.99,-0.55,0.37,237.76,237.07,239.05,237.17,84.55,104.10,85.21,64.33,51.05,1240025.75,0,15,105:54:43,0,0,0,0,0,0
13,AUDIO,2026-02-15 21:23:03,LG6400,38785.48,23913.03,9813.35,5059.11,1,0.99,-0.54,0.37,237.70,237.03,238.98,237.10,90.72,113.42,90.36,68.39,51.04,1240045.75,0,15,105:54:45,0,0,0,0,0,0
13,AUDIO,2026-02-15 21:23:04,LG6400,36363.16,22130.59,9423.76,4808.81,1,0.99,-0.55,0.37,237.68,237,238.97,237.05,85.87,105.45,86.31,65.86,51.04,1240065.38,0,15,105:54:47,0,0,0,0,0,0
13,AUDIO,2026-02-15 21:23:06,LG6400,33185.60,20342.11,8801.23,4042.25,1,0.99,-0.55,0.35,237.68,237.01,238.98,237.07,79.71,98.74,80.60,59.79,51.04,1240074.50,0,15,105:54:48,0,0,0,0,0,0
13,AUDIO,2026-02-15 21:23:08,LG6400,34178.37,21069.65,8949.99,4158.72,1,1,-0.55,0.36,237.71,237.02,239.01,237.09,82.16,102.77,82.62,61.09,51.05,1240093.75,0,15,105:54:50,0,0,0,0,0,0
13,AUDIO,2026-02-15 21:23:10,LG6400,36656.83,22609.63,9317.80,4729.40,1,1,-0.54,0.37,237.79,237.09,239.11,237.18,87.36,109.56,86.69,65.82,51.05,1240113.25,0,15,105:54:52,0,0,0,0,0,0
13,AUDIO,2026-02-15 21:23:11,LG6400,36670.14,22341.37,9455.94,4872.83,1,0.99,-0.53,0.38,237.84,237.14,239.16,237.23,88.29,108.90,89.12,66.86,51.05,1240123.25,0,15,105:54:53,0,0,0,0,0,0
13,AUDIO,2026-02-15 21:23:13,LG6400,40383.12,24778.55,10290.28,5314.29,1,1,-0.53,0.38,237.81,237.08,239.14,237.22,95.06,118.20,96.78,70.21,51.05,1240144.50,0,15,105:54:55,0,0,0,0,0,0
13,AUDIO,2026-02-15 21:23:15,LG6400,38498.69,23641.62,9881.80,4975.27,1,1,-0.53,0.37,237.73,237,239.05,237.15,90.34,112.08,91.32,67.62,51.04,1240165.88,0,15,105:54:57,0,0,0,0,0,0
13,AUDIO,2026-02-15 21:23:17,LG6400,38795.38,24013.52,9805.39,4976.47,1,1,-0.54,0.37,237.66,236.93,238.98,237.06,91.34,114.68,91.05,68.27,51.03,1240187.25,0,15,105:54:59,0,0,0,0,0,0
13,AUDIO,2026-02-15 21:23:19,LG6400,38604.68,24038.09,9789.08,4777.51,1,1,-0.54,0.37,237.59,236.88,238.93,236.98,90.66,114.70,90.72,66.56,51.03,1240209.12,0,15,105:55:01,0,0,0,0,0,0
13,AUDIO,2026-02-15 21:23:20,LG6400,39965.01,24774.19,10160.02,5030.81,1,1,-0.53,0.37,237.58,236.86,238.92,236.94,93.68,117.74,94.75,68.54,51.02,1240220.25,0,15,105:55:02,0,0,0,0,0,0
13,AUDIO,2026-02-15 21:23:22,LG6400,36096.80,22082.51,9313.71,4700.58,1,1,-0.54,0.37,237.68,236.95,239.04,237.06,86.64,107.31,87.23,65.36,51.04,1240239.88,0,15,105:55:04,0,0,0,0,0,0
13,AUDIO,2026-02-15 21:23:24,LG6400,39012.94,23934.53,9840.08,5238.33,1,1,-0.52,0.39,237.74,237,239.11,237.10,92.67,115.20,92.99,69.81,51.04,1240261.12,0,15,105:55:06,0,0,0,0,0,0
13,AUDIO,2026-02-15 21:23:25,LG6400,39594.05,24178.13,10011.37,5404.55,-1,1,-0.52,0.41,237.73,237,239.11,237.07,93.95,116.20,94.62,71.03,51.03,1240272.12,0,15,105:55:07,0,0,0,0,0,0
13,AUDIO,2026-02-15 21:23:27,LG6400,37250.84,22897.44,9504.76,4848.64,1,0.99,-0.53,0.38,237.69,236.97,239.09,237.01,87.48,108.80,87.15,66.48,51.03,1240292.88,0,15,105:55:09,0,0,0,0,0,0
13,AUDIO,2026-02-15 21:23:29,LG6400,38194.36,23194.36,9854.28,5145.73,1,1,-0.53,0.39,237.64,236.90,239.07,236.93,90.76,111.11,92.19,68.98,51.02,1240314,0,15,105:55:11,0,0,0,0,0,0
13,AUDIO,2026-02-15 21:23:30,LG6400,29665.71,18107.05,8127.44,3431.22,1,0.99,-0.57,0.33,237.68,236.98,239.08,236.99,72.25,89.19,72.67,54.89,51.04,1240331,0,15,105:55:12,0,0,0,0,0,0
13,AUDIO,2026-02-15 21:23:33,LG6400,35197.83,21465.55,9232.97,4499.30,1,0.99,-0.55,0.36,237.68,236.97,239.05,237,83.51,102.95,84.07,63.52,51.03,1240340.75,0,15,105:55:15,0,0,0,0,0,0
13,AUDIO,2026-02-15 21:23:34,LG6400,36082.35,22310.31,9294.98,4477.06,1,1,-0.54,0.37,237.69,236.96,239.07,237.04,85.66,107.54,85.92,63.53,51.03,1240361.88,0,15,105:55:16,0,0,0,0,0,0
13,AUDIO,2026-02-15 21:23:36,LG6400,42216.26,25916.97,10619.99,5679.30,1,0.99,-0.53,0.40,237.65,236.90,239.03,237.02,97.47,121.55,97.84,73.03,51.02,1240384.12,0,15,105:55:18,0,0,0,0,0,0
13,AUDIO,2026-02-15 21:23:38,LG6400,44328.49,27587.69,10917.26,5823.54,1,1,-0.52,0.40,237.11,235.46,238.94,236.93,102.14,129.40,102.46,74.57,51.01,1240407.62,0,15,105:55:20,0,0,0,0,0,0
13,AUDIO,2026-02-15 21:23:39,LG6400,37225.96,22840.89,9690.50,4694.56,1,0.99,-0.54,0.37,237.52,236.71,238.93,236.92,87.56,108.76,88.87,65.05,51.01,1240418,0,15,105:55:21,0,0,0,0,0,0
13,AUDIO,2026-02-15 21:23:41,LG6400,37439.11,23101.55,9689.24,4648.32,1,0.99,-0.54,0.36,237.45,236.62,238.88,236.84,87.37,109.56,87.65,64.90,51,1240441.12,0,15,105:55:23,0,0,0,0,0,0
13,AUDIO,2026-02-15 21:23:43,LG6400,37033.33,22846.23,9511.78,4675.32,1,1,-0.54,0.37,237.44,236.62,238.88,236.82,87.58,109.51,88.19,65.04,51,1240462,0,15,105:55:25,0,0,0,0,0,0
13,AUDIO,2026-02-15 21:23:44,LG6400,36714.61,22470.31,9594.64,4649.66,1,0.99,-0.54,0.37,239.46,238.46,241.01,238.89,86.24,107.01,87.29,64.41,51.01,1240481.75,0,15,105:55:26,0,0,0,0,0,0
13,AUDIO,2026-02-15 21:23:47,LG6400,31720.09,19398.26,8494.10,3827.74,1,0.99,-0.55,0.35,237.90,237.16,238.97,237.56,76.66,94.63,77.24,58.12,51.02,1240490.50,0,15,105:55:29,0,0,0,0,0,0
13,AUDIO,2026-02-15 21:23:48,LG6400,33081.65,20233.13,8794.74,4053.77,1,0.99,-0.55,0.35,237.91,237.18,239.02,237.54,79.49,98.57,80.09,59.81,51.01,1240511.88,0,15,105:55:30,0,0,0,0,0,0
13,AUDIO,2026-02-15 21:23:50,LG6400,42265.36,26440.55,10567.82,5256.98,1,0.99,-0.53,0.38,235.96,235.38,237.33,235.16,97.57,124.25,97.80,70.68,50.98,1240536,0,15,105:55:32,0,0,0,0,0,0
13,AUDIO,2026-02-15 21:23:52,LG6400,35579.79,21752.66,9291.76,4535.37,1,1,-0.55,0.37,237.27,235.37,239.20,237.25,83.52,103.82,83.05,63.70,51.12,1240557.50,0,15,105:55:34,0,0,0,0,0,0
13,AUDIO,2026-02-15 21:23:53,LG6400,41859.68,25839.47,10484.59,5535.62,1,1,-0.53,0.39,237.79,236.91,239.21,237.26,96.52,121.04,96.60,71.90,51.11,1240569,0,15,105:55:35,0,0,0,0,0,0
13,AUDIO,2026-02-15 21:23:55,LG6400,36094.50,22459.27,9388.96,4246.27,1,0.99,-0.56,0.35,237.76,236.89,239.15,237.23,83.43,105.69,82.86,61.73,51.10,1240589.75,0,15,105:55:37,0,0,0,0,0,0
13,AUDIO,2026-02-15 21:23:57,LG6400,37406.40,23066.74,9709.41,4630.25,1,0.99,-0.54,0.37,237.76,236.90,239.14,237.22,87.75,109.43,89.08,64.74,51.09,1240610.88,0,15,105:55:39,0,0,0,0,0,0
13,AUDIO,2026-02-15 21:23:58,LG6400,40859.59,25420.40,10315.85,5123.34,1,0.99,-0.54,0.37,237.80,236.93,239.20,237.26,93.82,118.82,93.88,68.75,51.09,1240633,0,15,105:55:40,0,0,0,0,0,0
13,AUDIO,2026-02-15 21:24:01,LG6400,34552.70,21337.09,9098.88,4116.73,1,1,-0.54,0.35,238.23,238.12,239.27,237.31,82.76,103.46,84.14,60.68,51.09,1240642.38,0,15,105:55:43,0,0,0,0,0,0
13,AUDIO,2026-02-15 21:24:02,LG6400,43064.90,26390.03,10765.62,5909.25,-1,1,-0.53,0.41,238.96,238.05,241.47,237.36,99.59,124.68,99.52,74.56,50.71,1240664.75,0,15,105:55:44,0,0,0,0,0,0
13,AUDIO,2026-02-15 21:24:04,LG6400,49607.07,31167.48,11835.67,6603.92,-0.99,1,-0.49,0.42,236.52,235.95,238.90,234.70,112.85,144.53,112.78,81.24,50.49,1240688.62,0,15,105:55:46,0,0,0,0,0,0
13,AUDIO,2026-02-15 21:24:06,LG6400,43709.97,26838,10907.77,5964.19,-1,1,-0.52,0.39,237.56,236.04,238.90,237.74,101.32,126.01,102.27,75.70,51.07,1240710.88,0,15,105:55:48,0,0,0,0,0,0
13,AUDIO,2026-02-15 21:24:07,LG6400,34501.95,21141.29,9001.14,4359.52,1,0.99,-0.55,0.36,237.58,236.10,238.92,237.71,82.94,103.06,83.41,62.34,51.08,1240720.50,0,15,105:55:49,0,0,0,0,0,0
13,AUDIO,2026-02-15 21:24:09,LG6400,35142.39,21740.28,9216.99,4185.12,1,0.99,-0.54,0.36,237.30,236.15,238.86,236.89,84.04,105.36,85.41,61.36,51.06,1240742.88,0,15,105:55:51,0,0,0,0,0,0
13,AUDIO,2026-02-15 21:24:11,LG6400,41483.49,25550.78,10318.17,5614.55,-1,1,-0.52,0.42,237.32,236.22,238.87,236.86,96.88,121.34,96.43,72.88,51.06,1240763.62,0,15,105:55:53,0,0,0,0,0,0
13,AUDIO,2026-02-15 21:24:12,LG6400,39340.24,24116.45,10253.62,4970.18,-1,1,-0.52,0.38,237.34,236.31,238.89,236.83,93.23,114.88,96.87,67.93,51.05,1240786.25,0,15,105:55:54,0,0,0,0,0,0
13,AUDIO,2026-02-15 21:24:15,LG6400,40125.78,25096.87,10133.14,4895.78,1,1,-0.53,0.37,237.36,236.33,238.92,236.84,92.96,118.75,93.09,67.04,51.05,1240797.50,0,15,105:55:57,0,0,0,0,0,0
13,AUDIO,2026-02-15 21:24:16,LG6400,39637.95,24415.05,10131.47,5091.43,1,1,-0.53,0.38,239.98,239.18,241.50,239.27,92.22,115.32,93.11,68.24,51.05,1240819.62,0,15,105:55:58,0,0,0,0,0,0
13,AUDIO,2026-02-15 21:24:18,LG6400,38326.26,23976.24,9771.31,4578.71,1,1,-0.54,0.36,237.82,236.92,239.52,237.01,88.90,113.17,89.08,64.44,51.05,1240841.12,0,15,105:56:00,0,0,0,0,0,0
13,AUDIO,2026-02-15 21:24:20,LG6400,37204.59,22922.43,9588.57,4693.58,1,0.99,-0.54,0.37,237.82,236.94,239.48,237.03,87.49,109.75,87.58,65.13,51.05,1240860.88,0,15,105:56:02,0,0,0,0,0,0
13,AUDIO,2026-02-15 21:24:21,LG6400,37305.55,23207.66,9470.81,4627.08,1,1,-0.55,0.37,237.88,237.01,239.53,237.10,87.23,110.34,86.23,65.12,51.06,1240871.25,0,15,105:56:03,0,0,0,0,0,0
13,AUDIO,2026-02-15 21:24:23,LG6400,41086.53,25309.89,10417.77,5358.86,1,0.99,-0.52,0.39,240.69,240.44,241.70,239.91,96.74,120.18,98.86,71.19,50.79,1240893.25,0,15,105:56:05,0,0,0,0,0,0
13,AUDIO,2026-02-15 21:24:25,LG6400,39286.84,24278.79,9975.51,5032.53,-1,1,-0.53,0.38,238.38,236.35,240.95,237.84,92.35,116.24,92.80,68.01,51.14,1240915,0,15,105:56:07,0,0,0,0,0,0
13,AUDIO,2026-02-15 21:24:26,LG6400,40941.26,25435.75,10315.22,5190.29,-1,1,-0.52,0.38,238.57,237.61,240.30,237.81,95.52,120.37,96.66,69.51,51.13,1240936.88,0,15,105:56:08,0,0,0,0,0,0
13,AUDIO,2026-02-15 21:24:29,LG6400,38703.93,23873.46,9894.13,4936.34,1,1,-0.54,0.37,238.55,237.58,240.26,237.80,90.73,113.80,91.10,67.30,51.13,1240947.50,0,15,105:56:11,0,0,0,0,0,0
13,AUDIO,2026-02-15 21:24:30,LG6400,41219.76,25372.91,10460.96,5385.89,-1,1,-0.52,0.41,238.18,237.28,239.49,237.76,96.85,120.45,98.90,71.19,51.11,1240970.75,0,15,105:56:12,0,0,0,0,0,0
13,AUDIO,2026-02-15 21:24:32,LG6400,34976.73,21377.81,9265.94,4332.98,1,0.99,-0.55,0.36,238.69,237.98,240.05,238.05,82.99,102.49,84.28,62.18,51.11,1240991.25,0,15,105:56:14,0,0,0,0,0,0
13,AUDIO,2026-02-15 21:24:34,LG6400,42925.85,26372.92,10911.68,5641.25,-1,1,-0.52,0.39,239.36,238.50,241.59,238,100.05,124.67,102.62,72.85,51.09,1241014.38,0,15,105:56:16,0,0,0,0,0,0
13,AUDIO,2026-02-15 21:24:35,LG6400,37050.90,22735.20,9629.03,4686.67,1,0.99,-0.53,0.37,238.19,237.10,239.51,237.95,88.22,109.22,90.22,65.23,51.09,1241024.75,0,15,105:56:17,0,0,0,0,0,0
13,AUDIO,2026-02-15 21:24:37,LG6400,34077.16,21180.02,8908.46,3988.69,1,0.99,-0.55,0.35,237.96,237.18,239.46,237.23,81.11,102.18,81.60,59.56,51.09,1241045.50,0,15,105:56:19,0,0,0,0,0,0
13,AUDIO,2026-02-15 21:24:39,LG6400,35889.94,22253.46,9262.54,4373.95,1,1,-0.55,0.36,238.15,237.78,239.45,237.22,84.91,106.74,85.23,62.74,51.08,1241066.62,0,15,105:56:21,0,0,0,0,0,0
13,AUDIO,2026-02-15 21:24:40,LG6400,37794.79,23632.02,9676.41,4486.37,1,1,-0.54,0.36,239.78,238.84,241.47,239.02,88.23,112.03,88.96,63.72,51.07,1241088.88,0,15,105:56:22,0,0,0,0,0,0
13,AUDIO,2026-02-15 21:24:42,LG6400,41953.01,26036.20,10505.86,5410.96,1,0.99,-0.53,0.38,236.54,236.21,237.88,235.52,97.53,122.63,97.78,72.18,51.06,1241100.50,0,15,105:56:24,0,0,0,0,0,0
13,AUDIO,2026-02-15 21:24:44,LG6400,44083.57,27021.05,11048.70,6013.82,1,1,-0.53,0.40,237.17,235.94,238.81,236.76,103.13,128.38,104.67,76.34,51.06,1241122.38,0,15,105:56:26,0,0,0,0,0,0
13,AUDIO,2026-02-15 21:24:46,LG6400,39491.57,24180.88,10184.41,5126.27,1,1,-0.55,0.38,236.89,235.86,238.80,236.01,92.19,114.56,93.43,68.57,51.05,1241144,0,15,105:56:27,0,0,0,0,0,0
13,AUDIO,2026-02-15 21:24:47,LG6400,45106.56,28232,10910,5964.55,-1,1,-0.52,0.40,236.90,235.87,238.82,236.01,102.66,131.63,100.77,75.59,51.04,1241156.50,0,15,105:56:29,0,0,0,0,0,0
13,AUDIO,2026-02-15 21:24:49,LG6400,41350.17,25553.38,10526.79,5270,-1,1,-0.53,0.38,236.93,235.94,238.82,236.03,95.97,119.89,97.71,70.31,51.04,1241180.88,0,15,105:56:31,0,0,0,0,0,0
13,AUDIO,2026-02-15 21:24:51,LG6400,49724.59,31221.89,11797.37,6705.33,-1,1,-0.51,0.40,235.80,234.32,238.33,234.76,111.28,143.31,108.98,81.56,50.78,1241208.50,0,15,105:56:33,0,0,0,0,0,0
13,AUDIO,2026-02-15 21:24:52,LG6400,46466.41,28945.66,11350.92,6169.84,-1,1,-0.51,0.40,236.85,235.97,238.35,236.24,105.74,134.27,105.79,77.18,50.79,1241221.38,0,15,105:56:34,0,0,0,0,0,0
13,AUDIO,2026-02-15 21:24:54,LG6400,47652.74,29876.71,11480.47,6295.56,-1,1,-0.51,0.40,235.69,234.45,238.28,234.35,108.54,138.81,108.50,78.32,50.79,1241247.88,0,15,105:56:36,0,0,0,0,0,0
13,AUDIO,2026-02-15 21:24:56,LG6400,48311.79,29932.17,11709.78,6669.84,-1,1,-0.51,0.41,235.72,234.50,238.22,234.43,111.20,139.91,112.19,81.51,50.78,1241274.88,0,15,105:56:38,0,0,0,0,0,0
13,AUDIO,2026-02-15 21:24:57,LG6400,45422.03,28388.04,11069.83,5964.16,-1,1,-0.50,0.40,236.96,236.33,238.26,236.28,104.88,133.03,105.51,76.10,50.79,1241287.62,0,15,105:56:39,0,0,0,0,0,0
13,AUDIO,2026-02-15 21:24:59,LG6400,45746.27,28513.01,11098.22,6135.04,-1,1,-0.51,0.40,236.96,236.30,238.32,236.26,106.10,135.11,105.81,77.36,50.80,1241312.25,0,15,105:56:41,0,0,0,0,0,0
13,AUDIO,2026-02-15 21:25:01,LG6400,41605.77,25871.84,10408.58,5325.35,1,1,-0.52,0.38,237.45,236.40,238.44,237.52,97.67,123.02,99.07,70.93,50.83,1241335.12,0,15,105:56:43,0,0,0,0,0,0
13,AUDIO,2026-02-15 21:25:02,LG6400,42061.96,25868.74,10569.54,5623.68,1,1,-0.52,0.38,238.43,237.62,240.11,237.56,98.77,123.02,100.23,73.04,50.84,1241347,0,15,105:56:44,0,0,0,0,0,0
13,AUDIO,2026-02-15 21:25:04,LG6400,43442.43,26913.76,10776.17,5752.51,-1,1,-0.51,0.39,238.35,237.52,240.04,237.50,101.85,128.47,103.14,73.95,50.85,1241370.75,0,15,105:56:46,0,0,0,0,0,0
13,AUDIO,2026-02-15 21:25:06,LG6400,38475.21,23847.07,9832.30,4795.84,1,0.99,-0.54,0.36,238.37,237.49,240.06,237.55,90.74,114.36,91.73,66.13,51.15,1241392.25,0,15,105:56:48,0,0,0,0,0,0
13,AUDIO,2026-02-15 21:25:07,LG6400,42813.31,26375.36,10829.88,5608.08,-1,1,-0.51,0.39,238.38,237.51,240.05,237.58,101.06,125.93,104.11,73.14,51.14,1241415.25,0,15,105:56:49,0,0,0,0,0,0
13,AUDIO,2026-02-15 21:25:10,LG6400,42613.74,26509.79,10628.07,5475.88,-1,1,-0.52,0.39,238.38,237.49,240.06,237.58,99.17,125.90,99.84,71.77,51.13,1241427,0,15,105:56:52,0,0,0,0,0,0
13,AUDIO,2026-02-15 21:25:11,LG6400,38164.88,23547.17,9903.98,4713.72,-1,1,-0.53,0.37,238.28,237.37,239.95,237.51,89.95,112.07,92.22,65.56,51.12,1241449,0,15,105:56:53,0,0,0,0,0,0
13,AUDIO,2026-02-15 21:25:13,LG6400,48676,30666.37,11686.25,6323.37,-1,1,-0.51,0.40,236.50,235.73,238.75,235.03,110.24,142.68,109.24,78.80,51.10,1241474.12,0,15,105:56:55,0,0,0,0,0,0
13,AUDIO,2026-02-15 21:25:15,LG6400,47941.45,29606.92,11910.56,6423.97,-1,1,-0.53,0.41,236.94,235.77,238.76,236.29,110.39,138.57,113.25,79.35,51.07,1241500.50,0,15,105:56:57,0,0,0,0,0,0
13,AUDIO,2026-02-15 21:25:16,LG6400,45355.38,27883.58,11389.97,6081.82,-1,1,-0.53,0.41,236.94,235.77,238.78,236.27,106.34,132.59,109.43,76.99,51.06,1241513.12,0,15,105:56:58,0,0,0,0,0,0
13,AUDIO,2026-02-15 21:25:18,LG6400,39607.94,24712.15,9957.67,4938.12,1,1,-0.53,0.38,237.50,237.24,238.88,236.37,92.90,118.12,93.11,67.48,51.05,1241535.62,0,15,105:57:00,0,0,0,0,0,0
13,AUDIO,2026-02-15 21:25:20,LG6400,43891.79,26844.76,11141.44,5905.59,1,1,-0.52,0.38,238.26,236.55,240.61,237.62,102.55,126.92,105.36,75.37,50.81,1241560.12,0,15,105:57:02,0,0,0,0,0,0
13,AUDIO,2026-02-15 21:25:21,LG6400,48796.95,30742.71,11652.11,6402.14,-1,1,-0.51,0.40,235.46,234.29,237.52,234.55,112.06,144.92,111.08,80.20,50.82,1241586,0,15,105:57:03,0,0,0,0,0,0
13,AUDIO,2026-02-15 21:25:24,LG6400,39635.43,24660.85,10143.21,4831.37,-1,1,-0.54,0.37,237.97,237.69,239.63,236.60,92.57,116.34,94.69,66.68,51.11,1241597.12,0,15,105:57:06,0,0,0,0,0,0
13,AUDIO,2026-02-15 21:25:25,LG6400,48018.40,29506.83,11770.71,6740.85,-1,1,-0.51,0.41,237.08,236.30,239.61,235.32,113.49,141.19,116.30,82.97,50.73,1241622.38,0,15,105:57:07,0,0,0,0,0,0
13,AUDIO,2026-02-15 21:25:27,LG6400,45449.60,28223.86,11347.35,5878.39,1,0.99,-0.55,0.39,238.90,237.80,241.28,237.62,104.50,132.44,105.88,75.19,51.12,1241649.25,0,15,105:57:09,0,0,0,0,0,0
13,AUDIO,2026-02-15 21:25:29,LG6400,45183.23,28175.22,11019.10,5988.90,-1,1,-0.51,0.40,236.44,234.95,239.03,235.35,105.35,133.80,105.90,76.37,51.09,1241675.12,0,15,105:57:11,0,0,0,0,0,0
13,AUDIO,2026-02-15 21:25:30,LG6400,48554.20,30393.62,11542.12,6618.46,1,1,-0.52,0.41,236.96,236.51,239.02,235.36,112.10,143.20,111.55,81.54,50.76,1241688.62,0,15,105:57:12,0,0,0,0,0,0
13,AUDIO,2026-02-15 21:25:32,LG6400,42076.55,26066.09,10584.43,5426.04,-1,1,-0.52,0.39,238.07,236.52,240.63,237.08,97.62,122.92,98.85,71.08,51.05,1241712.50,0,15,105:57:14,0,0,0,0,0,0
13,AUDIO,2026-02-15 21:25:34,LG6400,45223.59,28218.59,11076,5929,1,1,-0.52,0.40,237.32,236.47,238.51,236.99,103.21,131.44,102.87,75.32,51.04,1241737.12,0,15,105:57:16,0,0,0,0,0,0
13,AUDIO,2026-02-15 21:25:35,LG6400,20730.90,12468.10,6298.83,1963.96,0.99,0.97,-0.66,0.24,238.32,237.89,238.61,238.46,50.31,61.98,48.57,40.36,51.32,1241750.38,0,15,105:57:17,0,0,0,0,0,0
13,AUDIO,2026-02-15 21:25:37,LG6400,19376.37,11793.94,5751,1831.43,0.98,0.97,-0.65,0.23,238.33,237.90,238.63,238.46,47.22,58.90,43.46,39.29,51.32,1241755.88,0,15,105:57:19,0,0,0,0,0,0
13,AUDIO,2026-02-15 21:25:39,LG6400,19470.62,11655.73,6017.98,1796.91,0.98,0.97,-0.68,0.23,238.34,237.92,238.68,238.44,46.85,58.37,43.19,38.99,51.33,1241766.62,0,15,105:57:21,0,0,0,0,0,0
13,AUDIO,2026-02-15 21:25:41,LG6400,19449.47,11650.44,6018.08,1780.96,0.98,0.97,-0.68,0.23,238.36,237.93,238.72,238.42,46.83,58.34,43.19,38.97,51.33,1241777.50,0,15,105:57:22,0,0,0,0,0,0
13,AUDIO,2026-02-15 21:25:42,LG6400,19374.15,11555.32,6017.85,1800.98,0.98,0.97,-0.68,0.23,238.37,237.94,238.74,238.42,46.70,57.96,43.19,38.96,51.33,1241782.88,0,15,105:57:24,0,0,0,0,0,0
13,AUDIO,2026-02-15 21:25:44,LG6400,19364.83,11555.79,6017.29,1791.75,0.98,0.97,-0.68,0.23,238.38,237.95,238.77,238.41,46.70,57.97,43.18,38.96,51.33,1241793.62,0,15,105:57:26,0,0,0,0,0,0
13,AUDIO,2026-02-15 21:25:46,LG6400,19359.30,11562.83,6016.98,1779.48,0.98,0.97,-0.68,0.23,238.39,237.97,238.81,238.40,46.83,58.35,43.18,38.95,51.33,1241804.38,0,15,105:57:27,0,0,0,0,0,0
13,AUDIO,2026-02-15 21:25:47,LG6400,19356.61,11560.27,6016.38,1779.96,0.98,0.97,-0.68,0.23,238.39,237.97,238.82,238.39,46.72,58.05,43.18,38.94,51.33,1241809.75,0,15,105:57:29,0,0,0,0,0,0
13,AUDIO,2026-02-15 21:25:49,LG6400,19420.54,11561.73,6017.11,1841.70,0.98,0.97,-0.68,0.24,238.40,237.97,238.85,238.39,47.06,58.47,43.45,39.26,51.33,1241820.62,0,15,105:57:31,0,0,0,0,0,0
13,AUDIO,2026-02-15 21:25:51,LG6400,19594.16,11684.13,6068.59,1841.44,0.98,0.97,-0.68,0.23,238.40,237.97,238.86,238.37,47.29,58.83,43.76,39.27,51.33,1241831.38,0,15,105:57:33,0,0,0,0,0,0
13,AUDIO,2026-02-15 21:25:52,LG6400,19649.79,11685.69,6109.61,1854.49,0.98,0.97,-0.68,0.24,238.40,237.97,238.87,238.37,47.37,58.84,43.99,39.28,51.33,1241836.75,0,15,105:57:34,0,0,0,0,0,0
13,AUDIO,2026-02-15 21:25:54,LG6400,19528.79,11683.22,6029.71,1815.86,0.98,0.97,-0.68,0.23,238.41,237.98,238.89,238.36,47.17,58.80,43.53,39.18,51.33,1241847.75,0,15,105:57:36,0,0,0,0,0,0
13,AUDIO,2026-02-15 21:25:56,LG6400,19944.59,11913,6101.13,1930.45,0.98,0.97,-0.68,0.24,238.40,237.97,238.90,238.33,48.03,59.94,44.07,40.07,51.33,1241858.75,0,15,105:57:38,0,0,0,0,0,0
13,AUDIO,2026-02-15 21:25:57,LG6400,20036.43,11987.03,6101.78,1947.62,0.98,0.97,-0.68,0.24,238.40,237.97,238.90,238.34,48.24,60.34,44.31,40.08,51.32,1241864.38,0,15,105:57:39,0,0,0,0,0,0
13,AUDIO,2026-02-15 21:25:59,LG6400,21377.08,12888.10,6249.66,2239.32,0.98,0.97,-0.66,0.27,238.37,237.93,238.88,238.31,51.15,64.71,46.34,42.42,51.31,1241875.88,0,15,105:57:41,0,0,0,0,0,0
13,AUDIO,2026-02-15 21:26:01,LG6400,21155.12,12762.83,6166.90,2225.38,0.98,0.97,-0.64,0.27,238.35,237.91,238.89,238.26,50.99,64.23,46.32,42.41,51.30,1241887.75,0,15,105:57:43,0,0,0,0,0,0
13,AUDIO,2026-02-15 21:26:02,LG6400,21958.50,13256.28,6264.54,2437.69,0.99,0.98,-0.63,0.29,238.34,237.91,238.89,238.22,52.44,66.42,47.31,43.59,51.28,1241899.75,0,15,105:57:44,0,0,0,0,0,0
13,AUDIO,2026-02-15 21:26:05,LG6400,22676.64,13862.08,6309.22,2505.35,0.99,0.98,-0.65,0.29,238.32,237.87,238.88,238.22,54.17,69.68,48.49,44.33,51.28,1241906,0,15,105:57:47,0,0,0,0,0,0
13,AUDIO,2026-02-15 21:26:06,LG6400,22882.76,14201.03,6175.30,2506.43,0.99,0.98,-0.63,0.28,238.30,237.87,238.89,238.15,54.57,71.05,48.32,44.34,51.26,1241918.88,0,15,105:57:48,0,0,0,0,0,0
13,AUDIO,2026-02-15 21:26:08,LG6400,22698.75,13926.21,6376.78,2395.76,0.99,0.98,-0.64,0.27,238.28,237.86,238.86,238.12,54.17,69.79,48.59,44.13,51.25,1241931.12,0,15,105:57:50,0,0,0,0,0,0
13,AUDIO,2026-02-15 21:26:10,LG6400,22821.41,14066.12,6160.83,2594.46,0.99,0.98,-0.63,0.30,238.25,237.82,238.88,238.07,54.40,70.62,48.43,44.14,51.24,1241943.88,0,15,105:57:52,0,0,0,0,0,0
13,AUDIO,2026-02-15 21:26:11,LG6400,21930.55,13477.82,6118.56,2334.17,0.99,0.98,-0.63,0.28,238.24,237.82,238.86,238.06,52.79,67.61,47.58,43.19,51.23,1241950,0,15,105:57:53,0,0,0,0,0,0
13,AUDIO,2026-02-15 21:26:13,LG6400,21583.08,13122.81,6129.43,2330.84,0.99,0.97,-0.63,0.27,238.24,237.80,238.87,238.04,51.97,65.89,46.90,43.13,51.23,1241962.12,0,15,105:57:55,0,0,0,0,0,0
13,AUDIO,2026-02-15 21:26:15,LG6400,21933.36,13421.70,6102.70,2408.96,0.99,0.98,-0.62,0.29,238.22,237.81,238.86,238.01,52.63,67.40,47.07,43.41,51.22,1241974.50,0,15,105:57:57,0,0,0,0,0,0
13,AUDIO,2026-02-15 21:26:17,LG6400,22089.08,13583.49,6155.79,2349.80,0.99,0.98,-0.64,0.28,238.22,237.78,238.86,238.01,52.88,67.98,47.24,43.41,51.21,1241986.75,0,15,105:57:58,0,0,0,0,0,0
13,AUDIO,2026-02-15 21:26:18,LG6400,21659.22,13192.07,6154.74,2312.42,0.99,0.98,-0.64,0.27,238.22,237.79,238.86,238.01,52.02,66.30,46.79,42.98,51.21,1241992.88,0,15,105:58:00,0,0,0,0,0,0
13,AUDIO,2026-02-15 21:26:20,LG6400,21654.16,13100.97,6219.83,2333.36,0.99,0.98,-0.65,0.28,238.22,237.79,238.87,238.01,51.89,65.84,46.78,43.05,51.21,1242004.75,0,15,105:58:02,0,0,0,0,0,0
13,AUDIO,2026-02-15 21:26:22,LG6400,21572.31,13123.54,6156.48,2292.29,0.99,0.98,-0.64,0.27,238.24,237.80,238.88,238.03,51.80,65.81,46.78,42.82,51.21,1242016.88,0,15,105:58:03,0,0,0,0,0,0
13,AUDIO,2026-02-15 21:26:23,LG6400,21249.92,12854.06,6123.52,2272.34,0.98,0.98,-0.65,0.27,238.23,237.79,238.88,238.02,51.25,64.64,46.30,42.81,51.21,1242022.62,0,15,105:58:05,0,0,0,0,0,0
13,AUDIO,2026-02-15 21:26:25,LG6400,21760.12,13320.96,6153.74,2285.42,0.99,0.98,-0.64,0.27,238.22,237.78,238.87,238.02,52.25,66.91,46.94,42.91,51.20,1242034.75,0,15,105:58:07,0,0,0,0,0,0
13,AUDIO,2026-02-15 21:26:27,LG6400,22161.28,13645.31,6208.66,2307.30,0.99,0.98,-0.64,0.27,238.23,237.77,238.88,238.02,52.85,68.38,47.25,42.92,51.20,1242047,0,15,105:58:09,0,0,0,0,0,0
13,AUDIO,2026-02-15 21:26:28,LG6400,21790.01,13352.13,6144.11,2293.77,0.99,0.98,-0.64,0.27,238.23,237.78,238.89,238.01,52.26,67.01,46.86,42.92,51.20,1242053.12,0,15,105:58:10,0,0,0,0,0,0
13,AUDIO,2026-02-15 21:26:30,LG6400,20934.20,12677.91,6092.30,2164,0.98,0.98,-0.65,0.26,238.23,237.79,238.90,238.02,50.46,63.71,45.80,41.87,51.20,1242064.88,0,15,105:58:12,0,0,0,0,0,0
13,AUDIO,2026-02-15 21:26:32,LG6400,20658.47,12441.69,6135.22,2081.57,0.98,0.98,-0.66,0.25,238.25,237.80,238.91,238.04,49.77,62.55,45.40,41.36,51.21,1242076.25,0,15,105:58:14,0,0,0,0,0,0
13,AUDIO,2026-02-15 21:26:33,LG6400,20667.19,12439.70,6135,2092.49,0.98,0.97,-0.66,0.26,238.25,237.80,238.91,238.04,49.76,62.53,45.40,41.35,51.21,1242082,0,15,105:58:15,0,0,0,0,0,0
13,AUDIO,2026-02-15 21:26:35,LG6400,30267.31,17579.18,9452.01,3236.11,-1,0.99,-0.60,0.35,237.53,237.75,238.88,235.96,72.29,88.32,79.05,49.50,50.94,1242096.25,0,15,105:58:17,0,0,0,0,0,0
13,AUDIO,2026-02-15 21:26:37,LG6400,36173.19,22123.85,9299.31,4750.02,1,1,-0.54,0.37,238.19,237.67,238.92,237.97,87.49,108.40,87.85,66.23,50.95,1242116.38,0,15,105:58:19,0,0,0,0,0,0
13,AUDIO,2026-02-15 21:26:38,LG6400,33865.61,20621.49,8917.44,4326.69,1,0.99,-0.53,0.36,238.16,237.64,238.92,237.93,82.92,102.31,83.98,62.48,50.96,1242125.75,0,15,105:58:20,0,0,0,0,0,0
13,AUDIO,2026-02-15 21:26:40,LG6400,22362.54,13207.08,6689.13,2466.33,0.99,0.98,-0.63,0.29,238.18,237.66,238.96,237.91,54.52,66.36,54.44,42.76,50.99,1242139.88,0,15,105:58:22,0,0,0,0,0,0
13,AUDIO,2026-02-15 21:26:42,LG6400,38583.26,24131.25,10349.90,4102.11,-1,1,-0.52,0.30,238.10,237.58,238.93,237.79,97.10,118.39,101.60,71.31,50.99,1242158.12,0,15,105:58:24,0,0,0,0,0,0
13,AUDIO,2026-02-15 21:26:44,LG6400,41016.59,25222.53,10569.16,5224.91,-1,1,-0.51,0.39,237.60,237.49,238.94,236.37,99.89,123.62,105.35,70.69,50.99,1242180.88,0,15,105:58:25,0,0,0,0,0,0
13,AUDIO,2026-02-15 21:26:45,LG6400,34530.27,20913.72,9469.01,4147.54,-1,0.99,-0.52,0.36,237.63,237.49,238.96,236.44,85.21,103.27,91.13,61.24,50.99,1242190.50,0,15,105:58:27,0,0,0,0,0,0
13,AUDIO,2026-02-15 21:26:47,LG6400,25389.63,14581.86,7035.03,3772.74,1,0.99,-0.63,0.44,238.08,237.55,239.01,237.68,58.45,72.45,59.36,43.55,51.28,1242207.38,0,15,105:58:29,0,0,0,0,0,0
13,AUDIO,2026-02-15 21:26:49,LG6400,21537.35,12835.94,6503.10,2198.31,0.99,0.98,-0.64,0.27,238.10,237.59,239,237.72,52.90,64.57,52.07,42.05,51.27,1242219.50,0,15,105:58:30,0,0,0,0,0,0
13,AUDIO,2026-02-15 21:26:50,LG6400,26220.36,15595.44,7558.45,3066.48,1,0.99,-0.60,0.32,238.06,237.53,238.93,237.72,64.29,78.56,65.85,48.46,51.25,1242226.75,0,15,105:58:32,0,0,0,0,0,0
13,AUDIO,2026-02-15 21:26:52,LG6400,31410.46,18537.08,8436.82,4436.57,1,0.99,-0.56,0.45,238.04,237.50,238.88,237.74,73.15,91.66,77.99,49.81,51.23,1242244.12,0,15,105:58:34,0,0,0,0,0,0
13,AUDIO,2026-02-15 21:26:54,LG6400,34797.32,21290.25,9029.39,4477.68,-1,0.99,-0.55,0.43,238.02,237.52,238.87,237.67,80.35,105.14,84.84,51.06,51.21,1242262.38,0,15,105:58:36,0,0,0,0,0,0
13,AUDIO,2026-02-15 21:26:55,LG6400,24056.54,13842.05,6814.42,3400.08,1,0.98,-0.63,0.41,238.05,237.55,238.89,237.70,55.80,69.04,56.12,42.24,51.21,1242269,0,15,105:58:37,0,0,0,0,0,0
13,AUDIO,2026-02-15 21:26:57,LG6400,21436.62,12785.67,6471.47,2179.48,0.99,0.98,-0.64,0.26,238.07,237.58,238.88,237.74,52.69,64.22,51.89,41.95,51.21,1242281.12,0,15,105:58:39,0,0,0,0,0,0
13,AUDIO,2026-02-15 21:26:59,LG6400,21493.24,12699.83,6555.96,2237.45,0.99,0.98,-0.64,0.27,238.08,237.61,238.87,237.78,52.93,63.72,52.61,42.46,51.21,1242293.25,0,15,105:58:41,0,0,0,0,0,0
13,AUDIO,2026-02-15 21:27:00,LG6400,29145.93,17767.78,8231.81,3146.34,1,0.99,-0.56,0.32,238.08,237.58,238.90,237.76,70.59,88.53,73.78,49.45,51.20,1242301.25,0,15,105:58:42,0,0,0,0,0,0
13,AUDIO,2026-02-15 21:27:02,LG6400,23708.04,13766.62,6741.17,3200.25,1,0.98,-0.63,0.39,238.10,237.57,238.96,237.78,55.38,68.69,55.19,42.26,51.19,1242316.50,0,15,105:58:44,0,0,0,0,0,0
13,AUDIO,2026-02-15 21:27:04,LG6400,22457.44,13336.29,6744.62,2376.53,0.99,0.98,-0.63,0.28,238.11,237.59,238.94,237.80,55.20,66.99,55.19,43.44,51.19,1242329,0,15,105:58:46,0,0,0,0,0,0
13,AUDIO,2026-02-15 21:27:06,LG6400,29659.24,18047.41,8379.16,3232.68,1,0.99,-0.57,0.32,238.10,237.58,238.95,237.77,71.99,89.93,75.74,50.30,51.18,1242343.25,0,15,105:58:47,0,0,0,0,0,0
13,AUDIO,2026-02-15 21:27:07,LG6400,31304.37,18582.91,8313.93,4407.52,1,0.99,-0.55,0.44,238.09,237.55,238.98,237.75,72.54,92.36,75.73,49.54,51.17,1242351.88,0,15,105:58:49,0,0,0,0,0,0
13,AUDIO,2026-02-15 21:27:09,LG6400,35141.07,22024.26,9723.06,3393.75,-1,1,-0.52,0.27,237.61,236.25,238.90,237.68,89.49,109.49,93.76,65.23,51.16,1242369.75,0,15,105:58:51,0,0,0,0,0,0
13,AUDIO,2026-02-15 21:27:11,LG6400,29206,17740.75,8227.68,3237.57,1,0.99,-0.57,0.34,237.19,236.44,238.91,236.22,71.07,89.41,74.22,49.58,51.15,1242384.88,0,15,105:58:52,0,0,0,0,0,0
13,AUDIO,2026-02-15 21:27:12,LG6400,30234.45,17912.70,8094.25,4227.50,1,0.99,-0.58,0.43,237.60,236.48,238.92,237.40,70.48,89.39,72.82,49.22,51.15,1242393.50,0,15,105:58:54,0,0,0,0,0,0
13,AUDIO,2026-02-15 21:27:14,LG6400,32539.10,19959.66,8419.68,4159.76,1,0.99,-0.57,0.43,237.64,236.54,238.97,237.40,72.52,95.21,74.36,47.99,51.14,1242412,0,15,105:58:56,0,0,0,0,0,0
13,AUDIO,2026-02-15 21:27:16,LG6400,28387.16,17161.86,8124.98,3100.31,1,0.99,-0.58,0.31,238.03,237.73,238.96,237.40,69.14,85.92,72.48,49.01,51.13,1242426.62,0,15,105:58:58,0,0,0,0,0,0
13,AUDIO,2026-02-15 21:27:17,LG6400,32609.66,19610.01,8741.51,4258.14,-1,0.99,-0.55,0.42,238.01,237.68,238.97,237.37,76.26,97.51,80.88,50.39,51.13,1242435.75,0,15,105:58:59,0,0,0,0,0,0
13,AUDIO,2026-02-15 21:27:19,LG6400,31877.92,19436.62,8743.11,3698.19,-1,0.99,-0.55,0.38,237.96,237.59,238.95,237.35,76.07,96.87,81.92,49.41,51.12,1242452.50,0,15,105:59:01,0,0,0,0,0,0
13,AUDIO,2026-02-15 21:27:21,LG6400,24028.64,13832.02,6904.27,3292.35,1,0.98,-0.63,0.37,237.97,237.56,238.95,237.40,56.76,69.11,57.14,44.04,51.12,1242468.12,0,15,105:59:03,0,0,0,0,0,0
13,AUDIO,2026-02-15 21:27:22,LG6400,29908.15,18488.81,8304.07,3115.27,1,0.99,-0.55,0.32,237.99,237.57,238.98,237.42,72.03,91.39,75.57,49.11,51.12,1242476.38,0,15,105:59:04,0,0,0,0,0,0
13,AUDIO,2026-02-15 21:27:24,LG6400,38750.22,24750.76,9735.18,4264.28,1,1,-0.53,0.33,237.51,236.23,239,237.30,93.32,120.32,92.35,67.29,51.11,1242496.12,0,15,105:59:06,0,0,0,0,0,0
13,AUDIO,2026-02-15 21:27:26,LG6400,23695.33,13528.36,6819.72,3347.25,1,0.98,-0.63,0.38,238.21,238.20,239.05,237.38,55.66,67.53,55.79,43.67,51.12,1242510.62,0,15,105:59:08,0,0,0,0,0,0
13,AUDIO,2026-02-15 21:27:27,LG6400,30824.02,19116.97,8523.20,3183.85,1,0.99,-0.56,0.31,238.19,238.16,239.05,237.37,74.54,94.90,78.65,50.08,51.12,1242519.12,0,15,105:59:09,0,0,0,0,0,0
13,AUDIO,2026-02-15 21:27:29,LG6400,32052.15,19040.96,8609.96,4401.23,-1,0.99,-0.56,0.45,238.14,238.03,239.07,237.32,74.16,94.31,78.94,49.23,51.11,1242537.88,0,15,105:59:11,0,0,0,0,0,0
13,AUDIO,2026-02-15 21:27:31,LG6400,26325.52,15398.41,7171.97,3755.15,1,0.98,-0.61,0.44,238.15,238.01,239.12,237.32,60.11,76.09,60.80,43.44,51.11,1242554.88,0,15,105:59:13,0,0,0,0,0,0
13,AUDIO,2026-02-15 21:27:33,LG6400,31127.48,19191.86,8609.37,3326.25,-1,0.99,-0.54,0.34,238.13,237.96,239.10,237.34,74.98,95.10,79.56,50.28,51.11,1242570.12,0,15,105:59:14,0,0,0,0,0,0
13,AUDIO,2026-02-15 21:27:34,LG6400,32455.20,19196.53,8793.60,4465.08,-1,0.99,-0.54,0.45,238.11,237.91,239.11,237.32,75.64,95.12,81.79,50.01,51.10,1242579,0,15,105:59:16,0,0,0,0,0,0
13,AUDIO,2026-02-15 21:27:36,LG6400,33026.10,20048.39,8606.80,4370.91,-1,1,-0.56,0.44,237.62,236.46,239.11,237.29,76.57,99.69,80.26,49.76,51.09,1242597.75,0,15,105:59:18,0,0,0,0,0,0
13,AUDIO,2026-02-15 21:27:38,LG6400,27559.82,16508.73,7780.24,3270.85,1,0.99,-0.59,0.34,238.14,238.02,239.11,237.30,66.68,83.10,69.07,47.88,51.10,1242613.25,0,15,105:59:19,0,0,0,0,0,0
13,AUDIO,2026-02-15 21:27:39,LG6400,31687.45,19382.41,8496.77,3808.27,1,0.99,-0.56,0.39,238.12,237.98,239.11,237.29,74.43,95.56,78.62,49.11,51.10,1242622,0,15,105:59:21,0,0,0,0,0,0
13,AUDIO,2026-02-15 21:27:41,LG6400,37004.51,23191.08,9246.96,4566.47,-1,1,-0.54,0.44,237.65,236.66,239.11,237.18,84.34,114.36,87.71,50.96,51.08,1242641.88,0,15,105:59:23,0,0,0,0,0,0
13,AUDIO,2026-02-15 21:27:43,LG6400,30129.13,18266.39,7899.89,3962.84,1,0.99,-0.58,0.44,238.10,237.96,239.16,237.19,69.09,89.92,71.01,46.35,51.09,1242660.75,0,15,105:59:25,0,0,0,0,0,0
13,AUDIO,2026-02-15 21:27:44,LG6400,22501.68,13248.85,6612.85,2639.98,0.99,0.98,-0.63,0.32,238.11,237.93,239.15,237.24,54.24,66.55,53.79,42.40,51.10,1242667,0,15,105:59:26,0,0,0,0,0,0
13,AUDIO,2026-02-15 21:27:46,LG6400,27946.33,16919.34,7736.96,3290.03,1,0.99,-0.59,0.35,238.08,237.86,239.11,237.26,66.25,83.56,67.78,47.40,51.10,1242681.88,0,15,105:59:28,0,0,0,0,0,0
13,AUDIO,2026-02-15 21:27:48,LG6400,28809.19,17313.76,7942.42,3553.01,1,0.99,-0.58,0.37,238.06,237.80,239.07,237.29,67.67,84.88,70.32,47.82,51.10,1242697.50,0,15,105:59:30,0,0,0,0,0,0
13,AUDIO,2026-02-15 21:27:49,LG6400,29738.45,17984.36,8064.31,3689.78,1,0.99,-0.57,0.38,238.05,237.78,239.07,237.30,69.44,88.09,71.98,48.26,51.10,1242705.75,0,15,105:59:31,0,0,0,0,0,0
13,AUDIO,2026-02-15 21:27:51,LG6400,30313.45,18099.49,8238.12,3975.84,1,0.99,-0.57,0.41,238,237.68,239.04,237.26,70.10,88.13,73.39,48.77,51.10,1242722.75,0,15,105:59:33,0,0,0,0,0,0
13,AUDIO,2026-02-15 21:27:53,LG6400,28849.98,17195.78,7804.11,3850.09,1,0.99,-0.58,0.40,237.96,237.59,239,237.28,67.25,84.77,69.10,47.90,51.09,1242738.88,0,15,105:59:35,0,0,0,0,0,0
13,AUDIO,2026-02-15 21:27:55,LG6400,27017.89,16088.40,7473.34,3456.16,1,0.99,-0.60,0.37,237.97,237.58,239,237.33,63.30,79.41,64.03,46.46,51.10,1242754.50,0,15,105:59:36,0,0,0,0,0,0
13,AUDIO,2026-02-15 21:27:57,LG6400,26631.08,15922.98,7472.83,3235.27,1,0.99,-0.60,0.35,237.97,237.57,238.99,237.34,63.59,79.41,64.60,46.76,51.10,1242762,0,15,105:59:39,0,0,0,0,0,0
13,AUDIO,2026-02-15 21:27:58,LG6400,26964.11,16157.48,7532.96,3273.68,1,0.99,-0.59,0.35,237.97,237.56,238.98,237.38,64.09,80.21,65.31,46.74,51.10,1242776.75,0,15,105:59:40,0,0,0,0,0,0
13,AUDIO,2026-02-15 21:28:00,LG6400,39409.86,24620.95,10414.55,4374.35,1,1,-0.54,0.32,238.82,237.58,241.42,237.46,94.77,117.02,95.04,72.24,50.52,1242795.50,0,15,105:59:42,0,0,0,0,0,0
13,AUDIO,2026-02-15 21:28:02,LG6400,31143.69,19110.76,8395.56,3637.37,1,0.99,-0.55,0.34,237.57,237.49,239.09,236.13,76.28,94.58,77.61,56.63,51.01,1242813.62,0,15,105:59:44,0,0,0,0,0,0
13,AUDIO,2026-02-15 21:28:03,LG6400,34917.26,21372.95,9084.69,4459.63,1,0.99,-0.55,0.36,237.56,237.43,239.07,236.17,83.94,104.52,83.48,63.81,51.01,1242823.25,0,15,105:59:45,0,0,0,0,0,0
13,AUDIO,2026-02-15 21:28:05,LG6400,37304.35,22834.94,9621.92,4847.49,1,0.99,-0.53,0.38,238.01,237.39,239.10,237.55,89.86,111.21,91.57,66.79,51.02,1242843.12,0,15,105:59:47,0,0,0,0,0,0
13,AUDIO,2026-02-15 21:28:07,LG6400,38353.31,23743.15,9742.23,4867.94,1,0.99,-0.54,0.36,236.33,235.75,237.64,235.60,89.02,112.16,87.84,67.05,51.01,1242863.88,0,15,105:59:49,0,0,0,0,0,0
13,AUDIO,2026-02-15 21:28:09,LG6400,36374.14,22271.10,9215.72,4887.32,1,0.99,-0.55,0.38,237.86,237.03,239.05,237.51,86.69,107.71,85.74,66.63,51.01,1242883,0,15,105:59:50,0,0,0,0,0,0
13,AUDIO,2026-02-15 21:28:11,LG6400,33169.25,20320.60,8699.68,4148.98,1,0.99,-0.55,0.36,237.86,237.03,239.05,237.50,80.19,99.60,80.25,60.73,51.02,1242892.25,0,15,105:59:53,0,0,0,0,0,0
13,AUDIO,2026-02-15 21:28:12,LG6400,33235.32,20377.15,8781.21,4076.96,1,0.99,-0.55,0.35,237.39,236.96,239.03,236.19,80.26,99.95,80.68,60.14,51.01,1242913,0,15,105:59:54,0,0,0,0,0,0
13,AUDIO,2026-02-15 21:28:14,LG6400,32804.40,20077.59,8654.23,4072.58,1,0.99,-0.56,0.35,237.91,236.99,239.03,237.70,79.22,98.61,79.03,60.02,51.02,1242931.62,0,15,105:59:56,0,0,0,0,0,0
13,AUDIO,2026-02-15 21:28:16,LG6400,34657.30,21277.44,9117.91,4261.95,1,0.99,-0.54,0.36,238.29,237.05,240.16,237.66,83.24,103.21,84.57,61.93,51.02,1242952.12,0,15,105:59:58,0,0,0,0,0,0
13,AUDIO,2026-02-15 21:28:17,LG6400,34050.71,20573.48,8845.44,4631.79,1,0.99,-0.55,0.37,238.29,237.07,240.12,237.67,81.95,99.99,80.48,65.36,51.03,1242961.50,0,15,105:59:59,0,0,0,0,0,0
13,AUDIO,2026-02-15 21:28:19,LG6400,37679.02,23148.47,9657.75,4872.81,1,0.99,-0.53,0.37,238.94,238.46,240.69,237.67,89.43,110.83,89.73,67.72,51.03,1242981.75,0,15,106:00:01,0,0,0,0,0,0
13,AUDIO,2026-02-15 21:28:21,LG6400,36072.94,21823.95,9207.72,5041.27,1,1,-0.54,0.38,237.74,236.85,238.77,237.61,86.87,106.40,85.72,68.50,51.03,1243001.50,0,15,106:00:03,0,0,0,0,0,0
13,AUDIO,2026-02-15 21:28:22,LG6400,58518.22,37123.56,13333.51,8061.15,-1,1,-0.48,0.40,232.29,230.68,235.16,231.03,130.08,169.83,127.05,93.36,50.13,1243017.62,0,15,106:00:04,0,0,0,0,0,0
13,AUDIO,2026-02-15 21:28:24,LG6400,49296.65,30805.99,11642.99,6847.67,-1,1,-0.52,0.43,234.27,232.88,236.81,233.10,111.57,143.42,107.75,83.56,50.63,1243040.25,0,15,106:00:06,0,0,0,0,0,0
13,AUDIO,2026-02-15 21:28:26,LG6400,52798.70,32841.50,12370.49,7586.71,-1,1,-0.50,0.42,236.13,234.86,238.26,235.28,120.63,153.39,119.01,89.48,50.61,1243070,0,15,106:00:08,0,0,0,0,0,0
13,AUDIO,2026-02-15 21:28:28,LG6400,49257.31,30122.61,11768.55,7366.15,1,1,-0.51,0.42,238.67,237.50,240.45,238.07,113.57,141.38,112.36,86.97,50.61,1243098,0,15,106:00:09,0,0,0,0,0,0
13,AUDIO,2026-02-15 21:28:29,LG6400,47918.36,29916.81,11522.93,6478.63,-1,1,-0.53,0.41,241.16,240.81,242.66,240.02,109.47,138.27,109.02,81.12,51.04,1243111.25,0,15,106:00:11,0,0,0,0,0,0
13,AUDIO,2026-02-15 21:28:31,LG6400,45878.64,28583.18,11192.97,6102.49,1,1,-0.52,0.39,237.74,236.62,239.50,237.10,104.76,133.10,103.49,77.68,51.03,1243136.88,0,15,106:00:13,0,0,0,0,0,0
13,AUDIO,2026-02-15 21:28:33,LG6400,52625.52,32588.40,12503.85,7533.27,1,1,-0.50,0.41,235.68,233.89,237.73,235.42,117.54,148.74,115.23,88.65,51.01,1243166.38,0,15,106:00:14,0,0,0,0,0,0
13,AUDIO,2026-02-15 21:28:34,LG6400,53951.10,33529.59,12505.45,7916.07,1,1,-0.51,0.42,235.17,233.93,237.70,233.87,121.38,153.97,117.97,92.19,50.63,1243181.38,0,15,106:00:16,0,0,0,0,0,0
13,AUDIO,2026-02-15 21:28:36,LG6400,59636.79,36992.90,13420.06,9223.83,-1,1,-0.47,0.46,234.76,233.91,236.49,233.87,135.10,171.17,131.57,102.57,50.36,1243212.75,0,15,106:00:18,0,0,0,0,0,0
13,AUDIO,2026-02-15 21:28:38,LG6400,32479.66,19089.20,8689.60,4700.86,1,0.99,-0.59,0.39,237.44,237.05,238.49,236.77,78.98,93.99,77.66,65.29,51.05,1243236.38,0,15,106:00:20,0,0,0,0,0,0
13,AUDIO,2026-02-15 21:28:39,LG6400,41017.68,24742.26,10157.87,6117.55,1,1,-0.54,0.40,239.55,238.79,241,238.86,96.34,117.95,94.13,76.93,51.05,1243247.75,0,15,106:00:21,0,0,0,0,0,0
13,AUDIO,2026-02-15 21:28:41,LG6400,43691.30,26035.39,10651.71,7004.19,1,1,-0.52,0.44,241.80,241.38,242.96,241.06,101.85,122.87,98.90,83.78,51.03,1243271.88,0,15,106:00:23,0,0,0,0,0,0
13,AUDIO,2026-02-15 21:28:43,LG6400,40241.04,24218.63,10113.92,5908.49,1,1,-0.55,0.41,240.92,240.34,241.49,240.94,94.28,114.96,92.07,75.80,51.28,1243296.62,0,15,106:00:25,0,0,0,0,0,0
13,AUDIO,2026-02-15 21:28:44,LG6400,57292.98,35139.27,13252.97,8900.74,1,1,-0.52,0.44,232.76,231.63,234.72,231.92,129.59,162.51,125.89,100.35,50.33,1243312.50,0,15,106:00:26,0,0,0,0,0,0
13,AUDIO,2026-02-15 21:28:46,LG6400,55202.06,33410.54,12829.81,8961.72,-1,1,-0.49,0.45,232.72,231.62,234.64,231.89,126.92,156.69,123.40,100.68,50.16,1243339.12,0,15,106:00:28,0,0,0,0,0,0
13,AUDIO,2026-02-15 21:28:48,LG6400,45725.26,27097.43,11136.61,7491.22,1,0.99,-0.51,0.43,237.45,235.55,239.03,237.76,107.48,129.81,104.98,87.66,50.74,1243363.38,0,15,106:00:30,0,0,0,0,0,0
13,AUDIO,2026-02-15 21:28:49,LG6400,37744.39,22198.89,9548.78,5996.72,1,0.99,-0.54,0.42,238.18,237.72,239.07,237.74,90.94,108.25,88.75,75.81,51.04,1243374,0,15,106:00:31,0,0,0,0,0,0
13,AUDIO,2026-02-15 21:28:51,LG6400,41277.64,24281.66,10372.14,6623.84,-1,1,-0.51,0.42,238.17,237.65,239.11,237.76,98.84,118.21,97.53,80.79,51.05,1243397.75,0,15,106:00:33,0,0,0,0,0,0
13,AUDIO,2026-02-15 21:28:53,LG6400,44877.88,26887.78,11064.14,6925.95,1,1,-0.54,0.42,236.56,235.11,238.37,236.21,104.03,127.10,101.14,83.85,50.92,1243423,0,15,106:00:35,0,0,0,0,0,0
13,AUDIO,2026-02-15 21:28:55,LG6400,52853.20,32304.14,12438.35,8110.70,1,1,-0.51,0.42,234.31,233.82,235.80,233.32,121.40,151.13,118.51,94.55,50.59,1243450.50,0,15,106:00:36,0,0,0,0,0,0
13,AUDIO,2026-02-15 21:28:56,LG6400,41642.72,25056.93,10398.69,6187.09,1,0.99,-0.53,0.38,240.03,239.59,240.66,239.85,97.08,117.93,95.31,78,51.24,1243462.12,0,15,106:00:38,0,0,0,0,0,0
13,AUDIO,2026-02-15 21:28:58,LG6400,52278.83,32047.73,12268.60,7962.50,-1,1,-0.52,0.43,236.67,236.04,238.45,235.53,118.41,148.17,114.91,92.14,50.84,1243491.25,0,15,106:00:40,0,0,0,0,0,0
13,AUDIO,2026-02-15 21:29:00,LG6400,37862.35,22325.05,9848.75,5688.54,1,1,-0.54,0.40,237.26,236.47,238.56,236.75,91.11,108.05,91.78,73.50,50.86,1243516.12,0,15,106:00:41,0,0,0,0,0,0
13,AUDIO,2026-02-15 21:29:01,LG6400,46459.66,27970.41,11214.43,7274.81,1,1,-0.54,0.43,236.46,234.19,238.49,236.69,106.84,131.91,102.84,85.77,50.58,1243529.12,0,15,106:00:43,0,0,0,0,0,0
13,AUDIO,2026-02-15 21:29:03,LG6400,54106.08,32832.85,12617.96,8655.26,-1,1,-0.50,0.44,238.18,236.88,240.03,237.62,122.24,151.55,118.25,96.91,50.59,1243558.62,0,15,106:00:45,0,0,0,0,0,0
13,AUDIO,2026-02-15 21:29:05,LG6400,50021.04,30245.84,11869.87,7905.33,1,1,-0.52,0.43,238.19,236.91,240.05,237.61,112.58,139.23,108.10,90.40,50.89,1243587.88,0,15,106:00:46,0,0,0,0,0,0
13,AUDIO,2026-02-15 21:29:06,LG6400,53020.64,32267.45,12349.28,8403.90,1,1,-0.51,0.44,236.31,234.60,238.23,236.09,119.42,148.98,114.31,94.97,50.87,1243602.62,0,15,106:00:48,0,0,0,0,0,0
13,AUDIO,2026-02-15 21:29:08,LG6400,51767.39,31820.85,11927.65,8018.89,1,1,-0.50,0.43,236.25,235.31,238.48,234.97,117.23,147.63,111.74,92.33,50.81,1243632.75,0,15,106:00:50,0,0,0,0,0,0
13,AUDIO,2026-02-15 21:29:10,LG6400,51915.50,31892.53,12075.98,7946.98,-1,1,-0.50,0.42,235.37,235.28,236.14,234.68,117.89,148.01,113.84,91.83,50.33,1243660.50,0,15,106:00:52,0,0,0,0,0,0
13,AUDIO,2026-02-15 21:29:11,LG6400,48636.72,29486.17,11807.54,7343,-1,1,-0.52,0.43,238.34,237.55,239.35,238.12,112.07,137.82,110.75,87.63,50.94,1243674,0,15,106:00:53,0,0,0,0,0,0
13,AUDIO,2026-02-15 21:29:13,LG6400,51915.57,31337.35,12307.94,8270.28,1,1,-0.53,0.44,237.55,235.27,239.35,238.03,117.18,144.86,113.43,93.24,50.65,1243701,0,15,106:00:55,0,0,0,0,0,0
13,AUDIO,2026-02-15 21:29:15,LG6400,32268.79,18920.68,8695.05,4653.06,1,1,-0.57,0.35,237.55,237.03,237.74,237.87,77.42,91.26,76.03,64.97,51.04,1243720.62,0,15,106:00:57,0,0,0,0,0,0
13,AUDIO,2026-02-15 21:29:16,LG6400,33608.47,19790.15,8872.97,4945.34,1,0.99,-0.56,0.39,237.54,237.02,237.79,237.82,80.87,96.09,79.31,67.22,51.04,1243730,0,15,106:00:58,0,0,0,0,0,0
13,AUDIO,2026-02-15 21:29:18,LG6400,33204.11,19810.61,8631.77,4761.74,1,0.99,-0.55,0.37,237.78,237.45,237.80,238.09,80.40,96.82,78.34,66.03,51.11,1243751.38,0,15,106:01:00,0,0,0,0,0,0
13,AUDIO,2026-02-15 21:29:20,LG6400,32742.74,18968.60,8662.83,5111.31,1,0.99,-0.58,0.39,238.17,237.41,239.06,238.05,79.76,93.39,77.76,68.14,51.10,1243769.75,0,15,106:01:02,0,0,0,0,0,0
13,AUDIO,2026-02-15 21:29:22,LG6400,33552.27,19658.32,8611.07,5282.88,1,0.99,-0.55,0.39,238.04,237.39,239.04,237.70,80.61,95.95,75.94,69.94,51.11,1243791.62,0,15,106:01:03,0,0,0,0,0,0
13,AUDIO,2026-02-15 21:29:24,LG6400,32561.75,18743.16,8536.99,5281.60,1,0.99,-0.58,0.39,238.04,237.37,239.02,237.72,79.35,92.71,75.94,69.39,51.11,1243800.75,0,15,106:01:06,0,0,0,0,0,0
13,AUDIO,2026-02-15 21:29:25,LG6400,36366.59,21654.76,9260.60,5451.23,1,0.99,-0.55,0.39,239.55,238.75,240.54,239.37,85.30,103.10,81.56,71.24,51.11,1243820.12,0,15,106:01:07,0,0,0,0,0,0
13,AUDIO,2026-02-15 21:29:27,LG6400,33559.60,19825.08,8736.05,4998.48,1,0.99,-0.56,0.38,237.33,236.43,238.46,237.09,81.20,96.84,79.16,67.61,51.10,1243839,0,15,106:01:09,0,0,0,0,0,0
13,AUDIO,2026-02-15 21:29:29,LG6400,40445.41,24381.78,10257.42,5806.22,1,0.99,-0.55,0.39,237.89,237.57,239.02,237.08,93.56,113.86,92.25,74.58,51.07,1243862.88,0,15,106:01:11,0,0,0,0,0,0
13,AUDIO,2026-02-15 21:29:30,LG6400,43738.84,26343.21,10776.17,6619.45,-1,1,-0.51,0.43,236.91,236.01,238.98,235.74,101.24,123.31,99.58,80.83,51.06,1243875,0,15,106:01:12,0,0,0,0,0,0
13,AUDIO,2026-02-15 21:29:32,LG6400,41212.37,24495.85,10291.93,6424.59,1,1,-0.53,0.43,236.94,236.07,238.94,235.81,96.13,115.62,93.79,78.98,51.04,1243898.50,0,15,106:01:14,0,0,0,0,0,0
13,AUDIO,2026-02-15 21:29:34,LG6400,40085.80,24196.61,10049.10,5840.09,1,1,-0.53,0.41,237.86,237.30,238.97,237.31,93.59,114.83,91.42,74.52,51.04,1243920.88,0,15,106:01:16,0,0,0,0,0,0
13,AUDIO,2026-02-15 21:29:36,LG6400,37631.45,22577.77,9609.23,5444.45,1,0.99,-0.55,0.39,237.92,237.32,239.04,237.39,88.50,107.72,86.50,71.29,51.04,1243941.38,0,15,106:01:17,0,0,0,0,0,0
13,AUDIO,2026-02-15 21:29:37,LG6400,40129.43,23971.63,10234.52,5923.27,1,1,-0.53,0.41,237.92,237.33,239.05,237.39,94.78,114.24,94.54,75.57,51.04,1243952.50,0,15,106:01:19,0,0,0,0,0,0
13,AUDIO,2026-02-15 21:29:39,LG6400,46942.97,28467.04,11464.03,7011.91,-1,1,-0.52,0.41,237.35,235.72,238.99,237.33,107.54,132.42,105.74,84.47,51.02,1243977.62,0,15,106:01:21,0,0,0,0,0,0
13,AUDIO,2026-02-15 21:29:41,LG6400,30769.13,17871.04,8515.90,4382.20,1,0.99,-0.57,0.36,237.64,237.04,238.47,237.41,75.51,88.36,75.36,62.79,51.03,1243996,0,15,106:01:22,0,0,0,0,0,0
13,AUDIO,2026-02-15 21:29:42,LG6400,38580.45,22725.39,9840.10,6014.96,1,0.99,-0.53,0.41,237.65,237.03,238.51,237.40,93,111.14,91.62,76.26,51.03,1244006.88,0,15,106:01:24,0,0,0,0,0,0
13,AUDIO,2026-02-15 21:29:44,LG6400,34930.66,20650.06,9167.66,5112.95,1,1,-0.55,0.39,238.92,237.63,240.63,238.52,83.77,100.78,82.14,68.40,51.22,1244030.75,0,15,106:01:26,0,0,0,0,0,0
13,AUDIO,2026-02-15 21:29:46,LG6400,41423.15,24509.76,10310.98,6602.42,1,1,-0.53,0.43,237.07,236.10,237.92,237.19,99.16,118.65,97.97,80.85,50.94,1244053,0,15,106:01:28,0,0,0,0,0,0
13,AUDIO,2026-02-15 21:29:47,LG6400,53365.74,32523.49,12184.65,8657.60,-1,1,-0.51,0.48,234.79,233.07,237.86,233.45,123.37,154.50,117.75,97.84,50.20,1244067.88,0,15,106:01:29,0,0,0,0,0,0
13,AUDIO,2026-02-15 21:29:49,LG6400,44325.52,26380.33,10666.90,7278.29,1,1,-0.53,0.43,237.40,236.77,238.82,236.63,105.93,127.83,103.50,86.47,51.10,1244092.75,0,15,106:01:31,0,0,0,0,0,0
13,AUDIO,2026-02-15 21:29:51,LG6400,47187.88,28341.24,11378.02,7468.62,-1,1,-0.50,0.44,239.81,239.42,241.19,238.82,109.49,133.53,107.25,87.69,50.43,1244117.75,0,15,106:01:33,0,0,0,0,0,0
13,AUDIO,2026-02-15 21:29:53,LG6400,39059.45,22968.39,9845.32,6245.75,1,0.99,-0.52,0.39,238.29,237.64,238.47,238.77,94.39,111.94,92.89,78.34,51.01,1244128.62,0,15,106:01:34,0,0,0,0,0,0
13,AUDIO,2026-02-15 21:29:54,LG6400,43862.04,26314.70,10807.93,6739.41,1,1,-0.52,0.42,236.91,236.03,238.50,236.21,103.65,126.30,101.55,83.10,51,1244151.50,0,15,106:01:36,0,0,0,0,0,0
13,AUDIO,2026-02-15 21:29:56,LG6400,42357.76,25162.76,10603.49,6591.51,1,1,-0.52,0.42,237.42,236.67,238.61,236.99,101.79,121.72,102.12,81.54,51,1244175.88,0,15,106:01:38,0,0,0,0,0,0
13,AUDIO,2026-02-15 21:29:58,LG6400,52750.35,31996.87,12420.37,8333.11,1,1,-0.53,0.44,234.13,232.40,235.76,234.25,120.30,149.21,116.60,95.10,50.55,1244201.50,0,15,106:01:40,0,0,0,0,0,0
13,AUDIO,2026-02-15 21:30:00,LG6400,42169.76,24879.08,10600.81,6689.88,1,0.99,-0.52,0.42,237.10,235.94,238.33,237.04,100.54,119.67,100.39,81.56,51.14,1244225.25,0,15,106:01:42,0,0,0,0,0,0
13,AUDIO,2026-02-15 21:30:01,LG6400,42033.40,25049.24,10359.12,6625.04,1,0.99,-0.51,0.42,237.10,235.93,238.35,237.03,100.66,121.75,98.70,81.53,51.13,1244237.12,0,15,106:01:43,0,0,0,0,0,0
13,AUDIO,2026-02-15 21:30:03,LG6400,41299.38,24926.38,10205.22,6167.78,1,1,-0.52,0.40,238.63,237.98,239.21,238.70,97.50,119.46,95.12,77.94,51.17,1244265.88,0,15,106:01:45,0,0,0,0,0,0
13,AUDIO,2026-02-15 21:30:05,LG6400,54935.54,33656.90,12626.40,8652.24,-1,1,-0.47,0.44,233.37,232.22,234.89,233.02,125.36,157.05,121.17,97.86,50.39,1244292.75,0,15,106:01:47,0,0,0,0,0,0
13,AUDIO,2026-02-15 21:30:07,LG6400,43275.52,25697.83,10694.73,6882.96,1,0.99,-0.52,0.44,237.02,236.29,237.63,237.15,103.95,123.73,104.58,83.55,50.88,1244316.75,0,15,106:01:48,0,0,0,0,0,0
13,AUDIO,2026-02-15 21:30:08,LG6400,55877.16,33944.67,12729.83,9202.65,-1,1,-0.50,0.47,236.38,236.24,237.68,235.20,125.85,156.58,119.42,101.54,50.16,1244332.25,0,15,106:01:50,0,0,0,0,0,0
13,AUDIO,2026-02-15 21:30:10,LG6400,54731.04,33224.52,12779.47,8727.06,1,1,-0.51,0.44,238.94,237.80,241.20,237.83,123.22,152.66,119.55,97.45,50.92,1244362.38,0,15,106:01:52,0,0,0,0,0,0
13,AUDIO,2026-02-15 21:30:12,LG6400,47575.73,28818.33,11254.17,7503.23,1,1,-0.52,0.43,237.77,236.31,239.22,237.77,109.04,134.97,104.28,87.88,50.92,1244391,0,15,106:01:53,0,0,0,0,0,0
13,AUDIO,2026-02-15 21:30:13,LG6400,46782.94,27986.50,11253.88,7542.55,1,1,-0.52,0.43,237.73,236.30,239.18,237.70,108.93,132.57,106.31,87.90,50.92,1244403.88,0,15,106:01:55,0,0,0,0,0,0
13,AUDIO,2026-02-15 21:30:15,LG6400,48043.03,29036.55,11339.81,7666.67,1,1,-0.52,0.43,236.68,235.12,238.93,235.99,110.67,136.58,106.17,89.28,50.92,1244430.75,0,15,106:01:57,0,0,0,0,0,0
13,AUDIO,2026-02-15 21:30:17,LG6400,42559.74,25693.46,10317.66,6548.63,1,1,-0.53,0.42,237.66,236.36,238.95,237.68,100.09,123.03,96.66,80.59,50.93,1244455,0,15,106:01:58,0,0,0,0,0,0
13,AUDIO,2026-02-15 21:30:18,LG6400,41819.71,24955.30,10315.30,6549.12,1,1,-0.54,0.42,238.22,237.95,239,237.72,99.18,120.26,96.68,80.62,50.94,1244466.62,0,15,106:02:00,0,0,0,0,0,0
13,AUDIO,2026-02-15 21:30:20,LG6400,50188.22,30474.71,11789.88,7923.63,1,1,-0.51,0.43,236.97,236.14,238.96,235.82,116.07,143.13,113.14,91.93,50.66,1244492.62,0,15,106:02:02,0,0,0,0,0,0
13,AUDIO,2026-02-15 21:30:22,LG6400,34804.39,20792.61,9044.11,4967.67,1,0.99,-0.54,0.37,237.49,237.15,237.87,237.45,83.67,100.78,82.30,67.94,51.11,1244513.88,0,15,106:02:04,0,0,0,0,0,0
13,AUDIO,2026-02-15 21:30:23,LG6400,37252.50,22071.98,9483.29,5697.23,1,0.99,-0.53,0.41,237.47,237.11,237.92,237.38,89.25,106.85,87.41,73.48,51.10,1244524.12,0,15,106:02:05,0,0,0,0,0,0
13,AUDIO,2026-02-15 21:30:25,LG6400,38801.79,23009,9787.65,6005.14,1,0.99,-0.53,0.40,237.50,237.12,237.92,237.45,92.59,110.44,90.96,76.36,51.01,1244547.75,0,15,106:02:07,0,0,0,0,0,0
13,AUDIO,2026-02-15 21:30:27,LG6400,33623.99,19856.42,8900.62,4866.94,1,0.99,-0.55,0.38,237.69,237.37,237.98,237.71,81.82,97.52,81.12,66.82,51,1244569.50,0,15,106:02:09,0,0,0,0,0,0
13,AUDIO,2026-02-15 21:30:28,LG6400,40118.26,24282.84,9928.60,5906.81,1,1,-0.53,0.40,238.14,237.35,239.36,237.70,94,115.76,90.97,75.26,51,1244580.50,0,15,106:02:10,0,0,0,0,0,0
13,AUDIO,2026-02-15 21:30:30,LG6400,34687.49,20891.46,8940.51,4855.53,1,0.99,-0.54,0.37,238.17,237.40,239.35,237.75,82.85,100.87,80.72,66.97,51.01,1244599.50,0,15,106:02:12,0,0,0,0,0,0
13,AUDIO,2026-02-15 21:30:32,LG6400,44686.12,26307.44,11291.91,7086.77,1,1,-0.52,0.42,243.46,243.09,244.43,242.86,105.18,124.49,106.06,85,51,1244623.50,0,15,106:02:14,0,0,0,0,0,0
13,AUDIO,2026-02-15 21:30:34,LG6400,40525.30,23683.58,10503.04,6338.68,1,0.99,-0.54,0.40,236.34,235.92,237.52,235.58,95.48,112.27,95.39,78.79,50.99,1244634.75,0,15,106:02:15,0,0,0,0,0,0
13,AUDIO,2026-02-15 21:30:35,LG6400,49949.12,30815.97,11731.57,7401.58,1,0.99,-0.52,0.42,234.76,233.71,236,234.56,112.14,141.90,106.83,87.70,50.71,1244660.50,0,15,106:02:17,0,0,0,0,0,0
13,AUDIO,2026-02-15 21:30:37,LG6400,47037.64,28511.01,11275.31,7251.31,1,1,-0.53,0.44,235.30,233.95,237.69,234.27,107.28,133.34,102.76,85.75,50.65,1244684.62,0,15,106:02:19,0,0,0,0,0,0
13,AUDIO,2026-02-15 21:30:39,LG6400,53215.69,32948.83,12232.42,8034.44,-1,1,-0.48,0.42,234.15,232.76,236,233.71,121.04,154.01,116.55,92.55,50.20,1244709.88,0,15,106:02:20,0,0,0,0,0,0
13,AUDIO,2026-02-15 21:30:40,LG6400,36749.44,21889.55,9341.87,5518.02,1,0.99,-0.56,0.43,239.45,238.69,240.50,239.15,87.49,105.53,84.90,72.05,51.22,1244720.12,0,15,106:02:22,0,0,0,0,0,0
13,AUDIO,2026-02-15 21:30:42,LG6400,34135.03,20251.73,8888.64,4994.65,1,1,-0.56,0.38,238.08,236.06,240.39,237.80,81.19,97.90,78.20,67.45,51.15,1244742.25,0,15,106:02:24,0,0,0,0,0,0
13,AUDIO,2026-02-15 21:30:44,LG6400,36538.52,21747.63,9476.38,5314.51,1,0.99,-0.56,0.39,236.81,235.72,237.91,236.78,86.73,104.66,84.62,70.92,51.14,1244762.88,0,15,106:02:25,0,0,0,0,0,0
13,AUDIO,2026-02-15 21:30:45,LG6400,42741.71,25596.45,10359.41,6785.85,1,1,-0.52,0.43,239.13,238.16,240.72,238.52,99.98,121.67,96.37,81.89,51.13,1244774.62,0,15,106:02:27,0,0,0,0,0,0
13,AUDIO,2026-02-15 21:30:47,LG6400,41106.44,24626.03,10290.19,6190.22,1,1,-0.53,0.42,241.25,240.02,242.13,241.59,95.69,116.90,92.89,77.29,51.12,1244800.62,0,15,106:02:29,0,0,0,0,0,0
13,AUDIO,2026-02-15 21:30:49,LG6400,42960.91,25560.45,10582.80,6817.67,1,1,-0.52,0.43,237.08,235.43,238.89,236.91,102.04,123.18,100.20,82.74,50.77,1244825.12,0,15,106:02:31,0,0,0,0,0,0
13,AUDIO,2026-02-15 21:30:50,LG6400,50842.55,30379.01,12361.09,8102.45,1,1,-0.51,0.44,234.32,233.15,235.63,234.17,118.43,143.67,117.62,93.99,50.76,1244839.25,0,15,106:02:32,0,0,0,0,0,0
13,AUDIO,2026-02-15 21:30:52,LG6400,53801.50,32056.88,12855.53,8889.09,-1,1,-0.48,0.43,233.80,232.63,235.10,233.68,125.29,151.22,124.56,100.09,50.36,1244866,0,15,106:02:34,0,0,0,0,0,0
13,AUDIO,2026-02-15 21:30:54,LG6400,46773.05,28322.39,11297.25,7153.42,1,1,-0.53,0.43,235.94,235.14,236.82,235.85,109.06,133.86,107.82,85.51,50.53,1244890.75,0,15,106:02:36,0,0,0,0,0,0
13,AUDIO,2026-02-15 21:30:55,LG6400,39766.04,23639.13,9730.52,6396.39,1,1,-0.53,0.42,237.51,235.20,239.69,237.64,94.84,115.66,90.19,78.68,51.05,1244901.88,0,15,106:02:37,0,0,0,0,0,0
13,AUDIO,2026-02-15 21:30:57,LG6400,40384.49,23896.21,10086.29,6401.99,1,1,-0.54,0.42,238.15,237.11,239.67,237.66,97.29,116.92,95.67,79.29,51.04,1244924.88,0,15,106:02:39,0,0,0,0,0,0
13,AUDIO,2026-02-15 21:30:59,LG6400,38073.51,22765.97,9497.87,5809.68,1,1,-0.54,0.41,238.19,237.18,239.69,237.70,91,110.67,87.81,74.52,51.03,1244947,0,15,106:02:41,0,0,0,0,0,0
13,AUDIO,2026-02-15 21:31:01,LG6400,38218.68,22767.45,9639.88,5811.36,1,0.99,-0.54,0.40,239.85,239.02,241,239.52,90.78,109.57,88.26,74.53,51.03,1244957.75,0,15,106:02:42,0,0,0,0,0,0
13,AUDIO,2026-02-15 21:31:02,LG6400,41084.21,24925.37,10014.18,6144.67,1,1,-0.54,0.40,239.36,238.40,240.82,238.86,96.12,118.98,92.23,77.14,51.02,1244981.50,0,15,106:02:44,0,0,0,0,0,0
13,AUDIO,2026-02-15 21:31:04,LG6400,41393.95,24701.41,10217.72,6474.82,1,1,-0.53,0.42,238.43,237.51,239.80,237.98,97.99,118.39,95.85,79.74,51.01,1245005.38,0,15,106:02:46,0,0,0,0,0,0
13,AUDIO,2026-02-15 21:31:06,LG6400,44421.37,26580.76,10869.83,6970.79,1,0.99,-0.53,0.45,240.02,239.24,241.94,238.88,103.85,126.25,101.59,83.72,51.01,1245032.12,0,15,106:02:47,0,0,0,0,0,0
13,AUDIO,2026-02-15 21:31:07,LG6400,47439.27,28315.29,11446.66,7677.32,1,0.99,-0.50,0.43,235.27,233.68,237.15,234.98,110.21,134.14,107.07,89.43,50.71,1245045.38,0,15,106:02:49,0,0,0,0,0,0
13,AUDIO,2026-02-15 21:31:09,LG6400,54368.19,32117.86,12764.50,9485.83,-1,1,-0.50,0.48,237.42,236.09,239.62,236.55,126.41,152.18,123.52,103.53,50.22,1245073.25,0,15,106:02:51,0,0,0,0,0,0
13,AUDIO,2026-02-15 21:31:11,LG6400,46504.65,28101.75,10939.55,7463.35,1,1,-0.51,0.42,236.92,235.89,238.32,236.55,108.22,133.30,103.32,88.05,50.68,1245097.25,0,15,106:02:52,0,0,0,0,0,0
13,AUDIO,2026-02-15 21:31:12,LG6400,46255.56,27772.12,11161.77,7321.66,1,1,-0.51,0.43,237.36,237.09,238.39,236.60,108.46,132.09,106.61,86.67,50.68,1245110,0,15,106:02:54,0,0,0,0,0,0
13,AUDIO,2026-02-15 21:31:14,LG6400,46657.36,28168.92,11165.53,7322.92,1,1,-0.52,0.43,238.42,237.09,239.89,238.28,107.17,132.25,103.11,86.16,50.71,1245136.25,0,15,106:02:56,0,0,0,0,0,0
13,AUDIO,2026-02-15 21:31:16,LG6400,44552.17,26917.64,10777.25,6857.27,1,1,-0.54,0.42,237.97,237.05,239.86,236.99,102.96,127.23,98.96,82.68,51,1245160.62,0,15,106:02:57,0,0,0,0,0,0
13,AUDIO,2026-02-15 21:31:17,LG6400,53641.60,32725.06,12618.45,8298.08,-1,1,-0.49,0.44,235.76,234.88,236.98,235.41,123.34,153.19,121.44,95.39,50.39,1245175.62,0,15,106:02:59,0,0,0,0,0,0
13,AUDIO,2026-02-15 21:31:19,LG6400,48395.13,29570.52,11488.90,7335.71,1,1,-0.52,0.43,236.93,235.91,238.30,236.56,110.06,137.48,105.82,86.88,51.07,1245202.50,0,15,106:03:01,0,0,0,0,0,0
13,AUDIO,2026-02-15 21:31:21,LG6400,51920.92,31214.26,12435.47,8271.19,-1,1,-0.52,0.45,234.63,232.78,236.88,234.21,120.48,147.98,119.06,94.39,50.48,1245229.50,0,15,106:03:03,0,0,0,0,0,0
13,AUDIO,2026-02-15 21:31:22,LG6400,47725.13,28852.92,11437.03,7435.18,1,1,-0.53,0.41,237.70,235.93,239.65,237.54,109.07,134.81,105.50,86.91,50.83,1245242.75,0,15,106:03:04,0,0,0,0,0,0
13,AUDIO,2026-02-15 21:31:24,LG6400,45338.80,27264.08,11092.67,6982.05,1,1,-0.53,0.42,238.21,237.28,239.66,237.70,104.46,127.53,102.24,83.60,50.81,1245269.50,0,15,106:03:06,0,0,0,0,0,0
13,AUDIO,2026-02-15 21:31:26,LG6400,39790.03,23899.98,10032.71,5857.34,1,0.99,-0.55,0.40,239.60,238.85,240.71,239.25,92.13,112.33,89.32,74.75,51.11,1245289.25,0,15,106:03:08,0,0,0,0,0,0
13,AUDIO,2026-02-15 21:31:28,LG6400,39684.41,23903.43,10032.67,5748.32,1,0.99,-0.55,0.39,236.97,236.55,237.86,236.50,92.45,112.37,90.26,74.74,51.10,1245300.38,0,15,106:03:09,0,0,0,0,0,0
13,AUDIO,2026-02-15 21:31:29,LG6400,43201.11,25888.70,10806.92,6505.49,1,1,-0.56,0.41,236.03,234.68,238.01,235.39,99.85,122.06,97.25,80.24,51.07,1245323.25,0,15,106:03:11,0,0,0,0,0,0
13,AUDIO,2026-02-15 21:31:31,LG6400,46046.09,27940.17,11032.18,7073.74,1,1,-0.51,0.44,235.76,234.90,237.74,234.64,104.69,129.68,100.26,84.13,50.78,1245346.88,0,15,106:03:13,0,0,0,0,0,0
13,AUDIO,2026-02-15 21:31:33,LG6400,47657.27,29214.30,11289.17,7153.79,1,1,-0.51,0.43,235.67,234.64,237.76,234.61,108.11,135.68,103.59,85.07,50.78,1245370.62,0,15,106:03:14,0,0,0,0,0,0
13,AUDIO,2026-02-15 21:31:35,LG6400,35988.16,21634.40,9254.85,5098.91,1,0.99,-0.58,0.36,238.25,236.92,239.39,238.44,84.41,103.48,81.35,68.41,51.12,1245380.75,0,15,106:03:17,0,0,0,0,0,0
13,AUDIO,2026-02-15 21:31:36,LG6400,33130.93,19775.07,8685.96,4669.90,1,0.99,-0.56,0.37,238.20,236.96,239.32,238.33,79.89,96.41,78.04,65.22,51.11,1245401.75,0,15,106:03:18,0,0,0,0,0,0
13,AUDIO,2026-02-15 21:31:38,LG6400,44371.20,26619.66,10793.24,6958.29,1,1,-0.52,0.41,236.84,235.72,237.87,236.94,103.54,126.09,100.85,83.68,51.08,1245425.38,0,15,106:03:20,0,0,0,0,0,0
13,AUDIO,2026-02-15 21:31:40,LG6400,49127.98,29541.73,11889.46,7696.79,-1,1,-0.49,0.42,236.23,235.50,238.31,234.87,115.20,140.48,114.26,90.86,50.81,1245452,0,15,106:03:22,0,0,0,0,0,0
13,AUDIO,2026-02-15 21:31:42,LG6400,44214.84,26471.30,10960.42,6783.12,1,1,-0.53,0.42,240.98,240.53,242.55,239.85,103.22,125.27,101.86,82.53,51.11,1245464.38,0,15,106:03:23,0,0,0,0,0,0
13,AUDIO,2026-02-15 21:31:43,LG6400,41534.11,25230.30,10113.49,6190.31,1,1,-0.52,0.41,236.98,235.67,238.50,236.75,98.19,122.04,94.54,77.99,51.09,1245488.25,0,15,106:03:25,0,0,0,0,0,0
13,AUDIO,2026-02-15 21:31:45,LG6400,50469.63,29955.43,12382.40,8131.80,-1,1,-0.50,0.43,239.02,238.21,240.12,238.74,118.83,141.95,120.45,94.08,50.91,1245517.25,0,15,106:03:27,0,0,0,0,0,0
13,AUDIO,2026-02-15 21:31:47,LG6400,45867.39,27289.04,11224.32,7354.02,1,1,-0.53,0.45,237.81,237.08,239.58,236.78,108.84,131.20,108.08,87.22,51.05,1245546.12,0,15,106:03:28,0,0,0,0,0,0
13,AUDIO,2026-02-15 21:31:48,LG6400,64702.68,39616.73,14512.09,10573.86,-1,1,-0.49,0.50,234.16,232.90,236.50,233.09,146.67,183.95,142.83,113.24,50,1245564,0,15,106:03:30,0,0,0,0,0,0
13,AUDIO,2026-02-15 21:31:50,LG6400,45741.04,27691.71,10921.08,7128.26,-1,1,-0.51,0.43,237.42,236.61,238.86,236.80,106.57,131.28,103.07,85.34,50.69,1245589.50,0,15,106:03:32,0,0,0,0,0,0
13,AUDIO,2026-02-15 21:31:52,LG6400,46532,27965.62,11104,7462.39,1,0.99,-0.53,0.42,238.57,237.86,240.94,236.90,106.85,131.51,102.21,86.85,50.58,1245614.12,0,15,106:03:33,0,0,0,0,0,0
13,AUDIO,2026-02-15 21:31:53,LG6400,42037.88,24958.52,10399.61,6679.75,1,1,-0.53,0.43,237.70,237.80,238.34,236.95,100.13,120.57,97.95,81.88,50.94,1245625.88,0,15,106:03:35,0,0,0,0,0,0
13,AUDIO,2026-02-15 21:31:55,LG6400,43970.93,26200.53,10603.93,7166.48,1,1,-0.53,0.43,237.26,236.24,238.63,236.90,103.27,125.67,98.84,85.29,50.93,1245652,0,15,106:03:37,0,0,0,0,0,0
13,AUDIO,2026-02-15 21:31:57,LG6400,47130.03,27983.41,11361.36,7785.26,1,1,-0.52,0.43,236.20,235.08,237.91,235.60,109.39,132.69,105.22,90.25,50.93,1245678.12,0,15,106:03:39,0,0,0,0,0,0
13,AUDIO,2026-02-15 21:31:58,LG6400,45224.81,27357.19,10979.46,6888.16,1,1,-0.50,0.41,240.92,240.30,242.11,240.34,103.91,127.52,101.16,83.06,50.94,1245690.62,0,15,106:03:40,0,0,0,0,0,0
13,AUDIO,2026-02-15 21:32:00,LG6400,50869.90,30780.36,12072.32,8017.22,1,1,-0.53,0.45,239.17,238.60,240.98,237.94,116.19,143.09,112.72,92.75,51.07,1245719.88,0,15,106:03:42,0,0,0,0,0,0
13,AUDIO,2026-02-15 21:32:02,LG6400,34799.40,20431.06,9052.52,5315.83,1,1,-0.54,0.40,237.27,235.76,239.52,236.54,84.43,100.73,82.58,69.99,51.12,1245748.50,0,15,106:03:44,0,0,0,0,0,0
13,AUDIO,2026-02-15 21:32:04,LG6400,57572.55,35568.47,13057.94,8946.15,-1,1,-0.50,0.45,232.09,230.81,234.39,231.06,129.85,164.79,124.40,100.34,50.23,1245764.50,0,15,106:03:45,0,0,0,0,0,0
13,AUDIO,2026-02-15 21:32:05,LG6400,54285.30,33030.14,12478.02,8777.14,1,0.99,-0.50,0.44,233.66,232.41,235.61,232.97,125.06,155.73,120.75,98.70,50.20,1245790.75,0,15,106:03:47,0,0,0,0,0,0
13,AUDIO,2026-02-15 21:32:07,LG6400,59422.20,35881.94,13666.38,9873.88,-0.99,1,-0.47,0.46,237.11,235.79,239.06,236.48,136.65,169,133.12,107.82,50.16,1245818,0,15,106:03:49,0,0,0,0,0,0
13,AUDIO,2026-02-15 21:32:09,LG6400,47928.71,28939.87,11365.95,7622.90,1,0.99,-0.53,0.42,239.39,238.58,241.44,238.15,109.35,134.89,104.87,88.31,50.56,1245842.38,0,15,106:03:50,0,0,0,0,0,0
13,AUDIO,2026-02-15 21:32:11,LG6400,42046.63,24810.16,10423.01,6813.45,1,1,-0.53,0.43,237.58,236.80,237.85,238.09,101.10,120.31,99.56,83.43,50.94,1245854,0,15,106:03:53,0,0,0,0,0,0
13,AUDIO,2026-02-15 21:32:12,LG6400,53852.18,32660.10,12365.12,8826.95,-1,1,-0.49,0.47,234.76,233.67,237.03,233.58,124.62,154.66,119.35,99.84,50.65,1245882.25,0,15,106:03:54,0,0,0,0,0,0
13,AUDIO,2026-02-15 21:32:14,LG6400,48830.63,29160.01,11701.94,7968.67,1,0.99,-0.51,0.43,234.78,233.55,237.05,233.75,113.49,138.23,110.48,91.77,50.68,1245907.50,0,15,106:03:56,0,0,0,0,0,0
13,AUDIO,2026-02-15 21:32:16,LG6400,56358.12,34119.74,13026.41,9211.96,1,1,-0.52,0.46,232.97,231.09,235.16,232.66,128.49,159.84,123.63,102,50.32,1245935.38,0,15,106:03:58,0,0,0,0,0,0
13,AUDIO,2026-02-15 21:32:18,LG6400,41506.36,24769.61,10174.25,6562.50,1,1,-0.52,0.39,238.57,238.05,239.42,238.24,98.95,119.84,96.07,80.93,51.18,1245946.75,0,15,106:03:59,0,0,0,0,0,0
13,AUDIO,2026-02-15 21:32:19,LG6400,39032.71,23089.59,9804.91,6138.21,1,0.99,-0.57,0.41,238.31,237.50,239.52,237.92,93.75,112.33,91.96,76.96,51.09,1245973.62,0,15,106:04:01,0,0,0,0,0,0
13,AUDIO,2026-02-15 21:32:21,LG6400,49725.77,29993.65,11719.35,8012.77,1,1,-0.50,0.42,237.74,235.89,239.49,237.83,114.77,141.13,111.04,92.15,50.46,1246014.38,0,15,106:04:03,0,0,0,0,0,0
13,AUDIO,2026-02-15 21:32:23,LG6400,65375.98,40009.12,14606.52,10760.34,-1,1,-0.47,0.46,232.04,229.97,235.03,231.12,147.66,185.95,142.14,114.88,50.19,1246032.50,0,15,106:04:05,0,0,0,0,0,0
13,AUDIO,2026-02-15 21:32:25,LG6400,42703.62,24873.46,10801.76,7028.40,1,1,-0.56,0.43,237.01,235.51,238.51,237.02,100.31,118.86,98.47,83.60,50.91,1246056.25,0,15,106:04:07,0,0,0,0,0,0
13,AUDIO,2026-02-15 21:32:27,LG6400,60774.50,37994.71,13398.01,9381.77,-1,1,-0.48,0.45,233.57,232.31,235.39,233.02,134.59,173.69,126.81,103.26,50.23,1246073,0,15,106:04:08,0,0,0,0,0,0
13,AUDIO,2026-02-15 21:32:28,LG6400,55328.37,33679.25,12938.87,8710.26,-1,1,-0.50,0.44,236.51,235.33,238.68,235.53,124.96,155.07,121.98,97.83,50.59,1246104.88,0,15,106:04:10,0,0,0,0,0,0
13,AUDIO,2026-02-15 21:32:30,LG6400,51540.39,31178.99,12077.42,8283.97,1,1,-0.51,0.44,236.52,235.32,238.64,235.59,118.17,146.21,114.25,94.06,50.60,1246133.88,0,15,106:04:12,0,0,0,0,0,0
13,AUDIO,2026-02-15 21:32:32,LG6400,53225.52,31778.03,12650.52,8796.98,-1,1,-0.49,0.45,238.17,237.06,240,237.46,123.27,149.06,122.30,98.44,50.61,1246163.62,0,15,106:04:13,0,0,0,0,0,0
13,AUDIO,2026-02-15 21:32:34,LG6400,49762.56,30333.09,11691.54,7737.93,1,1,-0.50,0.43,238.15,237.06,239.94,237.45,112.72,140.32,107.96,89.87,50.98,1246177.62,0,15,106:04:16,0,0,0,0,0,0
13,AUDIO,2026-02-15 21:32:35,LG6400,47705.32,28829.44,11536.95,7338.94,-1,1,-0.52,0.42,237.72,236.30,239.92,236.95,110.41,135.72,108.36,87.14,50.98,1246203.12,0,15,106:04:17,0,0,0,0,0,0
13,AUDIO,2026-02-15 21:32:37,LG6400,50504.84,30516.80,11944.28,8043.76,1,1,-0.51,0.42,237.17,235.89,239.83,235.80,114.77,141.28,110.72,92.32,50.91,1246231.88,0,15,106:04:19,0,0,0,0,0,0
13,AUDIO,2026-02-15 21:32:39,LG6400,52427.50,31720.38,12443.05,8264.08,1,1,-0.51,0.45,235.93,234.45,237.67,235.68,120.19,148.67,117.41,94.50,50.63,1246261,0,15,106:04:21,0,0,0,0,0,0
13,AUDIO,2026-02-15 21:32:41,LG6400,48651.71,29305.99,11572.23,7773.49,1,1,-0.51,0.44,237.75,236.50,239.20,237.54,112.18,137.71,108.75,90.09,50.64,1246274.50,0,15,106:04:22,0,0,0,0,0,0
13,AUDIO,2026-02-15 21:32:42,LG6400,45242.78,26980.94,11038.13,7223.71,1,1,-0.52,0.43,237.69,236.46,239.14,237.48,106.02,128.52,103.76,85.78,50.94,1246299.62,0,15,106:04:24,0,0,0,0,0,0
13,AUDIO,2026-02-15 21:32:44,LG6400,44358.77,26832.41,10650.18,6876.18,1,1,-0.54,0.40,238.12,236.46,239.15,238.73,102.91,127.29,98.24,83.19,50.98,1246325,0,15,106:04:26,0,0,0,0,0,0
13,AUDIO,2026-02-15 21:32:46,LG6400,49940.91,30237.93,11850.63,7852.35,1,1,-0.52,0.42,237.23,236.52,239.21,235.97,115.30,142.17,112.39,91.34,50.59,1246351.38,0,15,106:04:27,0,0,0,0,0,0
13,AUDIO,2026-02-15 21:32:47,LG6400,50230.54,30237.56,11971.05,8021.92,1,1,-0.49,0.43,239.71,239.29,240.87,238.98,114.67,139.63,111.76,92.62,51.04,1246365.25,0,15,106:04:29,0,0,0,0,0,0
13,AUDIO,2026-02-15 21:32:49,LG6400,47887.22,29093.93,11482.28,7311.01,1,1,-0.52,0.43,236.91,235.77,238.88,236.08,109.01,135.12,105.38,86.53,51.03,1246392.50,0,15,106:04:31,0,0,0,0,0,0
13,AUDIO,2026-02-15 21:32:51,LG6400,42889,25726.53,10492.87,6669.60,1,1,-0.53,0.41,236.92,235.84,238.80,236.13,100.45,122.30,97.46,81.60,51.02,1246417.25,0,15,106:04:32,0,0,0,0,0,0
13,AUDIO,2026-02-15 21:32:52,LG6400,45793.20,27694.93,11036.36,7061.90,1,1,-0.52,0.41,236.92,235.85,238.75,236.15,106.34,131.09,103.15,84.79,51.02,1246429.88,0,15,106:04:34,0,0,0,0,0,0
13,AUDIO,2026-02-15 21:32:54,LG6400,40777.94,24273.63,10370.53,6133.78,1,1,-0.53,0.41,237.80,237.22,238.83,237.37,96.85,116.59,96.92,77.04,51.02,1246453.25,0,15,106:04:36,0,0,0,0,0,0
13,AUDIO,2026-02-15 21:32:56,LG6400,36462.43,21865.88,9289.44,5307.11,1,0.99,-0.55,0.38,237.83,237.21,238.88,237.41,85.92,104.68,83.08,70.01,51.03,1246473.88,0,15,106:04:38,0,0,0,0,0,0
13,AUDIO,2026-02-15 21:32:57,LG6400,29636.23,17776.52,7970.60,3889.11,0.99,0.99,-0.60,0.32,237.84,237.20,238.88,237.45,70.48,85.83,67.02,58.58,51.04,1246482.25,0,15,106:04:39,0,0,0,0,0,0
13,AUDIO,2026-02-15 21:32:59,LG6400,29084.73,17106.99,8097.48,3880.25,0.99,0.99,-0.60,0.32,238.39,237.23,238.90,239.03,69.58,82.55,67.73,58.45,51.04,1246501.50,0,15,106:04:41,0,0,0,0,0,0
13,AUDIO,2026-02-15 21:33:01,LG6400,37340.31,22147.02,9436.21,5757.08,1,1,-0.55,0.41,237.79,237.18,238.85,237.35,90.07,108.86,87.41,73.93,51.04,1246519.38,0,15,106:04:43,0,0,0,0,0,0
13,AUDIO,2026-02-15 21:33:03,LG6400,34780.40,20429.15,9074.67,5276.59,1,0.99,-0.56,0.39,237.77,237.15,238.82,237.34,83.60,99.23,81.82,69.76,51.04,1246529.12,0,15,106:04:44,0,0,0,0,0,0
13,AUDIO,2026-02-15 21:33:04,LG6400,40958.84,23930.70,10333.93,6694.21,1,1,-0.52,0.43,237.34,235.92,238.77,237.33,99.10,117.28,98.38,81.66,51.03,1246551.38,0,15,106:04:46,0,0,0,0,0,0
13,AUDIO,2026-02-15 21:33:06,LG6400,39427.40,23798.37,9672.27,5956.76,1,1,-0.53,0.41,237.35,235.97,238.76,237.32,94.56,116.43,91.23,76.02,51.02,1246573.25,0,15,106:04:48,0,0,0,0,0,0
13,AUDIO,2026-02-15 21:33:08,LG6400,36080.65,21657.21,9123.72,5299.72,1,1,-0.55,0.39,237.39,236.04,238.78,237.34,86.95,106.14,84.12,70.58,51.02,1246583.12,0,15,106:04:49,0,0,0,0,0,0
13,AUDIO,2026-02-15 21:33:09,LG6400,37563.22,22344.31,9283,5935.92,1,1,-0.54,0.41,237.46,236.17,238.82,237.39,90.37,109.74,85.97,75.40,51.03,1246603.12,0,15,106:04:51,0,0,0,0,0,0
13,AUDIO,2026-02-15 21:33:11,LG6400,39787.73,23715.05,9905.21,6167.47,1,1,-0.53,0.41,237.45,236.25,238.77,237.33,96.18,116.21,94.48,77.85,51.02,1246623.25,0,15,106:04:53,0,0,0,0,0,0
13,AUDIO,2026-02-15 21:33:13,LG6400,30851.23,18208.32,8164.37,4478.53,1,0.99,-0.58,0.37,238.46,237.81,238.80,238.75,75.49,90.49,72.40,63.58,51.04,1246640.25,0,15,106:04:54,0,0,0,0,0,0
13,AUDIO,2026-02-15 21:33:15,LG6400,27812.56,16545.08,7645.98,3621.50,1,0.99,-0.59,0.33,238,237.78,238.79,237.43,68.29,82.10,66.28,56.50,51.06,1246647.88,0,15,106:04:57,0,0,0,0,0,0
13,AUDIO,2026-02-15 21:33:16,LG6400,36086.12,21488.85,9278.73,5318.53,1,0.99,-0.54,0.39,237.40,236.01,238.77,237.41,87.76,106.18,86.42,70.69,51.05,1246668.62,0,15,106:04:58,0,0,0,0,0,0
13,AUDIO,2026-02-15 21:33:18,LG6400,32607.83,19260.07,8541.65,4806.11,1,0.99,-0.56,0.38,237.82,237.29,238.75,237.41,79.59,95.38,77.33,66.05,51.05,1246687.12,0,15,106:05:00,0,0,0,0,0,0
13,AUDIO,2026-02-15 21:33:20,LG6400,33292.45,19854.74,8658.17,4779.53,1,0.99,-0.56,0.38,237.39,237.21,238.67,236.29,81.36,98.75,79.07,66.25,51.04,1246707.38,0,15,106:05:02,0,0,0,0,0,0
13,AUDIO,2026-02-15 21:33:22,LG6400,33316.85,19424.90,8660.48,5231.47,1,0.99,-0.55,0.40,237.91,237.21,238.69,237.82,81.61,96.33,79.09,69.42,51.04,1246716.62,0,15,106:05:03,0,0,0,0,0,0
13,AUDIO,2026-02-15 21:33:23,LG6400,31723.46,18864.71,8361.58,4497.16,1,0.99,-0.57,0.37,237.90,237.21,238.70,237.80,76.85,92.36,74.60,63.59,51.04,1246734.62,0,15,106:05:05,0,0,0,0,0,0
13,AUDIO,2026-02-15 21:33:25,LG6400,23269.43,13658.17,6817.01,2794.25,0.99,0.98,-0.63,0.30,237.91,237.22,238.70,237.80,57.84,68.40,55.34,49.78,51.06,1246748.88,0,15,106:05:07,0,0,0,0,0,0
13,AUDIO,2026-02-15 21:33:27,LG6400,31721.24,19162.02,8710.08,3849.14,1,0.99,-0.55,0.31,237.94,237.27,238.72,237.82,79.66,94.87,79.29,64.81,51.06,1246763.75,0,15,106:05:08,0,0,0,0,0,0
13,AUDIO,2026-02-15 21:33:29,LG6400,33762.64,19979.80,8926.74,4856.09,1,0.99,-0.55,0.38,237.94,237.26,238.74,237.81,82.44,98.75,81.76,66.80,51.06,1246773.25,0,15,106:05:11,0,0,0,0,0,0
13,AUDIO,2026-02-15 21:33:31,LG6400,31133.67,18377.52,8343.17,4412.98,1,0.99,-0.57,0.36,237.93,237.24,238.75,237.79,76.20,91.13,74.54,62.93,51.07,1246790.88,0,15,106:05:12,0,0,0,0,0,0
13,AUDIO,2026-02-15 21:33:33,LG6400,39412.34,23700.68,9810.85,5900.81,1,1,-0.54,0.42,237.45,237.17,238.74,236.45,92.29,112.90,88.87,75.11,51.06,1246819.75,0,15,106:05:14,0,0,0,0,0,0
13,AUDIO,2026-02-15 21:33:34,LG6400,35976.86,21359.34,9225.96,5391.56,1,0.99,-0.55,0.39,237.48,237.16,238.75,236.52,86.10,103.49,83.91,70.90,51.06,1246829.75,0,15,106:05:16,0,0,0,0,0,0
13,AUDIO,2026-02-15 21:33:36,LG6400,38572.11,23130.08,9705.03,5736.99,1,0.99,-0.54,0.40,237.46,237.07,238.75,236.55,90.10,109.70,86.99,73.60,51.05,1246851.12,0,15,106:05:18,0,0,0,0,0,0
13,AUDIO,2026-02-15 21:33:38,LG6400,55740.97,33881.98,12901.14,8957.85,1,1,-0.53,0.46,239.94,238.58,241.51,239.73,127.57,159.04,124.25,99.43,50.29,1246880,0,15,106:05:19,0,0,0,0,0,0
13,AUDIO,2026-02-15 21:33:39,LG6400,56900.83,34553.03,13095.90,9251.90,1,1,-0.49,0.44,239.92,238.58,241.48,239.71,128.36,159.02,124.28,101.76,50.71,1246895.75,0,15,106:05:21,0,0,0,0,0,0
13,AUDIO,2026-02-15 21:33:41,LG6400,53114.27,31928.12,12668.88,8517.27,-1,1,-0.50,0.44,237.95,236.91,239.86,237.09,119.66,146.36,117.13,95.49,50.73,1246925.12,0,15,106:05:23,0,0,0,0,0,0
13,AUDIO,2026-02-15 21:33:43,LG6400,50465.95,30628.06,11867.16,7970.73,1,1,-0.51,0.43,236.05,234.91,237.79,235.46,115.35,142.96,111.19,91.89,50.75,1246953.38,0,15,106:05:25,0,0,0,0,0,0
13,AUDIO,2026-02-15 21:33:45,LG6400,49557.24,30104.42,11654.50,7798.32,1,1,-0.51,0.43,236.08,234.94,237.81,235.49,113.60,140.83,109.62,90.35,50.76,1246967,0,15,106:05:26,0,0,0,0,0,0
13,AUDIO,2026-02-15 21:33:46,LG6400,47720.12,28864.13,11504.31,7351.68,-1,1,-0.52,0.44,238.31,237.41,239.30,238.22,109.63,134.50,107.25,87.13,51.02,1246994.38,0,15,106:05:28,0,0,0,0,0,0
13,AUDIO,2026-02-15 21:33:48,LG6400,47835.27,28890.97,11536.64,7407.65,1,1,-0.52,0.43,238.39,237.39,239.59,238.20,108.92,133.82,106.01,86.92,51.01,1247021.50,0,15,106:05:30,0,0,0,0,0,0
13,AUDIO,2026-02-15 21:33:50,LG6400,52430.83,31960.97,12331.09,8138.77,-1,1,-0.49,0.43,235.10,234.44,236.32,234.54,121.06,150,118.93,94.24,50.53,1247036.12,0,15,106:05:31,0,0,0,0,0,0
13,AUDIO,2026-02-15 21:33:52,LG6400,46983.48,28254.52,11436.02,7292.93,1,1,-0.52,0.43,237.41,236.80,238.82,236.60,109.66,133.79,108.30,86.89,50.88,1247075.25,0,15,106:05:33,0,0,0,0,0,0
13,AUDIO,2026-02-15 21:33:53,LG6400,48572.12,29392.23,11613.85,7566.04,-1,1,-0.50,0.46,238.42,238.10,240.49,236.67,111.54,137.05,109.03,88.54,50.86,1247088.75,0,15,106:05:35,0,0,0,0,0,0
13,AUDIO,2026-02-15 21:33:55,LG6400,39070.76,23203.43,9913.25,5954.08,1,1,-0.55,0.39,237.25,236.21,238.83,236.72,91.87,110.82,89.58,75.22,50.87,1247111.25,0,15,106:05:37,0,0,0,0,0,0
13,AUDIO,2026-02-15 21:33:57,LG6400,35323.69,20958.28,9086.99,5278.42,1,0.99,-0.57,0.37,237.79,236.28,238.83,238.25,84.36,101.66,81.53,69.91,50.90,1247132.12,0,15,106:05:39,0,0,0,0,0,0
13,AUDIO,2026-02-15 21:33:59,LG6400,34652.57,20525.51,9086.79,5040.27,1,0.99,-0.57,0.37,237.80,236.33,238.82,238.23,82.31,98.61,80.41,67.90,50.91,1247141.88,0,15,106:05:40,0,0,0,0,0,0
13,AUDIO,2026-02-15 21:34:00,LG6400,39724.90,24016.62,9888.34,5819.94,1,1,-0.55,0.39,237.36,236.33,238.77,236.98,91.30,112.18,87.47,74.25,50.92,1247163.12,0,15,106:05:42,0,0,0,0,0,0
13,AUDIO,2026-02-15 21:34:02,LG6400,40341.49,24075.70,10251.98,6013.81,1,1,-0.54,0.40,237.34,236.33,238.73,236.95,94.88,114.83,93.89,75.92,50.92,1247184.62,0,15,106:05:44,0,0,0,0,0,0
13,AUDIO,2026-02-15 21:34:04,LG6400,41342.05,24800.12,10339.06,6202.87,1,1,-0.53,0.41,237.36,236.36,238.75,236.98,97.41,118.52,95.82,77.91,50.92,1247196.12,0,15,106:05:45,0,0,0,0,0,0
13,AUDIO,2026-02-15 21:34:05,LG6400,40000.63,23997.86,10016.66,5986.11,1,1,-0.55,0.40,237.42,236.45,238.77,237.05,93.43,113.79,90.68,75.83,50.94,1247217.88,0,15,106:05:47,0,0,0,0,0,0
13,AUDIO,2026-02-15 21:34:07,LG6400,43797.76,26448.65,10722.75,6626.35,1,1,-0.53,0.41,237.34,236.36,238.72,236.95,101.37,124.81,98.29,81.01,50.94,1247242,0,15,106:05:49,0,0,0,0,0,0
13,AUDIO,2026-02-15 21:34:09,LG6400,39542.98,23557.74,9954.79,6030.46,1,1,-0.54,0.40,237.38,236.40,238.74,237,94.41,114.23,92.70,76.31,50.94,1247264.88,0,15,106:05:50,0,0,0,0,0,0
13,AUDIO,2026-02-15 21:34:10,LG6400,39740.67,23763.42,10012.92,5964.33,1,1,-0.54,0.40,237.43,236.45,238.78,237.05,93.60,113.57,91.62,75.60,50.95,1247276,0,15,106:05:52,0,0,0,0,0,0
13,AUDIO,2026-02-15 21:34:12,LG6400,40963.17,24503.28,10209.76,6250.13,1,1,-0.54,0.40,237.46,236.48,238.79,237.10,96.31,117.05,93.89,77.98,50.96,1247298.25,0,15,106:05:54,0,0,0,0,0,0
13,AUDIO,2026-02-15 21:34:15,LG6400,37891.14,22584.37,9569.83,5736.95,1,1,-0.54,0.40,237.44,236.48,238.77,237.07,90,108.95,87.16,73.87,50.96,1247330.25,0,15,106:05:56,0,0,0,0,0,0
13,AUDIO,2026-02-15 21:34:16,LG6400,38260.61,22748.08,9695.12,5817.41,1,1,-0.54,0.40,237.47,236.51,238.79,237.10,91.41,110.13,89.64,74.45,50.97,1247341,0,15,106:05:58,0,0,0,0,0,0
13,AUDIO,2026-02-15 21:34:18,LG6400,36842.45,21855.31,9425.56,5561.59,1,0.99,-0.55,0.39,237.49,236.56,238.79,237.13,87.65,105.31,85.47,72.18,50.97,1247362.12,0,15,106:06:00,0,0,0,0,0,0
13,AUDIO,2026-02-15 21:34:20,LG6400,40472.32,24114.70,10212.95,6144.67,1,1,-0.54,0.41,237.46,236.53,238.76,237.08,95.74,115.56,94.64,77.01,50.97,1247383.88,0,15,106:06:01,0,0,0,0,0,0
13,AUDIO,2026-02-15 21:34:21,LG6400,37075.94,22119.82,9361.22,5594.90,1,1,-0.54,0.40,237.48,236.55,238.77,237.11,88.33,106.95,85.66,72.36,50.97,1247394,0,15,106:06:03,0,0,0,0,0,0
13,AUDIO,2026-02-15 21:34:23,LG6400,29241.92,17661.98,7836.20,3743.74,1,0.99,-0.57,0.33,238.13,238.40,238.83,237.16,70.11,85.93,66.55,57.84,51.28,1247412.75,0,15,106:06:05,0,0,0,0,0,0
13,AUDIO,2026-02-15 21:34:25,LG6400,20281.43,11973.85,6122.25,2185.32,0.98,0.97,-0.68,0.26,238.15,238.33,238.82,237.28,49.05,60.22,44.18,42.74,51.28,1247424.62,0,15,106:06:06,0,0,0,0,0,0
13,AUDIO,2026-02-15 21:34:26,LG6400,26998.79,15490.12,8515.40,2993.26,1,0.99,-0.65,0.32,238.11,238.29,238.79,237.26,64.55,77.82,67.24,48.57,51.27,1247432,0,15,106:06:08,0,0,0,0,0,0
13,AUDIO,2026-02-15 21:34:28,LG6400,28317.02,16191.79,8062.45,4062.77,0.99,0.99,-0.60,0.33,238.89,238.21,239.18,239.29,70.23,80.49,69.82,60.37,51.28,1247451.12,0,15,106:06:10,0,0,0,0,0,0
13,AUDIO,2026-02-15 21:34:30,LG6400,19711.95,11556.49,6072.15,2083.31,0.97,0.97,-0.68,0.25,238.83,238.19,239.14,239.16,47.88,58.21,43.49,41.95,51.29,1247462.25,0,15,106:06:12,0,0,0,0,0,0
13,AUDIO,2026-02-15 21:34:32,LG6400,19680.05,11557.69,6071.17,2051.20,0.97,0.97,-0.69,0.25,238.80,238.17,239.12,239.11,47.81,58.22,43.48,41.73,51.29,1247467.75,0,15,106:06:13,0,0,0,0,0,0
13,AUDIO,2026-02-15 21:34:33,LG6400,19673.03,11554.29,6067.85,2050.88,0.97,0.97,-0.69,0.25,238.75,238.14,239.09,239.01,47.72,58.22,43.22,41.72,51.30,1247478.75,0,15,106:06:15,0,0,0,0,0,0
13,AUDIO,2026-02-15 21:34:35,LG6400,19631.05,11549.39,6031.15,2050.50,0.97,0.97,-0.68,0.25,238.70,238.11,239.06,238.92,47.71,58.21,43.22,41.71,51.30,1247489.62,0,15,106:06:17,0,0,0,0,0,0
13,AUDIO,2026-02-15 21:34:37,LG6400,19629.38,11546.98,6032.02,2050.38,0.97,0.97,-0.68,0.25,238.68,238.10,239.05,238.88,47.71,58.21,43.22,41.70,51.31,1247495.12,0,15,106:06:18,0,0,0,0,0,0
13,AUDIO,2026-02-15 21:34:38,LG6400,19903.41,11721.70,6066.87,2114.85,0.97,0.97,-0.69,0.25,238.62,238.06,239,238.80,48.26,59.09,43.60,42.09,51.31,1247506.25,0,15,106:06:20,0,0,0,0,0,0
13,AUDIO,2026-02-15 21:34:40,LG6400,21625.17,12820.04,6410.34,2394.79,0.98,0.97,-0.67,0.27,238.59,238.02,238.99,238.74,51.14,63.43,45.88,44.10,51.30,1247517.75,0,15,106:06:22,0,0,0,0,0,0
13,AUDIO,2026-02-15 21:34:42,LG6400,20432.04,12048.85,6129.64,2253.55,0.98,0.97,-0.68,0.26,238.55,238.01,238.98,238.68,49.52,60.65,44.83,43.08,51.29,1247529.38,0,15,106:06:23,0,0,0,0,0,0
13,AUDIO,2026-02-15 21:34:43,LG6400,20886.53,12354.07,6237.11,2295.35,0.98,0.97,-0.67,0.27,238.54,238.02,238.96,238.65,50.22,61.85,45.35,43.47,51.28,1247535.25,0,15,106:06:25,0,0,0,0,0,0
13,AUDIO,2026-02-15 21:34:45,LG6400,20564.33,12141.60,6169.76,2252.97,0.98,0.97,-0.67,0.26,238.51,237.99,238.94,238.59,49.86,60.97,45.17,43.45,51.28,1247546.62,0,15,106:06:27,0,0,0,0,0,0
13,AUDIO,2026-02-15 21:34:47,LG6400,21605.38,12862.07,6347.51,2395.80,0.98,0.97,-0.67,0.27,238.48,237.97,238.92,238.54,51.14,63.46,45.80,44.16,51.27,1247558.38,0,15,106:06:28,0,0,0,0,0,0
13,AUDIO,2026-02-15 21:34:48,LG6400,21056.26,12526.50,6202.28,2327.48,0.98,0.97,-0.67,0.26,238.47,237.97,238.93,238.52,50.56,62.43,45.49,43.76,51.27,1247564.25,0,15,106:06:30,0,0,0,0,0,0
13,AUDIO,2026-02-15 21:34:50,LG6400,20336.35,11976.98,6114.47,2244.89,0.98,0.97,-0.67,0.27,238.46,237.96,238.92,238.49,49.23,60.17,44.59,42.94,51.26,1247575.62,0,15,106:06:32,0,0,0,0,0,0
13,AUDIO,2026-02-15 21:34:53,LG6400,20307.98,11971.89,6127.99,2208.09,0.98,0.97,-0.68,0.26,238.43,237.93,238.90,238.46,49.22,60.17,44.56,42.93,51.26,1247592.50,0,15,106:06:35,0,0,0,0,0,0
13,AUDIO,2026-02-15 21:34:54,LG6400,20420.85,11973.30,6164.19,2283.36,0.98,0.97,-0.67,0.27,238.43,237.94,238.90,238.45,49.23,60.18,44.56,42.95,51.26,1247598.25,0,15,106:06:36,0,0,0,0,0,0
13,AUDIO,2026-02-15 21:34:56,LG6400,20594.38,12204.10,6166.11,2224.17,0.98,0.97,-0.67,0.26,238.41,237.93,238.89,238.42,49.52,61.03,44.56,42.95,51.26,1247609.62,0,15,106:06:38,0,0,0,0,0,0
13,AUDIO,2026-02-15 21:34:58,LG6400,20299.60,11941.96,6163.72,2193.93,0.98,0.97,-0.68,0.26,238.41,237.93,238.89,238.40,49.03,60.05,44.32,42.71,51.26,1247621,0,15,106:06:40,0,0,0,0,0,0
13,AUDIO,2026-02-15 21:35:00,LG6400,20298.18,11941.69,6162.01,2194.48,0.98,0.97,-0.69,0.26,238.40,237.91,238.89,238.40,49.03,60.06,44.31,42.71,51.25,1247626.50,0,15,106:06:41,0,0,0,0,0,0
13,AUDIO,2026-02-15 21:35:01,LG6400,20243.93,11870.59,6161.72,2211.63,0.98,0.97,-0.68,0.26,238.39,237.90,238.88,238.38,49.03,60.04,44.33,42.72,51.26,1247637.75,0,15,106:06:43,0,0,0,0,0,0
13,AUDIO,2026-02-15 21:35:03,LG6400,20513.45,12096.60,6177.15,2239.69,0.98,0.97,-0.68,0.26,238.38,237.90,238.88,238.36,49.60,60.94,44.76,43.10,51.25,1247649.12,0,15,106:06:45,0,0,0,0,0,0
13,AUDIO,2026-02-15 21:35:05,LG6400,20353.03,11997.95,6143.84,2211.24,0.98,0.97,-0.67,0.26,238.38,237.90,238.87,238.35,49.35,60.42,44.75,42.88,51.25,1247654.88,0,15,106:06:46,0,0,0,0,0,0
13,AUDIO,2026-02-15 21:35:06,LG6400,20839.54,12297.75,6223.11,2318.68,0.98,0.97,-0.67,0.27,238.36,237.90,238.86,238.33,50.28,61.87,45.38,43.58,51.26,1247666.38,0,15,106:06:48,0,0,0,0,0,0
13,AUDIO,2026-02-15 21:35:08,LG6400,20757.84,12295.68,6155.28,2306.89,0.98,0.97,-0.66,0.27,238.36,237.90,238.86,238.32,50.28,61.87,45.38,43.59,51.25,1247678,0,15,106:06:50,0,0,0,0,0,0
13,AUDIO,2026-02-15 21:35:10,LG6400,21312.91,12688.03,6253.88,2370.99,0.98,0.98,-0.66,0.27,238.35,237.89,238.86,238.32,50.99,63.22,45.79,43.95,51.25,1247689.88,0,15,106:06:51,0,0,0,0,0,0
13,AUDIO,2026-02-15 21:35:12,LG6400,21503.32,12789.76,6255.09,2458.47,0.98,0.98,-0.65,0.28,238.35,237.88,238.87,238.30,51.11,63.24,45.78,44.29,51.24,1247695.75,0,15,106:06:54,0,0,0,0,0,0
13,AUDIO,2026-02-15 21:35:14,LG6400,21162.90,12615.94,6183.71,2363.25,0.98,0.97,-0.66,0.27,238.34,237.88,238.86,238.28,50.92,63.09,45.78,43.88,51.24,1247707.50,0,15,106:06:55,0,0,0,0,0,0
13,AUDIO,2026-02-15 21:35:15,LG6400,20586.66,12190.48,6119.32,2276.86,0.98,0.97,-0.66,0.26,238.34,237.88,238.86,238.28,49.86,61.24,44.98,43.37,51.24,1247719,0,15,106:06:57,0,0,0,0,0,0
13,AUDIO,2026-02-15 21:35:17,LG6400,21246.91,12662.99,6222.21,2361.70,0.98,0.97,-0.66,0.27,238.34,237.88,238.86,238.27,50.99,63.05,45.88,44.03,51.24,1247730.75,0,15,106:06:59,0,0,0,0,0,0
13,AUDIO,2026-02-15 21:35:19,LG6400,21697.40,12971.95,6316.51,2408.94,0.98,0.98,-0.66,0.27,238.33,237.87,238.87,238.26,51.25,63.83,45.86,44.04,51.23,1247736.75,0,15,106:07:00,0,0,0,0,0,0
13,AUDIO,2026-02-15 21:35:20,LG6400,20105.58,11833.60,6095.49,2176.49,0.98,0.97,-0.68,0.26,238.36,237.89,238.89,238.29,48.77,59.63,44.11,42.56,51.24,1247748,0,15,106:07:02,0,0,0,0,0,0
13,AUDIO,2026-02-15 21:35:22,LG6400,19631.22,11555.42,6019.76,2056.04,0.97,0.97,-0.69,0.25,238.36,237.90,238.89,238.29,47.74,58.37,43.17,41.69,51.25,1247759.12,0,15,106:07:04,0,0,0,0,0,0
13,AUDIO,2026-02-15 21:35:24,LG6400,19893.53,11695,6094.11,2104.42,0.98,0.97,-0.68,0.25,238.37,237.90,238.90,238.30,48.28,59.11,43.70,42.02,51.25,1247770,0,15,106:07:05,0,0,0,0,0,0
13,AUDIO,2026-02-15 21:35:25,LG6400,19892.98,11695.01,6093.59,2104.38,0.98,0.97,-0.68,0.25,238.37,237.90,238.89,238.30,48.27,59.10,43.70,42.02,51.26,1247775.62,0,15,106:07:07,0,0,0,0,0,0
13,AUDIO,2026-02-15 21:35:27,LG6400,19742.96,11563.05,6092.66,2087.25,0.98,0.97,-0.68,0.25,238.37,237.91,238.89,238.31,47.96,58.42,43.44,42.02,51.26,1247786.50,0,15,106:07:09,0,0,0,0,0,0
13,AUDIO,2026-02-15 21:35:29,LG6400,19905.05,11684.63,6097.04,2123.38,0.98,0.97,-0.68,0.25,238.37,237.92,238.89,238.31,48.29,59.01,43.73,42.13,51.26,1247797.75,0,15,106:07:10,0,0,0,0,0,0
13,AUDIO,2026-02-15 21:35:30,LG6400,19745.48,11598.01,6064,2083.47,0.98,0.97,-0.68,0.25,238.37,237.92,238.89,238.31,47.95,58.59,43.40,41.87,51.26,1247803.12,0,15,106:07:12,0,0,0,0,0,0
13,AUDIO,2026-02-15 21:35:32,LG6400,19912.67,11679.51,6087.08,2146.08,0.98,0.97,-0.68,0.26,238.37,237.91,238.89,238.32,48.31,58.95,43.69,42.30,51.26,1247814.25,0,15,106:07:14,0,0,0,0,0,0
13,AUDIO,2026-02-15 21:35:34,LG6400,20096.84,11819.66,6092.20,2184.98,0.98,0.97,-0.68,0.26,238.37,237.91,238.88,238.31,48.80,59.69,44.13,42.57,51.26,1247825.62,0,15,106:07:15,0,0,0,0,0,0
13,AUDIO,2026-02-15 21:35:35,LG6400,19883.43,11659.74,6091.35,2132.34,0.98,0.97,-0.68,0.26,238.37,237.91,238.89,238.32,48.20,58.86,43.57,42.16,51.26,1247831.12,0,15,106:07:17,0,0,0,0,0,0
13,AUDIO,2026-02-15 21:35:37,LG6400,20256.43,11935.80,6121,2199.63,0.98,0.97,-0.68,0.26,238.36,237.90,238.88,238.30,49.06,60,44.50,42.69,51.26,1247842.38,0,15,106:07:19,0,0,0,0,0,0
13,AUDIO,2026-02-15 21:35:39,LG6400,20069.95,11773.64,6122.32,2174,0.98,0.97,-0.68,0.26,238.36,237.90,238.88,238.30,48.69,59.44,44.14,42.50,51.26,1247853.50,0,15,106:07:21,0,0,0,0,0,0
13,AUDIO,2026-02-15 21:35:40,LG6400,20552.16,12107.87,6201.19,2243.10,0.98,0.97,-0.68,0.26,238.36,237.89,238.87,238.30,49.67,61.10,44.87,43.03,51.26,1247859.25,0,15,106:07:22,0,0,0,0,0,0
13,AUDIO,2026-02-15 21:35:42,LG6400,20153.83,11835.86,6124.50,2193.47,0.98,0.97,-0.68,0.26,238.35,237.89,238.87,238.29,48.89,59.73,44.29,42.65,51.26,1247870.38,0,15,106:07:24,0,0,0,0,0,0
13,AUDIO,2026-02-15 21:35:44,LG6400,20288.84,11961.37,6093.81,2233.66,0.98,0.97,-0.67,0.26,238.35,237.89,238.86,238.29,49.28,60.34,44.53,42.96,51.26,1247881.88,0,15,106:07:26,0,0,0,0,0,0
13,AUDIO,2026-02-15 21:35:46,LG6400,20982.66,12352.69,6240.37,2389.60,0.98,0.97,-0.66,0.28,238.34,237.89,238.87,238.28,50.52,62.23,45.53,43.79,51.26,1247887.75,0,15,106:07:27,0,0,0,0,0,0
13,AUDIO,2026-02-15 21:35:47,LG6400,20228.98,11885.76,6122.57,2220.65,0.98,0.97,-0.68,0.26,238.35,237.90,238.87,238.29,49.03,59.95,44.27,42.87,51.26,1247899,0,15,106:07:29,0,0,0,0,0,0
13,AUDIO,2026-02-15 21:35:49,LG6400,19891.05,11726.35,6021.08,2143.62,0.98,0.97,-0.67,0.26,238.35,237.89,238.87,238.30,48.42,59.17,43.81,42.29,51.26,1247910.25,0,15,106:07:31,0,0,0,0,0,0
13,AUDIO,2026-02-15 21:35:51,LG6400,19975.74,11727.24,6094.31,2154.19,0.98,0.97,-0.68,0.26,238.35,237.90,238.87,238.29,48.42,59.15,43.81,42.29,51.27,1247921.38,0,15,106:07:33,0,0,0,0,0,0
13,AUDIO,2026-02-15 21:35:53,LG6400,20115.05,11854.91,6068.33,2191.81,0.98,0.97,-0.68,0.26,238.35,237.89,238.86,238.29,48.81,59.78,44.02,42.63,51.27,1247932.75,0,15,106:07:35,0,0,0,0,0,0
13,AUDIO,2026-02-15 21:35:55,LG6400,20589.86,12114.87,6209.47,2265.52,0.98,0.97,-0.68,0.26,238.34,237.89,238.86,238.28,49.82,61.15,45.05,43.26,51.27,1247938.38,0,15,106:07:36,0,0,0,0,0,0
13,AUDIO,2026-02-15 21:35:56,LG6400,20499.45,12047.49,6161.03,2290.93,0.98,0.97,-0.67,0.27,238.34,237.88,238.85,238.28,49.59,60.76,44.76,43.25,51.26,1247949.75,0,15,106:07:38,0,0,0,0,0,0
13,AUDIO,2026-02-15 21:35:58,LG6400,20364.57,11982.53,6158.31,2223.74,0.98,0.97,-0.67,0.26,238.34,237.89,238.86,238.28,49.36,60.43,44.74,42.90,51.26,1247961,0,15,106:07:40,0,0,0,0,0,0
13,AUDIO,2026-02-15 21:36:00,LG6400,20059.32,11793.88,6094.55,2170.88,0.98,0.97,-0.68,0.26,238.35,237.90,238.87,238.28,48.66,59.48,44.01,42.51,51.27,1247966.75,0,15,106:07:41,0,0,0,0,0,0
13,AUDIO,2026-02-15 21:36:01,LG6400,19517.93,11460.97,6019.83,2037.13,0.97,0.97,-0.69,0.25,238.35,237.89,238.87,238.29,47.51,57.98,43.05,41.50,51.27,1247977.62,0,15,106:07:43,0,0,0,0,0,0
13,AUDIO,2026-02-15 21:36:03,LG6400,20887.92,12384.72,6280.65,2222.56,0.98,0.97,-0.68,0.26,238.35,237.90,238.86,238.28,49.77,61.50,44.77,43.03,51.27,1247989.25,0,15,106:07:45,0,0,0,0,0,0
13,AUDIO,2026-02-15 21:36:05,LG6400,20317.36,11970.35,6050.07,2296.94,0.98,0.97,-0.66,0.27,238.35,237.89,238.88,238.29,49.13,60.12,44.45,42.81,51.27,1248000.88,0,15,106:07:46,0,0,0,0,0,0
13,AUDIO,2026-02-15 21:36:07,LG6400,21321.62,12607.93,6333.94,2379.75,0.98,0.97,-0.67,0.27,238.34,237.87,238.88,238.27,50.83,62.88,45.63,43.99,51.26,1248006.88,0,15,106:07:49,0,0,0,0,0,0
13,AUDIO,2026-02-15 21:36:09,LG6400,21117.53,12501.83,6274.96,2340.74,0.98,0.97,-0.67,0.27,238.35,237.88,238.89,238.27,50.40,62.33,45.20,43.69,51.26,1248018.38,0,15,106:07:50,0,0,0,0,0,0
13,AUDIO,2026-02-15 21:36:10,LG6400,21023.47,12466.14,6230.26,2327.07,0.98,0.97,-0.67,0.27,238.34,237.87,238.89,238.27,50.31,62.25,45.20,43.47,51.26,1248030,0,15,106:07:52,0,0,0,0,0,0
13,AUDIO,2026-02-15 21:36:12,LG6400,20828.10,12346.04,6155.24,2326.81,0.98,0.97,-0.66,0.27,238.35,237.87,238.89,238.27,50.07,61.80,44.94,43.48,51.25,1248041.50,0,15,106:07:54,0,0,0,0,0,0
13,AUDIO,2026-02-15 21:36:14,LG6400,21083.23,12528.50,6241.72,2313.01,0.98,0.97,-0.67,0.27,238.34,237.86,238.89,238.28,50.21,62.20,44.95,43.48,51.25,1248047.50,0,15,106:07:55,0,0,0,0,0,0
13,AUDIO,2026-02-15 21:36:15,LG6400,21370.14,12699.18,6310.29,2360.67,0.98,0.97,-0.67,0.27,238.33,237.85,238.88,238.28,50.77,62.94,45.44,43.92,51.25,1248059,0,15,106:07:57,0,0,0,0,0,0
13,AUDIO,2026-02-15 21:36:17,LG6400,21240.26,12630.21,6244.97,2365.08,0.98,0.98,-0.67,0.27,238.33,237.84,238.87,238.27,50.96,63.24,45.75,43.89,51.25,1248070.88,0,15,106:07:59,0,0,0,0,0,0
13,AUDIO,2026-02-15 21:36:19,LG6400,20812.89,12360.31,6144.58,2308,0.98,0.97,-0.66,0.27,238.33,237.84,238.88,238.27,50.38,62.26,45.29,43.57,51.25,1248082.38,0,15,106:08:00,0,0,0,0,0,0
13,AUDIO,2026-02-15 21:36:20,LG6400,20734.93,12295.10,6145.42,2294.40,0.98,0.97,-0.66,0.27,238.33,237.84,238.87,238.27,50.23,61.84,45.29,43.57,51.25,1248088,0,15,106:08:02,0,0,0,0,0,0
13,AUDIO,2026-02-15 21:36:22,LG6400,20922.43,12434.13,6193.47,2294.83,0.98,0.97,-0.66,0.27,238.32,237.84,238.87,238.26,50.56,62.55,45.56,43.55,51.24,1248099.75,0,15,106:08:04,0,0,0,0,0,0
13,AUDIO,2026-02-15 21:36:24,LG6400,20919.41,12435.92,6190.50,2292.99,0.98,0.98,-0.67,0.26,238.33,237.85,238.88,238.27,50.34,62.25,45.22,43.55,51.24,1248111.38,0,15,106:08:05,0,0,0,0,0,0
13,AUDIO,2026-02-15 21:36:25,LG6400,20475.09,12094.26,6133.04,2247.79,0.98,0.97,-0.67,0.26,238.34,237.85,238.88,238.27,49.58,60.92,44.76,43.06,51.24,1248117,0,15,106:08:07,0,0,0,0,0,0
13,AUDIO,2026-02-15 21:36:27,LG6400,20340.90,12041.30,6048.04,2251.56,0.98,0.97,-0.67,0.26,238.34,237.86,238.88,238.28,49.40,60.67,44.51,43.03,51.24,1248128.62,0,15,106:08:09,0,0,0,0,0,0
13,AUDIO,2026-02-15 21:36:29,LG6400,20409.69,12076,6080.04,2253.65,0.98,0.97,-0.67,0.26,238.33,237.86,238.87,238.28,49.47,60.73,44.59,43.09,51.25,1248140.25,0,15,106:08:11,0,0,0,0,0,0
13,AUDIO,2026-02-15 21:36:30,LG6400,21280.58,12649.33,6269.03,2362.22,0.98,0.97,-0.67,0.27,238.33,237.86,238.86,238.28,51.12,63.62,45.82,43.92,51.25,1248146,0,15,106:08:12,0,0,0,0,0,0
13,AUDIO,2026-02-15 21:36:33,LG6400,20649,12194.15,6159.55,2295.31,0.98,0.98,-0.67,0.27,238.33,237.85,238.86,238.28,50.07,61.66,44.98,43.58,51.25,1248157.62,0,15,106:08:14,0,0,0,0,0,0
13,AUDIO,2026-02-15 21:36:34,LG6400,20928.43,12378.83,6218.74,2330.85,0.98,0.97,-0.67,0.27,238.33,237.85,238.86,238.28,50.51,62.50,45.45,43.58,51.25,1248169.12,0,15,106:08:16,0,0,0,0,0,0
13,AUDIO,2026-02-15 21:36:36,LG6400,19602.44,11542.10,6006.64,2053.70,0.97,0.97,-0.68,0.25,238.34,237.87,238.88,238.28,47.67,58.31,43.09,41.62,51.25,1248180.38,0,15,106:08:18,0,0,0,0,0,0
13,AUDIO,2026-02-15 21:36:38,LG6400,21477.97,12755.62,6376.82,2345.53,0.98,0.97,-0.67,0.27,238.34,237.88,238.87,238.28,50.99,63.31,45.82,43.85,51.25,1248191.75,0,15,106:08:19,0,0,0,0,0,0
13,AUDIO,2026-02-15 21:36:39,LG6400,21108.68,12538.36,6199.79,2370.53,0.98,0.97,-0.66,0.27,238.34,237.87,238.88,238.27,50.88,62.98,45.81,43.85,51.25,1248197.75,0,15,106:08:21,0,0,0,0,0,0
13,AUDIO,2026-02-15 21:36:41,LG6400,21002.15,12449.16,6200.45,2352.54,0.98,0.97,-0.66,0.28,238.34,237.87,238.87,238.27,50.34,62.40,45.04,43.57,51.25,1248209.25,0,15,106:08:23,0,0,0,0,0,0
13,AUDIO,2026-02-15 21:36:43,LG6400,20723.07,12296.46,6141.98,2284.62,0.98,0.97,-0.66,0.26,238.33,237.86,238.87,238.27,50.05,61.62,45.09,43.45,51.24,1248220.88,0,15,106:08:25,0,0,0,0,0,0
13,AUDIO,2026-02-15 21:36:44,LG6400,21192.57,12520.68,6277.51,2394.38,0.98,0.97,-0.66,0.27,238.33,237.84,238.87,238.27,51.02,62.99,45.92,44.16,51.24,1248226.88,0,15,106:08:26,0,0,0,0,0,0
13,AUDIO,2026-02-15 21:36:46,LG6400,20801.54,12334.78,6164.61,2302.14,0.98,0.97,-0.67,0.27,238.32,237.84,238.87,238.26,50.19,61.96,45.17,43.43,51.24,1248238.38,0,15,106:08:28,0,0,0,0,0,0
13,AUDIO,2026-02-15 21:36:48,LG6400,20790.60,12282.80,6217.31,2290.49,0.98,0.97,-0.67,0.27,238.33,237.84,238.88,238.26,50.08,61.72,45.13,43.39,51.24,1248249.88,0,15,106:08:30,0,0,0,0,0,0
13,AUDIO,2026-02-15 21:36:50,LG6400,20683.76,12217.38,6175.86,2290.52,0.98,0.97,-0.67,0.27,238.33,237.85,238.88,238.27,49.93,61.29,45.11,43.39,51.24,1248255.62,0,15,106:08:31,0,0,0,0,0,0
13,AUDIO,2026-02-15 21:36:51,LG6400,20914.46,12402.29,6217.91,2294.25,0.98,0.97,-0.67,0.27,238.32,237.84,238.87,238.25,50.22,62.14,45.11,43.40,51.24,1248267.25,0,15,106:08:33,0,0,0,0,0,0
13,AUDIO,2026-02-15 21:36:53,LG6400,20649.98,12208.25,6196.72,2245.01,0.98,0.98,-0.67,0.26,238.33,237.84,238.88,238.26,49.51,60.83,44.66,43.04,51.24,1248278.62,0,15,106:08:35,0,0,0,0,0,0
13,AUDIO,2026-02-15 21:36:55,LG6400,20884.87,12320.81,6245.65,2318.41,0.98,0.97,-0.67,0.27,238.33,237.85,238.89,238.25,50.22,61.93,45.27,43.46,51.24,1248284.50,0,15,106:08:36,0,0,0,0,0,0
13,AUDIO,2026-02-15 21:36:56,LG6400,20737.66,12219.02,6216.99,2301.65,0.98,0.97,-0.67,0.27,238.33,237.84,238.88,238.25,50.10,61.49,45.33,43.48,51.24,1248296,0,15,106:08:38,0,0,0,0,0,0
13,AUDIO,2026-02-15 21:36:58,LG6400,20555.67,12116.09,6146.40,2293.17,0.98,0.97,-0.67,0.27,238.32,237.84,238.88,238.24,49.73,61.10,44.92,43.17,51.24,1248307.38,0,15,106:08:40,0,0,0,0,0,0
13,AUDIO,2026-02-15 21:37:00,LG6400,20814.49,12307.76,6211.94,2294.79,0.98,0.97,-0.67,0.27,238.31,237.83,238.87,238.24,50.11,61.82,45.07,43.43,51.24,1248318.88,0,15,106:08:41,0,0,0,0,0,0
13,AUDIO,2026-02-15 21:37:01,LG6400,20444.45,12029.17,6149.61,2265.68,0.98,0.98,-0.67,0.26,238.32,237.83,238.87,238.26,49.54,60.66,44.76,43.20,51.24,1248324.50,0,15,106:08:43,0,0,0,0,0,0
13,AUDIO,2026-02-15 21:37:03,LG6400,21255.14,12664.47,6207.08,2383.59,0.98,0.98,-0.66,0.27,238.31,237.83,238.88,238.24,50.59,62.74,45.31,43.71,51.24,1248336.62,0,15,106:08:45,0,0,0,0,0,0
13,AUDIO,2026-02-15 21:37:05,LG6400,21477.58,12757.75,6337.28,2382.55,0.98,0.97,-0.66,0.27,238.30,237.81,238.86,238.22,51.05,63.34,45.77,44.04,51.24,1248348.25,0,15,106:08:46,0,0,0,0,0,0
13,AUDIO,2026-02-15 21:37:06,LG6400,21290.71,12759.11,6227.99,2303.61,0.98,0.98,-0.66,0.26,238.30,237.82,238.86,238.23,50.83,63.33,45.42,43.73,51.24,1248354.25,0,15,106:08:48,0,0,0,0,0,0
13,AUDIO,2026-02-15 21:37:08,LG6400,21302.76,12721.82,6224.74,2356.20,0.98,0.97,-0.66,0.27,238.30,237.81,238.87,238.23,50.83,63.05,45.41,44.05,51.23,1248366.12,0,15,106:08:50,0,0,0,0,0,0
13,AUDIO,2026-02-15 21:37:10,LG6400,21340.26,12734.13,6276.62,2329.51,0.98,0.97,-0.67,0.26,238.31,237.81,238.89,238.23,50.66,62.87,45.41,43.71,51.23,1248378,0,15,106:08:51,0,0,0,0,0,0
13,AUDIO,2026-02-15 21:37:11,LG6400,21432.19,12857.33,6276.92,2297.94,0.98,0.98,-0.66,0.26,238.31,237.82,238.88,238.22,50.90,63.56,45.42,43.71,51.23,1248384,0,15,106:08:53,0,0,0,0,0,0
13,AUDIO,2026-02-15 21:37:13,LG6400,21328.99,12733.78,6246.39,2348.82,0.98,0.97,-0.67,0.27,238.31,237.81,238.88,238.24,50.65,62.87,45.27,43.81,51.22,1248396,0,15,106:08:55,0,0,0,0,0,0
13,AUDIO,2026-02-15 21:37:15,LG6400,21230.56,12615.01,6247.69,2367.85,0.98,0.97,-0.66,0.27,238.32,237.82,238.90,238.24,50.56,62.53,45.32,43.83,51.22,1248407.75,0,15,106:08:57,0,0,0,0,0,0
13,AUDIO,2026-02-15 21:37:17,LG6400,20910.55,12430.20,6192.97,2287.38,0.98,0.97,-0.67,0.26,238.32,237.83,238.89,238.24,50.17,61.97,45.05,43.49,51.22,1248413.62,0,15,106:08:58,0,0,0,0,0,0
13,AUDIO,2026-02-15 21:37:18,LG6400,20815.97,12350.04,6194.50,2271.43,0.98,0.97,-0.67,0.26,238.32,237.83,238.89,238.24,49.99,61.70,45.04,43.22,51.22,1248425.12,0,15,106:09:00,0,0,0,0,0,0
13,AUDIO,2026-02-15 21:37:20,LG6400,20472.75,12096.35,6160.95,2215.45,0.98,0.97,-0.67,0.26,238.34,237.84,238.91,238.25,49.27,60.48,44.49,42.85,51.23,1248436.62,0,15,106:09:02,0,0,0,0,0,0
13,AUDIO,2026-02-15 21:37:22,LG6400,20935.41,12375.54,6274.09,2285.78,0.98,0.97,-0.68,0.26,238.34,237.84,238.92,238.26,49.94,61.57,44.94,43.32,51.23,1248442.50,0,15,106:09:03,0,0,0,0,0,0
13,AUDIO,2026-02-15 21:37:23,LG6400,20769,12312.48,6128.86,2327.66,0.98,0.97,-0.66,0.27,238.34,237.84,238.91,238.26,50.25,61.96,45.15,43.65,51.23,1248454.12,0,15,106:09:05,0,0,0,0,0,0
13,AUDIO,2026-02-15 21:37:25,LG6400,20288.53,11970.19,6128.82,2189.53,0.98,0.97,-0.68,0.26,238.34,237.85,238.91,238.26,49.22,60.52,44.51,42.64,51.24,1248465.50,0,15,106:09:07,0,0,0,0,0,0
13,AUDIO,2026-02-15 21:37:27,LG6400,19623.05,11547.74,6038.68,2036.64,0.98,0.97,-0.69,0.25,238.36,237.87,238.94,238.28,47.68,58.33,43.19,41.52,51.25,1248476.25,0,15,106:09:08,0,0,0,0,0,0
13,AUDIO,2026-02-15 21:37:28,LG6400,20022.03,11776.87,6119.15,2126.02,0.98,0.97,-0.68,0.25,238.36,237.87,238.93,238.28,48.53,59.37,43.97,42.24,51.25,1248481.88,0,15,106:09:10,0,0,0,0,0,0
13,AUDIO,2026-02-15 21:37:30,LG6400,19867.05,11683.65,6063.86,2119.55,0.98,0.97,-0.68,0.25,238.36,237.87,238.93,238.28,48.24,58.98,43.61,42.14,51.26,1248493.25,0,15,106:09:12,0,0,0,0,0,0
13,AUDIO,2026-02-15 21:37:32,LG6400,20264.24,11942.41,6117.32,2204.51,0.98,0.97,-0.68,0.26,238.35,237.86,238.92,238.28,49.10,60.23,44.31,42.76,51.26,1248504.50,0,15,106:09:13,0,0,0,0,0,0
13,AUDIO,2026-02-15 21:37:33,LG6400,20397.47,12021.24,6171.71,2204.52,0.98,0.97,-0.68,0.26,238.35,237.86,238.91,238.27,49.33,60.62,44.61,42.76,51.26,1248510,0,15,106:09:15,0,0,0,0,0,0
13,AUDIO,2026-02-15 21:37:35,LG6400,20270.34,11936.33,6130.49,2203.51,0.98,0.97,-0.68,0.26,238.35,237.86,238.91,238.28,49.06,60.14,44.29,42.75,51.26,1248521.25,0,15,106:09:17,0,0,0,0,0,0
13,AUDIO,2026-02-15 21:37:37,LG6400,20625.27,12161.67,6197.52,2266.09,0.98,0.97,-0.68,0.27,238.35,237.86,238.91,238.28,49.78,61.36,44.83,43.16,51.26,1248532.62,0,15,106:09:19,0,0,0,0,0,0
13,AUDIO,2026-02-15 21:37:38,LG6400,20194.31,11920.11,6098.47,2175.73,0.98,0.97,-0.67,0.26,238.35,237.86,238.91,238.27,48.98,60.11,44.25,42.58,51.26,1248538.12,0,15,106:09:20,0,0,0,0,0,0
13,AUDIO,2026-02-15 21:37:40,LG6400,19989.17,11735.23,6099.26,2154.67,0.98,0.97,-0.68,0.26,238.34,237.85,238.90,238.27,48.54,59.25,43.81,42.56,51.27,1248549.38,0,15,106:09:22,0,0,0,0,0,0
13,AUDIO,2026-02-15 21:37:42,LG6400,19888.52,11682.87,6074.48,2131.17,0.97,0.97,-0.68,0.25,238.35,237.86,238.90,238.28,48.32,58.96,43.72,42.28,51.27,1248560.50,0,15,106:09:24,0,0,0,0,0,0
13,AUDIO,2026-02-15 21:37:44,LG6400,20431.23,12067,6167.28,2196.96,0.98,0.97,-0.68,0.26,238.34,237.85,238.90,238.28,49.34,60.79,44.51,42.72,51.27,1248566.12,0,15,106:09:25,0,0,0,0,0,0
13,AUDIO,2026-02-15 21:37:45,LG6400,19727.29,11539.02,6085.50,2102.77,0.98,0.97,-0.69,0.26,238.35,237.85,238.90,238.29,47.82,58.33,43.27,41.86,51.28,1248577.12,0,15,106:09:27,0,0,0,0,0,0
13,AUDIO,2026-02-15 21:37:47,LG6400,20241.05,11906.92,6129.36,2204.78,0.98,0.97,-0.68,0.26,238.35,237.86,238.90,238.30,49.12,60.05,44.45,42.86,51.28,1248588.50,0,15,106:09:29,0,0,0,0,0,0
13,AUDIO,2026-02-15 21:37:49,LG6400,20237.10,11904.17,6128.82,2204.11,0.98,0.97,-0.68,0.26,238.35,237.86,238.90,238.30,48.96,60.04,44.20,42.64,51.28,1248594.25,0,15,106:09:30,0,0,0,0,0,0
13,AUDIO,2026-02-15 21:37:50,LG6400,19785.03,11607.68,6064.46,2112.89,0.98,0.97,-0.68,0.25,238.36,237.88,238.91,238.30,48.06,58.64,43.44,42.09,51.28,1248605.25,0,15,106:09:32,0,0,0,0,0,0
13,AUDIO,2026-02-15 21:37:52,LG6400,19709.87,11545.26,6060.95,2103.66,0.98,0.97,-0.69,0.25,238.37,237.88,238.91,238.31,47.83,58.33,43.29,41.88,51.28,1248616.38,0,15,106:09:34,0,0,0,0,0,0
13,AUDIO,2026-02-15 21:37:54,LG6400,19941.89,11729.36,6093.94,2118.59,0.97,0.97,-0.68,0.25,238.38,237.90,238.92,238.31,48.33,59.21,43.59,42.19,51.29,1248627.38,0,15,106:09:35,0,0,0,0,0,0
13,AUDIO,2026-02-15 21:37:56,LG6400,20359.99,11990.70,6173.97,2195.32,0.98,0.98,-0.68,0.26,238.37,237.89,238.91,238.31,49.23,60.45,44.52,42.72,51.28,1248633,0,15,106:09:38,0,0,0,0,0,0
13,AUDIO,2026-02-15 21:37:58,LG6400,19866.60,11659.36,6088.86,2118.38,0.97,0.97,-0.68,0.25,238.37,237.89,238.91,238.31,48.17,58.83,43.58,42.09,51.29,1248644.12,0,15,106:09:39,0,0,0,0,0,0
13,AUDIO,2026-02-15 21:37:59,LG6400,19971.14,11777.97,6089.29,2103.88,0.98,0.97,-0.68,0.25,238.37,237.89,238.91,238.31,48.51,59.40,43.90,42.22,51.28,1248655.38,0,15,106:09:41,0,0,0,0,0,0
13,AUDIO,2026-02-15 21:38:01,LG6400,20156.16,11844.31,6130.03,2181.82,0.98,0.97,-0.68,0.26,238.36,237.88,238.90,238.30,48.78,59.73,44.13,42.46,51.29,1248666.50,0,15,106:09:43,0,0,0,0,0,0
13,AUDIO,2026-02-15 21:38:03,LG6400,20220.88,11845.50,6163.15,2212.23,0.98,0.97,-0.68,0.26,238.36,237.87,238.90,238.31,48.90,59.74,44.14,42.82,51.28,1248672.12,0,15,106:09:44,0,0,0,0,0,0
13,AUDIO,2026-02-15 21:38:04,LG6400,20156.55,11828.70,6159.94,2167.92,0.98,0.97,-0.68,0.26,238.36,237.87,238.90,238.31,48.74,59.60,44.14,42.47,51.29,1248683.38,0,15,106:09:46,0,0,0,0,0,0
13,AUDIO,2026-02-15 21:38:06,LG6400,20154.70,11858.59,6156.77,2139.34,0.98,0.97,-0.68,0.25,238.35,237.88,238.89,238.29,48.81,59.82,44.13,42.47,51.29,1248694.62,0,15,106:09:48,0,0,0,0,0,0
13,AUDIO,2026-02-15 21:38:08,LG6400,19585.40,11497.83,6035.08,2052.48,0.97,0.97,-0.69,0.25,238.36,237.88,238.90,238.30,47.60,58.07,43.09,41.63,51.29,1248705.62,0,15,106:09:49,0,0,0,0,0,0
13,AUDIO,2026-02-15 21:38:09,LG6400,19554.89,11496.52,6035.30,2023.07,0.97,0.97,-0.69,0.25,238.36,237.88,238.90,238.31,47.59,58.07,43.09,41.62,51.29,1248711,0,15,106:09:51,0,0,0,0,0,0
13,AUDIO,2026-02-15 21:38:11,LG6400,19476.70,11421.48,6034.67,2020.55,0.97,0.97,-0.69,0.25,238.38,237.89,238.92,238.32,47.36,57.63,43.08,41.37,51.30,1248721.75,0,15,106:09:53,0,0,0,0,0,0
13,AUDIO,2026-02-15 21:38:13,LG6400,20085.92,11776.57,6134.16,2175.18,0.98,0.97,-0.69,0.26,238.37,237.88,238.91,238.32,48.71,59.48,44.15,42.50,51.30,1248732.75,0,15,106:09:54,0,0,0,0,0,0
13,AUDIO,2026-02-15 21:38:14,LG6400,21267.92,12570.23,6289.52,2408.17,0.98,0.97,-0.67,0.28,238.36,237.89,238.88,238.31,51.07,63.24,45.76,44.22,51.29,1248738.75,0,15,106:09:56,0,0,0,0,0,0
13,AUDIO,2026-02-15 21:38:16,LG6400,20504.60,12107.76,6144.59,2252.24,0.98,0.98,-0.67,0.26,238.36,237.89,238.89,238.31,49.60,60.99,44.63,43.19,51.29,1248750.12,0,15,106:09:58,0,0,0,0,0,0
13,AUDIO,2026-02-15 21:38:18,LG6400,20446.73,12033.39,6143.29,2270.06,0.98,0.97,-0.68,0.27,238.35,237.89,238.88,238.30,49.47,60.62,44.62,43.19,51.28,1248761.50,0,15,106:09:59,0,0,0,0,0,0
13,AUDIO,2026-02-15 21:38:19,LG6400,20413.32,12029.65,6142.56,2241.11,0.98,0.97,-0.68,0.26,238.35,237.88,238.89,238.29,49.27,60.60,44.25,42.94,51.28,1248767.12,0,15,106:10:01,0,0,0,0,0,0
13,AUDIO,2026-02-15 21:38:21,LG6400,20525.77,12119.11,6152.91,2253.75,0.98,0.97,-0.68,0.26,238.35,237.87,238.89,238.28,49.47,60.68,44.77,42.97,51.28,1248778.50,0,15,106:10:03,0,0,0,0,0,0
13,AUDIO,2026-02-15 21:38:23,LG6400,20403.09,12048.87,6154.31,2199.91,0.98,0.97,-0.68,0.26,238.35,237.87,238.90,238.29,49.09,60.29,44.26,42.73,51.28,1248789.88,0,15,106:10:05,0,0,0,0,0,0
13,AUDIO,2026-02-15 21:38:25,LG6400,20932.50,12435.59,6241.03,2255.87,0.98,0.97,-0.67,0.26,238.35,237.88,238.90,238.28,50.29,62.38,45.15,43.34,51.28,1248795.62,0,15,106:10:06,0,0,0,0,0,0
13,AUDIO,2026-02-15 21:38:26,LG6400,20872.30,12402.18,6153.10,2317.02,0.98,0.97,-0.67,0.27,238.34,237.87,238.88,238.27,50.40,62.42,45.15,43.64,51.27,1248807.12,0,15,106:10:08,0,0,0,0,0,0
13,AUDIO,2026-02-15 21:38:28,LG6400,20199.52,11873.14,6125.65,2200.73,0.98,0.97,-0.68,0.26,238.34,237.87,238.88,238.28,49.04,60.01,44.27,42.83,51.27,1248818.50,0,15,106:10:10,0,0,0,0,0,0
13,AUDIO,2026-02-15 21:38:30,LG6400,20379.26,11963.56,6170.01,2245.69,0.98,0.97,-0.68,0.26,238.35,237.88,238.89,238.29,49.24,60.32,44.57,42.84,51.27,1248824,0,15,106:10:11,0,0,0,0,0,0
13,AUDIO,2026-02-15 21:38:31,LG6400,19884.75,11687.63,6062.75,2134.38,0.98,0.97,-0.68,0.26,238.36,237.89,238.90,238.29,48.26,58.99,43.61,42.19,51.27,1248835.38,0,15,106:10:13,0,0,0,0,0,0
13,AUDIO,2026-02-15 21:38:33,LG6400,20356.44,11961.94,6153.33,2241.18,0.98,0.97,-0.68,0.26,238.35,237.88,238.89,238.28,49.25,60.43,44.51,42.81,51.27,1248846.62,0,15,106:10:15,0,0,0,0,0,0
13,AUDIO,2026-02-15 21:38:35,LG6400,19933.77,11689.85,6086.94,2156.98,0.98,0.97,-0.68,0.26,238.36,237.89,238.90,238.28,48.37,58.98,43.78,42.34,51.28,1248857.75,0,15,106:10:16,0,0,0,0,0,0
13,AUDIO,2026-02-15 21:38:37,LG6400,20472.57,12015.60,6195.76,2261.21,0.98,0.97,-0.68,0.26,238.35,237.88,238.89,238.27,49.53,60.63,44.81,43.15,51.28,1248863.38,0,15,106:10:19,0,0,0,0,0,0
13,AUDIO,2026-02-15 21:38:39,LG6400,20080.30,11815.59,6078.16,2186.54,0.98,0.97,-0.68,0.26,238.34,237.88,238.88,238.27,48.79,59.67,44.10,42.61,51.27,1248874.75,0,15,106:10:20,0,0,0,0,0,0
13,AUDIO,2026-02-15 21:38:41,LG6400,20377.73,11975.40,6146.54,2255.79,0.98,0.97,-0.68,0.26,238.34,237.87,238.88,238.26,49.31,60.53,44.48,42.91,51.27,1248891.75,0,15,106:10:22,0,0,0,0,0,0
13,AUDIO,2026-02-15 21:38:42,LG6400,20365.05,11976.04,6146.01,2243,0.98,0.97,-0.68,0.26,238.34,237.88,238.88,238.27,49.31,60.53,44.48,42.92,51.27,1248897.25,0,15,106:10:24,0,0,0,0,0,0
13,AUDIO,2026-02-15 21:38:44,LG6400,20493.87,12127.81,6104.05,2262,0.98,0.97,-0.67,0.27,238.34,237.87,238.88,238.27,49.41,60.85,44.46,42.94,51.27,1248908.75,0,15,106:10:26,0,0,0,0,0,0
13,AUDIO,2026-02-15 21:38:46,LG6400,20332.49,12015.78,6087.24,2229.46,0.98,0.97,-0.67,0.26,238.34,237.87,238.88,238.28,49.33,60.66,44.35,42.97,51.27,1248920.38,0,15,106:10:27,0,0,0,0,0,0
13,AUDIO,2026-02-15 21:38:47,LG6400,20038.87,11788.60,6086.88,2163.39,0.98,0.97,-0.68,0.26,238.35,237.88,238.89,238.28,48.61,59.56,43.85,42.42,51.27,1248925.75,0,15,106:10:29,0,0,0,0,0,0
13,AUDIO,2026-02-15 21:38:49,LG6400,19647.60,11536.15,6032.19,2079.25,0.97,0.97,-0.69,0.25,238.36,237.89,238.90,238.29,47.78,58.31,43.27,41.76,51.28,1248936.62,0,15,106:10:31,0,0,0,0,0,0
13,AUDIO,2026-02-15 21:38:51,LG6400,19543.18,11466.34,6034.84,2041.99,0.97,0.97,-0.69,0.25,238.36,237.89,238.89,238.31,47.56,57.97,43.25,41.47,51.28,1248947.62,0,15,106:10:33,0,0,0,0,0,0
13,AUDIO,2026-02-15 21:38:53,LG6400,20296.81,11918.19,6176.96,2201.66,0.98,0.97,-0.67,0.26,238.36,237.87,238.89,238.31,49.13,60.21,44.47,42.70,51.28,1248953.38,0,15,106:10:34,0,0,0,0,0,0
13,AUDIO,2026-02-15 21:38:54,LG6400,19939.67,11704.85,6113.71,2121.11,0.98,0.97,-0.68,0.25,238.35,237.86,238.89,238.30,48.35,59.17,43.75,42.12,51.28,1248964.38,0,15,106:10:36,0,0,0,0,0,0
13,AUDIO,2026-02-15 21:38:56,LG6400,20087.81,11817.61,6103.82,2166.39,0.98,0.97,-0.68,0.26,238.34,237.85,238.89,238.28,48.72,59.67,44.02,42.47,51.28,1248975.62,0,15,106:10:38,0,0,0,0,0,0
13,AUDIO,2026-02-15 21:38:58,LG6400,20261.36,11922.46,6156.62,2182.29,0.98,0.97,-0.68,0.26,238.34,237.85,238.90,238.28,48.99,60.13,44.35,42.47,51.28,1248981.25,0,15,106:10:39,0,0,0,0,0,0
13,AUDIO,2026-02-15 21:38:59,LG6400,19762.04,11579.49,6085.78,2096.76,0.97,0.97,-0.68,0.25,238.35,237.84,238.90,238.29,47.96,58.45,43.50,41.93,51.28,1248992.25,0,15,106:10:41,0,0,0,0,0,0
13,AUDIO,2026-02-15 21:39:01,LG6400,20170.72,11877.02,6111.43,2182.27,0.98,0.97,-0.68,0.26,238.34,237.85,238.90,238.29,48.87,59.85,44.17,42.60,51.28,1249003.50,0,15,106:10:43,0,0,0,0,0,0
13,AUDIO,2026-02-15 21:39:03,LG6400,20298.21,11953.46,6151.59,2193.16,0.98,0.97,-0.68,0.26,238.35,237.85,238.89,238.30,49.08,60.28,44.37,42.59,51.28,1249014.88,0,15,106:10:44,0,0,0,0,0,0
13,AUDIO,2026-02-15 21:39:05,LG6400,20087.72,11772.84,6149.85,2165.04,0.98,0.97,-0.68,0.26,238.35,237.86,238.89,238.31,48.70,59.40,44.11,42.58,51.28,1249020.50,0,15,106:10:47,0,0,0,0,0,0
13,AUDIO,2026-02-15 21:39:07,LG6400,20162.57,11850.02,6148.27,2164.28,0.98,0.97,-0.68,0.26,238.35,237.86,238.89,238.30,48.80,59.72,44.11,42.56,51.28,1249031.50,0,15,106:10:48,0,0,0,0,0,0
13,AUDIO,2026-02-15 21:39:08,LG6400,20044.73,11734.04,6146.95,2163.74,0.98,0.97,-0.69,0.26,238.35,237.85,238.89,238.30,48.65,59.29,44.11,42.54,51.28,1249042.75,0,15,106:10:50,0,0,0,0,0,0
13,AUDIO,2026-02-15 21:39:10,LG6400,20301.95,11949,6147.08,2205.88,0.98,0.97,-0.68,0.26,238.35,237.85,238.88,238.32,49.14,60.25,44.39,42.79,51.28,1249054,0,15,106:10:52,0,0,0,0,0,0
13,AUDIO,2026-02-15 21:39:12,LG6400,20313.84,11945.91,6146.75,2221.18,0.98,0.97,-0.67,0.27,238.35,237.85,238.89,238.31,49.04,60.23,44.10,42.78,51.28,1249059.50,0,15,106:10:53,0,0,0,0,0,0
13,AUDIO,2026-02-15 21:39:13,LG6400,20012.22,11756.80,6105.38,2150.04,0.98,0.97,-0.68,0.26,238.35,237.85,238.88,238.32,48.49,59.24,43.89,42.34,51.28,1249070.75,0,15,106:10:55,0,0,0,0,0,0
13,AUDIO,2026-02-15 21:39:15,LG6400,20179.38,11893.59,6119.23,2166.56,0.98,0.97,-0.68,0.26,238.35,237.85,238.88,238.32,48.81,59.91,44.07,42.45,51.28,1249082,0,15,106:10:57,0,0,0,0,0,0
13,AUDIO,2026-02-15 21:39:17,LG6400,20024.46,11754.51,6120.33,2149.62,0.98,0.97,-0.68,0.26,238.35,237.85,238.88,238.32,48.58,59.23,44.06,42.44,51.28,1249093.12,0,15,106:10:58,0,0,0,0,0,0
13,AUDIO,2026-02-15 21:39:18,LG6400,20242.93,11920.59,6121.42,2200.92,0.98,0.97,-0.68,0.26,238.35,237.85,238.88,238.31,48.86,60.07,44.07,42.45,51.28,1249098.75,0,15,106:11:00,0,0,0,0,0,0
13,AUDIO,2026-02-15 21:39:20,LG6400,20140.44,11859.47,6122.74,2158.23,0.98,0.97,-0.68,0.26,238.35,237.86,238.88,238.31,48.61,59.33,44.05,42.44,51.27,1249109.88,0,15,106:11:02,0,0,0,0,0,0
13,AUDIO,2026-02-15 21:39:22,LG6400,19933.97,11684.99,6121.88,2127.09,0.98,0.97,-0.68,0.25,238.36,237.87,238.88,238.32,48.36,58.87,44.04,42.18,51.28,1249121.12,0,15,106:11:03,0,0,0,0,0,0
13,AUDIO,2026-02-15 21:39:23,LG6400,21812.36,12933.53,6381.56,2497.27,0.98,0.97,-0.67,0.28,238.34,237.85,238.86,238.32,52.15,64.98,46.63,44.85,51.27,1249127.12,0,15,106:11:05,0,0,0,0,0,0
13,AUDIO,2026-02-15 21:39:25,LG6400,21014.88,12451.50,6224.44,2338.95,0.98,0.97,-0.67,0.27,238.34,237.85,238.86,238.31,50.56,62.67,45.51,43.51,51.26,1249138.62,0,15,106:11:07,0,0,0,0,0,0
13,AUDIO,2026-02-15 21:39:27,LG6400,21399.39,12717.47,6174.21,2507.71,0.98,0.98,-0.67,0.29,238.33,237.84,238.86,238.29,51.56,64.03,46.19,44.45,51.26,1249150.62,0,15,106:11:09,0,0,0,0,0,0
13,AUDIO,2026-02-15 21:39:28,LG6400,21245.57,12622.89,6173.66,2449.02,0.98,0.97,-0.66,0.28,238.33,237.84,238.85,238.29,51.17,63.52,45.84,44.14,51.25,1249156.38,0,15,106:11:10,0,0,0,0,0,0
13,AUDIO,2026-02-15 21:39:30,LG6400,20630.19,12168.37,6132.17,2329.65,0.98,0.97,-0.67,0.27,238.33,237.84,238.86,238.30,49.97,61.32,44.93,43.67,51.25,1249168.12,0,15,106:11:12,0,0,0,0,0,0
13,AUDIO,2026-02-15 21:39:32,LG6400,20876.38,12355.64,6204.71,2316.02,0.98,0.98,-0.68,0.27,238.33,237.83,238.87,238.29,50.45,62.31,45.39,43.64,51.25,1249179.50,0,15,106:11:14,0,0,0,0,0,0
13,AUDIO,2026-02-15 21:39:34,LG6400,21019.59,12499.51,6203.61,2316.47,0.98,0.97,-0.66,0.27,238.32,237.83,238.86,238.27,50.68,63.01,45.40,43.64,51.25,1249185.25,0,15,106:11:15,0,0,0,0,0,0
13,AUDIO,2026-02-15 21:39:35,LG6400,20468.80,12127.92,6120.01,2220.87,0.98,0.97,-0.67,0.26,238.33,237.83,238.88,238.27,49.64,61.17,44.79,42.97,51.24,1249197,0,15,106:11:17,0,0,0,0,0,0
13,AUDIO,2026-02-15 21:39:37,LG6400,21077.03,12514.98,6192.01,2370.05,0.98,0.97,-0.66,0.27,238.32,237.82,238.87,238.26,50.81,62.80,45.65,43.99,51.24,1249208.62,0,15,106:11:19,0,0,0,0,0,0
13,AUDIO,2026-02-15 21:39:39,LG6400,21051.50,12514.88,6190.18,2346.43,0.98,0.97,-0.67,0.27,238.32,237.83,238.88,238.26,50.81,62.81,45.63,43.98,51.24,1249214.38,0,15,106:11:20,0,0,0,0,0,0
13,AUDIO,2026-02-15 21:39:40,LG6400,20700.44,12269.03,6116.51,2314.90,0.98,0.97,-0.66,0.27,238.32,237.83,238.88,238.26,50.12,61.80,45.06,43.50,51.24,1249226.12,0,15,106:11:22,0,0,0,0,0,0
13,AUDIO,2026-02-15 21:39:42,LG6400,21270.64,12585.24,6314.53,2370.87,0.98,0.97,-0.67,0.27,238.33,237.85,238.88,238.24,51.18,63.36,46.08,44.10,51.24,1249237.50,0,15,106:11:24,0,0,0,0,0,0
13,AUDIO,2026-02-15 21:39:44,LG6400,20685.38,12265.07,6128.46,2291.85,0.98,0.97,-0.66,0.26,238.33,237.84,238.88,238.25,50.19,61.80,45.23,43.56,51.24,1249249,0,15,106:11:25,0,0,0,0,0,0
13,AUDIO,2026-02-15 21:39:46,LG6400,20401.20,11993.74,6128.74,2278.72,0.98,0.97,-0.67,0.27,238.32,237.84,238.88,238.25,49.47,60.50,44.70,43.20,51.24,1249254.62,0,15,106:11:28,0,0,0,0,0,0
13,AUDIO,2026-02-15 21:39:48,LG6400,20705.88,12290.05,6089.47,2326.36,0.98,0.97,-0.66,0.27,238.32,237.85,238.87,238.24,50.24,61.96,45.17,43.60,51.23,1249266.38,0,15,106:11:29,0,0,0,0,0,0
13,AUDIO,2026-02-15 21:39:49,LG6400,20781.11,12289.81,6174.24,2317.06,0.98,0.97,-0.67,0.27,238.32,237.85,238.87,238.24,50.24,61.96,45.18,43.59,51.23,1249278,0,15,106:11:31,0,0,0,0,0,0
13,AUDIO,2026-02-15 21:39:51,LG6400,20633.40,12225.17,6100.75,2307.48,0.98,0.97,-0.66,0.27,238.32,237.84,238.87,238.25,49.96,61.58,44.94,43.36,51.23,1249289.62,0,15,106:11:33,0,0,0,0,0,0
13,AUDIO,2026-02-15 21:39:53,LG6400,20961.75,12422.58,6231.55,2307.62,0.98,0.97,-0.66,0.27,238.32,237.83,238.88,238.24,50.54,62.70,45.55,43.37,51.23,1249295.50,0,15,106:11:34,0,0,0,0,0,0
13,AUDIO,2026-02-15 21:39:54,LG6400,19888.04,11705.98,6059.74,2122.32,0.98,0.97,-0.67,0.25,238.33,237.86,238.88,238.26,48.28,58.99,43.67,42.18,51.24,1249306.75,0,15,106:11:36,0,0,0,0,0,0
13,AUDIO,2026-02-15 21:39:56,LG6400,19611.48,11506.64,6059.96,2044.89,0.97,0.97,-0.69,0.25,238.34,237.86,238.89,238.27,47.58,58.09,43.07,41.57,51.25,1249317.50,0,15,106:11:38,0,0,0,0,0,0
13,AUDIO,2026-02-15 21:39:58,LG6400,19783.12,11601.68,6085.82,2095.63,0.98,0.97,-0.68,0.25,238.35,237.87,238.89,238.29,48.08,58.67,43.66,41.92,51.25,1249328.50,0,15,106:11:39,0,0,0,0,0,0
13,AUDIO,2026-02-15 21:39:59,LG6400,20160.61,11799.41,6168.44,2192.76,0.98,0.97,-0.68,0.26,238.35,237.87,238.89,238.29,48.90,59.65,44.44,42.63,51.25,1249334.12,0,15,106:11:41,0,0,0,0,0,0
13,AUDIO,2026-02-15 21:40:01,LG6400,19815.38,11631.53,6066.17,2117.68,0.98,0.97,-0.68,0.25,238.36,237.87,238.90,238.30,48.19,58.79,43.69,42.08,51.26,1249345.12,0,15,106:11:43,0,0,0,0,0,0
13,AUDIO,2026-02-15 21:40:03,LG6400,19701.05,11556.09,6067.01,2077.95,0.97,0.97,-0.69,0.25,238.37,237.88,238.92,238.31,47.86,58.44,43.42,41.73,51.27,1249356.12,0,15,106:11:44,0,0,0,0,0,0
13,AUDIO,2026-02-15 21:40:04,LG6400,19582.32,11464.57,6065.50,2052.25,0.98,0.97,-0.68,0.25,238.37,237.89,238.91,238.31,47.63,57.97,43.19,41.72,51.27,1249361.50,0,15,106:11:46,0,0,0,0,0,0
13,AUDIO,2026-02-15 21:40:06,LG6400,19536.31,11466.11,6029.36,2040.84,0.97,0.97,-0.69,0.25,238.37,237.88,238.91,238.32,47.55,57.98,43.19,41.49,51.28,1249372.25,0,15,106:11:48,0,0,0,0,0,0
13,AUDIO,2026-02-15 21:40:08,LG6400,19447.56,11377.03,6029.42,2041.11,0.97,0.97,-0.69,0.25,238.38,237.89,238.92,238.34,47.37,57.66,42.96,41.49,51.29,1249383.25,0,15,106:11:50,0,0,0,0,0,0
13,AUDIO,2026-02-15 21:40:09,LG6400,19418.48,11376.83,6029.15,2012.50,0.97,0.97,-0.69,0.25,238.38,237.88,238.92,238.34,47.37,57.66,42.96,41.48,51.29,1249388.50,0,15,106:11:51,0,0,0,0,0,0
13,AUDIO,2026-02-15 21:40:11,LG6400,19596.50,11453.92,6090.83,2051.75,0.98,0.97,-0.69,0.25,238.38,237.88,238.92,238.33,47.65,57.99,43.47,41.49,51.29,1249399.50,0,15,106:11:53,0,0,0,0,0,0
13,AUDIO,2026-02-15 21:40:13,LG6400,19548.58,11455.28,6031.64,2061.66,0.97,0.97,-0.68,0.25,238.38,237.89,238.91,238.34,47.61,57.99,43.15,41.70,51.30,1249410.25,0,15,106:11:55,0,0,0,0,0,0
13,AUDIO,2026-02-15 21:40:15,LG6400,19776.06,11603.55,6081.29,2091.22,0.98,0.97,-0.68,0.25,238.38,237.89,238.91,238.34,48,58.68,43.60,41.71,51.30,1249415.88,0,15,106:11:56,0,0,0,0,0,0
13,AUDIO,2026-02-15 21:40:16,LG6400,19433.23,11379.29,6020.66,2033.28,0.98,0.97,-0.69,0.25,238.38,237.89,238.90,238.34,47.30,57.61,42.95,41.34,51.30,1249426.62,0,15,106:11:58,0,0,0,0,0,0
13,AUDIO,2026-02-15 21:40:18,LG6400,19547.33,11442.92,6057.92,2046.50,0.98,0.97,-0.68,0.25,238.38,237.90,238.91,238.35,47.50,57.91,43.24,41.36,51.30,1249437.62,0,15,106:12:00,0,0,0,0,0,0
13,AUDIO,2026-02-15 21:40:20,LG6400,19407.06,11376.95,6018.12,2011.99,0.97,0.97,-0.69,0.25,238.39,237.90,238.92,238.36,47.28,57.56,42.92,41.35,51.31,1249443,0,15,106:12:01,0,0,0,0,0,0
13,AUDIO,2026-02-15 21:40:21,LG6400,19490.54,11438.50,6018.56,2033.49,0.97,0.97,-0.69,0.25,238.39,237.90,238.92,238.35,47.39,57.87,42.94,41.36,51.31,1249453.62,0,15,106:12:03,0,0,0,0,0,0
13,AUDIO,2026-02-15 21:40:23,LG6400,19508.29,11443.25,6021.11,2043.92,0.97,0.97,-0.69,0.25,238.40,237.92,238.92,238.36,47.48,57.89,43.16,41.38,51.31,1249464.62,0,15,106:12:05,0,0,0,0,0,0
13,AUDIO,2026-02-15 21:40:25,LG6400,19492.15,11439.36,6022.61,2030.18,0.97,0.97,-0.69,0.25,238.40,237.92,238.93,238.37,47.47,57.87,43.15,41.38,51.31,1249475.38,0,15,106:12:07,0,0,0,0,0,0
13,AUDIO,2026-02-15 21:40:27,LG6400,19533.04,11436.79,6065.72,2030.52,0.97,0.97,-0.69,0.25,238.41,237.93,238.93,238.37,47.47,57.86,43.15,41.39,51.32,1249486.25,0,15,106:12:09,0,0,0,0,0,0
13,AUDIO,2026-02-15 21:40:29,LG6400,19503.79,11434.14,6028.14,2041.51,0.97,0.97,-0.69,0.25,238.41,237.93,238.93,238.37,47.46,57.85,43.15,41.39,51.32,1249491.62,0,15,106:12:10,0,0,0,0,0,0
13,AUDIO,2026-02-15 21:40:30,LG6400,19517.39,11444.19,6028.44,2044.76,0.98,0.97,-0.68,0.25,238.41,237.92,238.93,238.37,47.46,57.84,43.14,41.40,51.32,1249502.38,0,15,106:12:12,0,0,0,0,0,0
13,AUDIO,2026-02-15 21:40:32,LG6400,19441.59,11387.58,6028.48,2025.52,0.97,0.97,-0.69,0.25,238.40,237.92,238.92,238.36,47.46,57.83,43.14,41.41,51.32,1249513.38,0,15,106:12:14,0,0,0,0,0,0
13,AUDIO,2026-02-15 21:40:34,LG6400,19496.55,11450.15,6028.69,2017.71,0.97,0.97,-0.69,0.24,238.41,237.92,238.93,238.37,47.46,57.84,43.14,41.41,51.32,1249524.25,0,15,106:12:15,0,0,0,0,0,0
13,AUDIO,2026-02-15 21:40:36,LG6400,19494.81,11448.89,6027.82,2018.10,0.97,0.97,-0.69,0.25,238.41,237.93,238.93,238.37,47.46,57.83,43.13,41.41,51.32,1249529.50,0,15,106:12:18,0,0,0,0,0,0
13,AUDIO,2026-02-15 21:40:38,LG6400,19470.95,11443.61,6026.91,2000.43,0.97,0.97,-0.69,0.24,238.41,237.94,238.93,238.38,47.44,57.82,43.11,41.40,51.32,1249540.38,0,15,106:12:19,0,0,0,0,0,0
13,AUDIO,2026-02-15 21:40:39,LG6400,19529.61,11442.38,6027.57,2059.66,0.97,0.97,-0.69,0.25,238.41,237.94,238.93,238.37,47.53,57.82,43.11,41.64,51.32,1249551.38,0,15,106:12:21,0,0,0,0,0,0
13,AUDIO,2026-02-15 21:40:41,LG6400,19512.62,11441.07,6028.59,2042.96,0.97,0.97,-0.69,0.25,238.42,237.94,238.94,238.38,47.52,57.82,43.11,41.63,51.32,1249562,0,15,106:12:23,0,0,0,0,0,0
13,AUDIO,2026-02-15 21:40:43,LG6400,19500.21,11440.85,6028.03,2031.32,0.97,0.97,-0.69,0.25,238.42,237.94,238.94,238.37,47.52,57.82,43.11,41.62,51.32,1249567.38,0,15,106:12:24,0,0,0,0,0,0
13,AUDIO,2026-02-15 21:40:44,LG6400,19499.28,11438.08,6029.58,2031.61,0.97,0.97,-0.69,0.25,238.42,237.95,238.94,238.38,47.51,57.82,43.11,41.60,51.32,1249578.38,0,15,106:12:26,0,0,0,0,0,0
13,AUDIO,2026-02-15 21:40:46,LG6400,19568.07,11501.85,6030.89,2035.33,0.98,0.97,-0.69,0.25,238.42,237.94,238.93,238.39,47.62,58.13,43.12,41.59,51.32,1249589.25,0,15,106:12:28,0,0,0,0,0,0
13,AUDIO,2026-02-15 21:40:48,LG6400,19835.71,11640.26,6091.07,2104.38,0.98,0.97,-0.68,0.25,238.41,237.94,238.93,238.37,48.20,58.83,43.76,42,51.32,1249600.12,0,15,106:12:29,0,0,0,0,0,0
13,AUDIO,2026-02-15 21:40:50,LG6400,20200.32,11847.78,6156.08,2196.46,0.98,0.97,-0.68,0.26,238.41,237.93,238.93,238.38,48.97,59.87,44.38,42.68,51.32,1249605.88,0,15,106:12:32,0,0,0,0,0,0
13,AUDIO,2026-02-15 21:40:52,LG6400,22148.82,13240.78,6278.72,2629.33,0.98,0.98,-0.67,0.29,238.39,237.90,238.93,238.34,53.15,66.92,47,45.53,51.31,1249617.88,0,15,106:12:33,0,0,0,0,0,0
13,AUDIO,2026-02-15 21:40:53,LG6400,20451.33,12058.58,5972.51,2420.25,0.98,0.97,-0.67,0.28,238.38,237.90,238.92,238.33,49.37,60.79,44.25,43.08,51.30,1249629.75,0,15,106:12:35,0,0,0,0,0,0
13,AUDIO,2026-02-15 21:40:55,LG6400,20497.36,12033.54,6205.27,2258.55,0.98,0.97,-0.68,0.27,238.37,237.89,238.92,238.32,49.56,60.78,44.88,43.01,51.29,1249641,0,15,106:12:37,0,0,0,0,0,0
13,AUDIO,2026-02-15 21:40:57,LG6400,20295.36,11951.47,6121.67,2222.23,0.98,0.97,-0.67,0.26,238.38,237.90,238.91,238.32,49.26,60.26,44.51,43,51.29,1249646.62,0,15,106:12:38,0,0,0,0,0,0
13,AUDIO,2026-02-15 21:40:58,LG6400,21845.52,13120.46,6257.85,2467.20,0.99,0.99,-0.65,0.27,238.36,237.87,238.89,238.31,52.54,66,46.71,44.92,51.28,1249658.62,0,15,106:12:40,0,0,0,0,0,0
13,AUDIO,2026-02-15 21:41:00,LG6400,20114.38,11846.29,6088.41,2179.68,0.98,0.97,-0.67,0.26,238.36,237.88,238.90,238.31,48.86,59.83,44.19,42.56,51.28,1249670,0,15,106:12:42,0,0,0,0,0,0
13,AUDIO,2026-02-15 21:41:02,LG6400,19733.89,11540.06,6088.84,2104.98,0.98,0.97,-0.69,0.26,238.37,237.88,238.91,238.32,47.89,58.38,43.43,41.87,51.28,1249680.88,0,15,106:12:43,0,0,0,0,0,0
13,AUDIO,2026-02-15 21:41:03,LG6400,20260.40,11882.80,6163.92,2213.69,0.98,0.97,-0.69,0.26,238.36,237.86,238.91,238.32,49.18,60.14,44.61,42.78,51.28,1249686.62,0,15,106:12:45,0,0,0,0,0,0
13,AUDIO,2026-02-15 21:41:05,LG6400,20842.36,12337.58,6140.35,2364.43,0.98,0.97,-0.66,0.27,238.35,237.86,238.89,238.29,50.44,62.19,45.32,43.82,51.27,1249698.12,0,15,106:12:47,0,0,0,0,0,0
13,AUDIO,2026-02-15 21:41:07,LG6400,20944.37,12403.39,6171.40,2369.58,0.98,0.97,-0.66,0.27,238.35,237.86,238.89,238.29,50.63,62.53,45.53,43.84,51.27,1249710,0,15,106:12:48,0,0,0,0,0,0
13,AUDIO,2026-02-15 21:41:08,LG6400,22073.20,13164.76,6349.36,2559.08,0.98,0.98,-0.66,0.29,238.33,237.83,238.87,238.30,53.01,66.38,47.37,45.28,51.26,1249716,0,15,106:12:50,0,0,0,0,0,0
13,AUDIO,2026-02-15 21:41:10,LG6400,20469.79,12043.60,6121.05,2305.14,0.98,0.97,-0.66,0.27,238.33,237.84,238.88,238.29,49.71,60.86,44.88,43.38,51.26,1249727.62,0,15,106:12:52,0,0,0,0,0,0
13,AUDIO,2026-02-15 21:41:12,LG6400,20534.97,12043.93,6171.05,2319.98,0.98,0.97,-0.68,0.27,238.33,237.83,238.88,238.29,49.84,60.86,45.18,43.49,51.25,1249739.12,0,15,106:12:53,0,0,0,0,0,0
13,AUDIO,2026-02-15 21:41:14,LG6400,20832.78,12299.06,6213.57,2320.15,0.98,0.97,-0.66,0.27,238.33,237.84,238.87,238.28,50.40,62.02,45.68,43.50,51.25,1249744.75,0,15,106:12:55,0,0,0,0,0,0
13,AUDIO,2026-02-15 21:41:15,LG6400,20899.06,12370.56,6175.68,2352.82,0.98,0.98,-0.66,0.27,238.33,237.85,238.87,238.28,50.56,62.04,45.67,43.98,51.25,1249756.25,0,15,106:12:57,0,0,0,0,0,0
13,AUDIO,2026-02-15 21:41:17,LG6400,20231.72,11884.89,6156.65,2190.18,0.98,0.97,-0.68,0.26,238.33,237.85,238.87,238.28,49.01,59.98,44.33,42.72,51.25,1249767.50,0,15,106:12:59,0,0,0,0,0,0
13,AUDIO,2026-02-15 21:41:19,LG6400,19967.99,11724.53,6098.59,2144.87,0.98,0.97,-0.68,0.26,238.34,237.86,238.88,238.29,48.43,59.14,43.86,42.29,51.26,1249773.12,0,15,106:13:00,0,0,0,0,0,0
13,AUDIO,2026-02-15 21:41:20,LG6400,19658.59,11532.95,6067.64,2057.99,0.98,0.97,-0.68,0.25,238.34,237.86,238.88,238.29,47.75,58.25,43.33,41.66,51.26,1249784,0,15,106:13:02,0,0,0,0,0,0
13,AUDIO,2026-02-15 21:41:22,LG6400,20428.95,12012.47,6195.75,2220.74,0.98,0.98,-0.68,0.26,238.34,237.86,238.87,238.28,49.37,60.64,44.76,42.71,51.26,1249795.38,0,15,106:13:04,0,0,0,0,0,0
13,AUDIO,2026-02-15 21:41:24,LG6400,21316.09,12557.22,6331.05,2427.83,0.98,0.98,-0.66,0.28,238.33,237.86,238.88,238.25,51.26,63.40,46.28,44.09,51.26,1249801.38,0,15,106:13:05,0,0,0,0,0,0
13,AUDIO,2026-02-15 21:41:25,LG6400,21293.60,12682.31,6122.31,2488.97,0.98,0.98,-0.65,0.29,238.33,237.85,238.87,238.26,51.18,63.81,45.69,44.03,51.25,1249813.25,0,15,106:13:07,0,0,0,0,0,0
13,AUDIO,2026-02-15 21:41:27,LG6400,20399.53,12016.24,6184.65,2198.64,0.98,0.97,-0.67,0.26,238.33,237.86,238.88,238.27,49.43,60.66,44.82,42.80,51.25,1249824.62,0,15,106:13:09,0,0,0,0,0,0
13,AUDIO,2026-02-15 21:41:29,LG6400,20783.40,12259.51,6229.29,2294.60,0.98,0.97,-0.67,0.27,238.34,237.87,238.88,238.27,50.16,61.76,45.32,43.41,51.25,1249836,0,15,106:13:10,0,0,0,0,0,0
13,AUDIO,2026-02-15 21:41:30,LG6400,21397.13,12734.08,6230.51,2432.53,0.98,0.98,-0.66,0.28,238.33,237.85,238.89,238.25,51.51,64.18,45.92,44.42,51.25,1249841.88,0,15,106:13:12,0,0,0,0,0,0
13,AUDIO,2026-02-15 21:41:32,LG6400,20821.05,12306.59,6127.72,2386.75,0.98,0.97,-0.66,0.28,238.32,237.84,238.88,238.25,50.19,61.90,45.11,43.57,51.24,1249853.62,0,15,106:13:14,0,0,0,0,0,0
13,AUDIO,2026-02-15 21:41:34,LG6400,19804.19,11607.97,6100.08,2096.14,0.98,0.97,-0.68,0.25,238.34,237.86,238.89,238.26,48.13,58.65,43.79,41.94,51.25,1249864.62,0,15,106:13:15,0,0,0,0,0,0
13,AUDIO,2026-02-15 21:41:35,LG6400,19840.21,11611.21,6101.73,2127.26,0.98,0.97,-0.68,0.26,238.35,237.86,238.90,238.27,48.13,58.66,43.79,41.95,51.26,1249870.12,0,15,106:13:17,0,0,0,0,0,0
13,AUDIO,2026-02-15 21:41:37,LG6400,20090.25,11769.14,6143.36,2177.75,0.98,0.97,-0.68,0.26,238.34,237.86,238.90,238.27,48.71,59.48,44.12,42.53,51.26,1249881.38,0,15,106:13:19,0,0,0,0,0,0
13,AUDIO,2026-02-15 21:41:39,LG6400,20154.17,11831.40,6102.89,2219.89,0.98,0.97,-0.67,0.26,238.34,237.86,238.89,238.27,48.91,59.68,44.28,42.78,51.26,1249892.50,0,15,106:13:21,0,0,0,0,0,0
13,AUDIO,2026-02-15 21:41:41,LG6400,21816.30,12868.78,6424.99,2522.53,0.98,0.98,-0.67,0.28,238.32,237.82,238.87,238.27,52.42,65.08,47.18,44.99,51.25,1249898.62,0,15,106:13:22,0,0,0,0,0,0
13,AUDIO,2026-02-15 21:41:42,LG6400,20530.61,12067.29,6186.03,2277.29,0.98,0.97,-0.67,0.27,238.33,237.83,238.88,238.27,49.76,61.19,44.79,43.31,51.25,1249910,0,15,106:13:24,0,0,0,0,0,0
13,AUDIO,2026-02-15 21:41:44,LG6400,20372.02,11953.42,6190.64,2227.96,0.98,0.97,-0.68,0.26,238.32,237.83,238.88,238.27,49.35,60.39,44.75,42.92,51.26,1249921.25,0,15,106:13:26,0,0,0,0,0,0
13,AUDIO,2026-02-15 21:41:46,LG6400,20135.94,11844.10,6104.72,2187.13,0.98,0.97,-0.68,0.26,238.33,237.83,238.88,238.27,48.85,59.76,44.15,42.63,51.26,1249926.88,0,15,106:13:27,0,0,0,0,0,0
13,AUDIO,2026-02-15 21:41:47,LG6400,20857.48,12211.79,6270.89,2374.80,0.98,0.97,-0.66,0.28,238.32,237.84,238.87,238.25,50.34,61.64,45.63,43.75,51.26,1249938.38,0,15,106:13:29,0,0,0,0,0,0
13,AUDIO,2026-02-15 21:41:49,LG6400,22121.51,13153.62,6426.49,2541.39,0.98,0.98,-0.66,0.28,238.31,237.84,238.87,238.23,53.03,66.16,47.54,45.40,51.25,1249950.12,0,15,106:13:31,0,0,0,0,0,0
13,AUDIO,2026-02-15 21:41:51,LG6400,20795.23,12219.71,6018.95,2556.57,0.98,0.97,-0.65,0.30,238.32,237.84,238.88,238.24,50.09,61.61,45.05,43.62,51.25,1249956,0,15,106:13:32,0,0,0,0,0,0
13,AUDIO,2026-02-15 21:41:52,LG6400,20476.35,12011.59,6158.59,2306.17,0.98,0.97,-0.67,0.27,238.33,237.84,238.89,238.25,49.65,60.70,45.04,43.23,51.25,1249967.38,0,15,106:13:34,0,0,0,0,0,0
13,AUDIO,2026-02-15 21:41:54,LG6400,19938.29,11708.46,6107.02,2122.82,0.98,0.97,-0.68,0.25,238.34,237.85,238.89,238.26,48.36,59.10,43.82,42.16,51.25,1249978.25,0,15,106:13:36,0,0,0,0,0,0
13,AUDIO,2026-02-15 21:41:56,LG6400,20645.13,12150.65,6226.75,2267.74,0.98,0.97,-0.68,0.27,238.32,237.83,238.87,238.25,49.94,61.37,45.25,43.21,51.25,1249989.50,0,15,106:13:37,0,0,0,0,0,0
13,AUDIO,2026-02-15 21:41:58,LG6400,20041.25,11790.72,6073.37,2177.16,0.98,0.97,-0.67,0.26,238.33,237.84,238.88,238.26,48.77,59.58,44.21,42.53,51.26,1249995.25,0,15,106:13:40,0,0,0,0,0,0
13,AUDIO,2026-02-15 21:42:00,LG6400,20230,11870.41,6147.01,2212.58,0.98,0.97,-0.68,0.26,238.32,237.84,238.88,238.26,49.09,60,44.49,42.80,51.26,1250006.50,0,15,106:13:41,0,0,0,0,0,0
13,AUDIO,2026-02-15 21:42:01,LG6400,19877.76,11684.43,6057.23,2136.09,0.98,0.97,-0.68,0.26,238.33,237.84,238.88,238.27,48.30,59.02,43.65,42.25,51.26,1250017.62,0,15,106:13:43,0,0,0,0,0,0
13,AUDIO,2026-02-15 21:42:03,LG6400,20685.95,12173.33,6214.03,2298.59,0.98,0.97,-0.68,0.27,238.32,237.82,238.88,238.26,50.03,61.38,45.30,43.41,51.26,1250029,0,15,106:13:45,0,0,0,0,0,0
13,AUDIO,2026-02-15 21:42:05,LG6400,20909.61,12396.69,6213.84,2299.08,0.98,0.97,-0.67,0.27,238.32,237.83,238.87,238.26,50.25,62.02,45.30,43.43,51.26,1250034.88,0,15,106:13:46,0,0,0,0,0,0
13,AUDIO,2026-02-15 21:42:06,LG6400,21695.37,12829.39,6128.86,2737.12,0.98,0.98,-0.65,0.31,238.30,237.80,238.87,238.24,51.78,64.41,46.16,44.76,51.25,1250047,0,15,106:13:48,0,0,0,0,0,0
13,AUDIO,2026-02-15 21:42:08,LG6400,19756.70,11637.91,6018.42,2100.38,0.98,0.97,-0.68,0.25,238.32,237.82,238.88,238.25,48.08,58.76,43.48,42,51.25,1250058.38,0,15,106:13:50,0,0,0,0,0,0
13,AUDIO,2026-02-15 21:42:10,LG6400,20205.18,11864.67,6163.79,2176.72,0.98,0.97,-0.68,0.26,238.31,237.82,238.87,238.25,48.97,59.94,44.45,42.51,51.26,1250069.50,0,15,106:13:51,0,0,0,0,0,0
13,AUDIO,2026-02-15 21:42:11,LG6400,21236.83,12460,6336.51,2440.32,0.98,0.98,-0.67,0.28,238.30,237.80,238.88,238.23,51.25,63.02,46.42,44.31,51.25,1250075.25,0,15,106:13:53,0,0,0,0,0,0
13,AUDIO,2026-02-15 21:42:13,LG6400,20900.04,12344.40,6192.44,2363.20,0.98,0.97,-0.67,0.27,238.31,237.81,238.88,238.24,50.58,62.31,45.52,43.90,51.25,1250086.88,0,15,106:13:55,0,0,0,0,0,0
13,AUDIO,2026-02-15 21:42:15,LG6400,21111.01,12551.87,6127.92,2431.22,0.98,0.98,-0.65,0.28,238.30,237.81,238.86,238.24,51.14,63.37,45.82,44.22,51.24,1250098.62,0,15,106:13:56,0,0,0,0,0,0
13,AUDIO,2026-02-15 21:42:16,LG6400,20788.37,12288.52,6128.26,2371.59,0.98,0.98,-0.67,0.27,238.31,237.81,238.86,238.24,50.40,62.04,45.35,43.81,51.24,1250104.50,0,15,106:13:58,0,0,0,0,0,0
13,AUDIO,2026-02-15 21:42:18,LG6400,20634.10,12123.72,6181.99,2328.39,0.98,0.97,-0.66,0.27,238.31,237.81,238.87,238.25,50.02,61.19,45.24,43.63,51.25,1250115.88,0,15,106:14:00,0,0,0,0,0,0
13,AUDIO,2026-02-15 21:42:20,LG6400,21114.86,12496.50,6246.03,2372.33,0.98,0.98,-0.67,0.27,238.30,237.80,238.85,238.23,51.13,63.21,46.18,44,51.24,1250127.38,0,15,106:14:01,0,0,0,0,0,0
13,AUDIO,2026-02-15 21:42:22,LG6400,20496.65,12147.45,6050.69,2298.51,0.98,0.97,-0.66,0.27,238.31,237.82,238.86,238.25,49.77,61.21,44.69,43.40,51.24,1250133.25,0,15,106:14:03,0,0,0,0,0,0
13,AUDIO,2026-02-15 21:42:23,LG6400,20637.49,12151.10,6205.42,2280.97,0.98,0.97,-0.68,0.27,238.31,237.82,238.86,238.24,49.87,61.32,44.99,43.29,51.25,1250144.38,0,15,106:14:05,0,0,0,0,0,0
13,AUDIO,2026-02-15 21:42:25,LG6400,20474.52,12126.16,6060.65,2287.71,0.98,0.97,-0.66,0.27,238.31,237.82,238.85,238.25,49.76,61.09,44.81,43.38,51.24,1250156,0,15,106:14:07,0,0,0,0,0,0
13,AUDIO,2026-02-15 21:42:27,LG6400,20165.12,11845.64,6105.12,2214.36,0.98,0.97,-0.67,0.26,238.31,237.83,238.86,238.26,48.96,59.75,44.30,42.82,51.25,1250161.50,0,15,106:14:08,0,0,0,0,0,0
13,AUDIO,2026-02-15 21:42:28,LG6400,19864.88,11659.09,6093.16,2112.63,0.98,0.97,-0.68,0.25,238.33,237.84,238.87,238.27,48.21,58.84,43.71,42.09,51.25,1250172.62,0,15,106:14:10,0,0,0,0,0,0
13,AUDIO,2026-02-15 21:42:30,LG6400,19684.73,11537.07,6057.90,2089.76,0.97,0.97,-0.69,0.25,238.34,237.85,238.87,238.29,47.81,58.29,43.36,41.79,51.26,1250183.50,0,15,106:14:12,0,0,0,0,0,0
13,AUDIO,2026-02-15 21:42:32,LG6400,19654.37,11537.96,6057.30,2059.11,0.97,0.97,-0.69,0.25,238.34,237.86,238.88,238.28,47.81,58.30,43.36,41.78,51.27,1250189.12,0,15,106:14:13,0,0,0,0,0,0
13,AUDIO,2026-02-15 21:42:33,LG6400,23890.43,14430.68,6697.48,2762.27,0.98,0.98,-0.65,0.29,238.31,237.81,238.87,238.26,55.74,71.36,48.89,46.96,51.25,1250201.50,0,15,106:14:15,0,0,0,0,0,0
13,AUDIO,2026-02-15 21:42:35,LG6400,21677.10,12808.17,6058.99,2809.94,0.99,0.98,-0.64,0.32,238.32,237.82,238.87,238.26,51.51,64.41,45.66,44.46,51.25,1250213.88,0,15,106:14:17,0,0,0,0,0,0
13,AUDIO,2026-02-15 21:42:37,LG6400,19836.51,11665.93,6077.44,2093.14,0.98,0.97,-0.68,0.25,238.33,237.83,238.89,238.28,48.16,58.90,43.63,41.94,51.25,1250224.88,0,15,106:14:18,0,0,0,0,0,0
13,AUDIO,2026-02-15 21:42:39,LG6400,20090.22,11781.67,6133.96,2174.60,0.98,0.97,-0.68,0.26,238.34,237.83,238.89,238.29,48.63,59.40,44,42.50,51.26,1250230.62,0,15,106:14:21,0,0,0,0,0,0
13,AUDIO,2026-02-15 21:42:41,LG6400,20189.81,11863.15,6148.58,2178.08,0.98,0.97,-0.68,0.26,238.34,237.84,238.89,238.30,48.82,59.71,44.13,42.62,51.26,1250241.75,0,15,106:14:22,0,0,0,0,0,0
13,AUDIO,2026-02-15 21:42:42,LG6400,22816.65,13704.79,6343.54,2768.32,0.99,0.99,-0.64,0.30,238.32,237.81,238.87,238.28,53.93,68.37,47.64,45.77,51.25,1250254.12,0,15,106:14:24,0,0,0,0,0,0
13,AUDIO,2026-02-15 21:42:44,LG6400,22811.51,13646.29,6541.09,2624.12,0.98,0.98,-0.66,0.29,238.30,237.79,238.85,238.28,53.99,68.20,47.87,45.90,51.24,1250266.25,0,15,106:14:26,0,0,0,0,0,0
13,AUDIO,2026-02-15 21:42:46,LG6400,22354.17,13354.39,6122.77,2877,0.99,0.98,-0.64,0.32,238.31,237.80,238.85,238.28,52.84,66.74,46.46,45.32,51.24,1250272.62,0,15,106:14:27,0,0,0,0,0,0
13,AUDIO,2026-02-15 21:42:47,LG6400,21369.99,12668.21,6174.33,2527.45,0.99,0.98,-0.65,0.29,238.29,237.78,238.84,238.25,51.41,63.79,46.18,44.24,51.23,1250284.50,0,15,106:14:29,0,0,0,0,0,0
13,AUDIO,2026-02-15 21:42:49,LG6400,22052.10,13099.65,6139.10,2813.35,0.98,0.98,-0.65,0.32,238.28,237.77,238.85,238.23,52.43,65.89,46.45,44.94,51.23,1250297,0,15,106:14:31,0,0,0,0,0,0
13,AUDIO,2026-02-15 21:42:51,LG6400,21366.45,12699.52,6218.32,2448.62,0.98,0.98,-0.65,0.28,238.29,237.77,238.86,238.23,51.51,64.01,46.20,44.32,51.23,1250308.88,0,15,106:14:32,0,0,0,0,0,0
13,AUDIO,2026-02-15 21:42:53,LG6400,22465.95,13503.93,6361.63,2600.39,0.99,0.99,-0.65,0.28,238.27,237.75,238.83,238.22,53.44,67.30,47.42,45.60,51.22,1250315.12,0,15,106:14:35,0,0,0,0,0,0
13,AUDIO,2026-02-15 21:42:55,LG6400,20757.48,12284.11,6134.24,2339.13,0.98,0.98,-0.67,0.27,238.27,237.74,238.83,238.22,50.33,62.04,45.24,43.72,51.22,1250326.88,0,15,106:14:36,0,0,0,0,0,0
13,AUDIO,2026-02-15 21:42:56,LG6400,22230.13,13287.19,6398.58,2544.35,0.98,0.98,-0.65,0.28,238.25,237.72,238.83,238.20,53.11,66.90,47.14,45.29,51.22,1250338.88,0,15,106:14:38,0,0,0,0,0,0
13,AUDIO,2026-02-15 21:42:58,LG6400,20848.27,12315,6073.67,2459.59,0.98,0.97,-0.65,0.29,238.26,237.74,238.83,238.20,50.24,62.05,44.97,43.70,51.22,1250350.62,0,15,106:14:40,0,0,0,0,0,0
13,AUDIO,2026-02-15 21:43:00,LG6400,21431.15,12664.46,6306.74,2459.95,0.98,0.98,-0.66,0.28,238.25,237.73,238.81,238.21,51.70,63.88,46.53,44.69,51.22,1250356.50,0,15,106:14:41,0,0,0,0,0,0
13,AUDIO,2026-02-15 21:43:01,LG6400,21852.45,12951.06,6141.99,2759.40,0.98,0.98,-0.64,0.31,238.25,237.74,238.82,238.20,52.19,65.11,46.53,44.91,51.21,1250368.88,0,15,106:14:43,0,0,0,0,0,0
13,AUDIO,2026-02-15 21:43:03,LG6400,22238.92,13126.56,6245.71,2866.65,0.99,0.98,-0.64,0.32,238.24,237.73,238.80,238.18,52.83,66.04,46.95,45.50,51.20,1250381.25,0,15,106:14:45,0,0,0,0,0,0
13,AUDIO,2026-02-15 21:43:05,LG6400,22222.19,13192.83,6206.81,2822.56,0.98,0.98,-0.64,0.31,238.25,237.73,238.81,238.20,52.91,66.25,46.99,45.50,51.20,1250393.62,0,15,106:14:46,0,0,0,0,0,0
13,AUDIO,2026-02-15 21:43:07,LG6400,21977.08,13040.54,6208.23,2728.31,0.98,0.98,-0.64,0.31,238.24,237.74,238.81,238.18,52.50,65.61,47,44.89,51.20,1250399.75,0,15,106:14:49,0,0,0,0,0,0
13,AUDIO,2026-02-15 21:43:09,LG6400,21551.18,12816.94,6168.86,2565.37,0.98,0.98,-0.65,0.29,238.25,237.75,238.81,238.19,51.75,64.71,46.08,44.45,51.20,1250411.75,0,15,106:14:50,0,0,0,0,0,0
13,AUDIO,2026-02-15 21:43:10,LG6400,22263.64,13263.42,6322.86,2677.36,0.98,0.98,-0.65,0.30,238.24,237.74,238.80,238.17,53.31,66.83,47.72,45.38,51.20,1250423.88,0,15,106:14:52,0,0,0,0,0,0
13,AUDIO,2026-02-15 21:43:12,LG6400,21956.71,12949.11,6000.48,3007.12,0.99,0.98,-0.63,0.34,238.22,237.73,238.78,238.16,52.10,65.11,46.38,44.81,51.19,1250436.75,0,15,106:14:54,0,0,0,0,0,0
13,AUDIO,2026-02-15 21:43:14,LG6400,21957.25,13058.49,6272.61,2626.14,0.98,0.98,-0.65,0.29,238.22,237.73,238.78,238.15,52.61,65.88,47.12,44.82,51.19,1250442.75,0,15,106:14:55,0,0,0,0,0,0
13,AUDIO,2026-02-15 21:43:15,LG6400,23257.68,14080.81,6316.51,2860.36,0.99,0.98,-0.63,0.32,238.22,237.74,238.79,238.13,54.82,70.60,47.82,46.03,51.19,1250455.38,0,15,106:14:57,0,0,0,0,0,0
13,AUDIO,2026-02-15 21:43:17,LG6400,22056.69,13110.53,6260.56,2685.60,0.99,0.98,-0.64,0.30,238.21,237.73,238.78,238.12,52.76,65.96,47.38,44.94,51.19,1250467.75,0,15,106:14:59,0,0,0,0,0,0
13,AUDIO,2026-02-15 21:43:19,LG6400,22726.94,13651.48,6170.94,2904.52,0.99,0.98,-0.63,0.32,238.22,237.73,238.81,238.12,53.61,68.05,47.18,45.59,51.19,1250480.25,0,15,106:15:00,0,0,0,0,0,0
13,AUDIO,2026-02-15 21:43:21,LG6400,22439.41,13381.36,6265.80,2792.24,0.99,0.98,-0.64,0.31,238.20,237.73,238.79,238.09,53.45,67.35,47.64,45.36,51.18,1250486.50,0,15,106:15:03,0,0,0,0,0,0
13,AUDIO,2026-02-15 21:43:23,LG6400,22805.08,13617.50,6300.72,2886.86,0.99,0.98,-0.64,0.31,238.19,237.70,238.78,238.08,53.87,67.82,47.65,46.12,51.18,1250499,0,15,106:15:04,0,0,0,0,0,0
13,AUDIO,2026-02-15 21:43:24,LG6400,22000.56,13087.16,6248.05,2665.35,0.98,0.98,-0.65,0.30,238.20,237.70,238.80,238.08,52.55,65.98,46.72,44.94,51.18,1250511.38,0,15,106:15:06,0,0,0,0,0,0
13,AUDIO,2026-02-15 21:43:26,LG6400,22532.77,13422.70,6414.73,2695.33,0.99,0.98,-0.65,0.30,238.19,237.71,238.80,238.07,53.38,66.79,47.48,45.86,51.18,1250523.50,0,15,106:15:08,0,0,0,0,0,0
13,AUDIO,2026-02-15 21:43:28,LG6400,21889.04,12965.93,6106.05,2817.05,0.98,0.98,-0.65,0.32,238.20,237.71,238.81,238.08,52.10,65.19,46.20,44.91,51.19,1250529.62,0,15,106:15:09,0,0,0,0,0,0
13,AUDIO,2026-02-15 21:43:29,LG6400,22605.54,13493.73,6386.22,2725.59,0.98,0.98,-0.65,0.30,238.20,237.72,238.81,238.08,53.90,67.90,48.12,45.68,51.18,1250542,0,15,106:15:11,0,0,0,0,0,0
13,AUDIO,2026-02-15 21:43:31,LG6400,22824.44,13579.99,6049.94,3194.50,0.99,0.98,-0.62,0.35,238.17,237.67,238.80,238.04,53.67,68.12,47.28,45.60,51.18,1250554.88,0,15,106:15:13,0,0,0,0,0,0
13,AUDIO,2026-02-15 21:43:33,LG6400,22681.39,13531.84,6269.22,2880.32,0.99,0.98,-0.64,0.32,238.17,237.67,238.80,238.04,53.87,68.08,47.91,45.61,51.18,1250567.50,0,15,106:15:14,0,0,0,0,0,0
13,AUDIO,2026-02-15 21:43:34,LG6400,23684.83,14300.14,6382.06,3002.62,0.99,0.98,-0.63,0.32,238.17,237.66,238.80,238.05,55.62,71.47,48.71,46.67,51.17,1250574.12,0,15,106:15:16,0,0,0,0,0,0
13,AUDIO,2026-02-15 21:43:36,LG6400,22136.36,13148.71,6177.96,2809.69,0.99,0.98,-0.64,0.31,238.18,237.67,238.80,238.06,52.75,66.17,46.98,45.10,51.18,1250586.50,0,15,106:15:18,0,0,0,0,0,0
13,AUDIO,2026-02-15 21:43:38,LG6400,22902.14,13776.46,6293.64,2832.05,0.99,0.98,-0.63,0.31,238.18,237.68,238.79,238.06,54.25,69.05,47.94,45.77,51.18,1250599,0,15,106:15:19,0,0,0,0,0,0
13,AUDIO,2026-02-15 21:43:39,LG6400,22457.35,13324.55,6219.70,2913.10,0.99,0.98,-0.64,0.32,238.17,237.68,238.79,238.05,53.41,66.93,47.53,45.77,51.18,1250605.25,0,15,106:15:21,0,0,0,0,0,0
13,AUDIO,2026-02-15 21:43:41,LG6400,22939.53,13742.46,6302.18,2894.88,0.99,0.98,-0.63,0.32,238.16,237.67,238.76,238.04,54.39,68.98,48.45,45.76,51.17,1250617.88,0,15,106:15:23,0,0,0,0,0,0
13,AUDIO,2026-02-15 21:43:43,LG6400,22313.83,13243.77,6281.60,2788.47,0.98,0.98,-0.64,0.31,238.17,237.67,238.77,238.05,53.17,66.81,47.27,45.43,51.17,1250630.25,0,15,106:15:25,0,0,0,0,0,0
13,AUDIO,2026-02-15 21:43:45,LG6400,22249.64,13242.96,6281.64,2725.05,0.99,0.98,-0.64,0.30,238.16,237.68,238.76,238.04,53.16,66.80,47.66,45.03,51.17,1250636.50,0,15,106:15:26,0,0,0,0,0,0
13,AUDIO,2026-02-15 21:43:46,LG6400,21557.62,12705.50,6044.82,2807.31,0.98,0.98,-0.65,0.32,238.17,237.68,238.78,238.04,51.22,63.85,45.54,44.26,51.17,1250648.75,0,15,106:15:28,0,0,0,0,0,0
13,AUDIO,2026-02-15 21:43:48,LG6400,20280.74,11909.88,6165.65,2205.22,0.98,0.97,-0.68,0.26,238.20,237.72,238.80,238.07,49.16,60.11,44.63,42.75,51.19,1250660.12,0,15,106:15:30,0,0,0,0,0,0
13,AUDIO,2026-02-15 21:43:50,LG6400,22431.96,13395.76,6472.93,2563.27,0.99,0.98,-0.66,0.29,238.18,237.71,238.78,238.04,53.16,66.90,47.32,45.27,51.18,1250666.38,0,15,106:15:31,0,0,0,0,0,0
13,AUDIO,2026-02-15 21:43:51,LG6400,20325.33,11962.91,6123.93,2238.49,0.98,0.97,-0.67,0.26,238.20,237.72,238.79,238.08,49.32,60.45,44.51,43.01,51.19,1250677.75,0,15,106:15:33,0,0,0,0,0,0
13,AUDIO,2026-02-15 21:43:53,LG6400,21211.97,12601.45,6258.63,2351.90,0.98,0.98,-0.67,0.27,238.21,237.74,238.79,238.10,51.06,63.45,45.79,43.93,51.19,1250689.25,0,15,106:15:35,0,0,0,0,0,0
13,AUDIO,2026-02-15 21:43:55,LG6400,20410.90,12054.36,6096.05,2260.49,0.98,0.97,-0.67,0.26,238.22,237.75,238.79,238.12,49.58,60.78,44.82,43.16,51.19,1250695.12,0,15,106:15:36,0,0,0,0,0,0
13,AUDIO,2026-02-15 21:43:56,LG6400,22793.48,13622.05,6540.75,2630.69,0.98,0.98,-0.66,0.28,238.20,237.73,238.79,238.08,53.97,67.96,47.94,46.01,51.19,1250707,0,15,106:15:38,0,0,0,0,0,0
13,AUDIO,2026-02-15 21:43:58,LG6400,20650.20,12196.38,6140.61,2313.21,0.98,0.97,-0.66,0.27,238.22,237.74,238.81,238.11,50,61.54,45.09,43.38,51.20,1250718.88,0,15,106:15:40,0,0,0,0,0,0
13,AUDIO,2026-02-15 21:44:00,LG6400,22114.02,13200.75,6388.07,2525.21,0.98,0.98,-0.66,0.28,238.23,237.76,238.82,238.12,52.88,66.36,47.10,45.16,51.20,1250730.75,0,15,106:15:41,0,0,0,0,0,0
13,AUDIO,2026-02-15 21:44:01,LG6400,21209.72,12575.83,6081.05,2552.83,0.98,0.98,-0.65,0.29,238.24,237.76,238.81,238.13,50.99,63.28,45.69,44,51.21,1250736.62,0,15,106:15:43,0,0,0,0,0,0
13,AUDIO,2026-02-15 21:44:03,LG6400,23140.31,13981.70,6429.88,2728.74,0.99,0.98,-0.64,0.30,238.23,237.76,238.82,238.11,54.87,70.08,48.25,46.29,51.20,1250749,0,15,106:15:45,0,0,0,0,0,0
13,AUDIO,2026-02-15 21:44:05,LG6400,21540.53,12779.77,6118.62,2642.14,0.98,0.98,-0.65,0.30,238.24,237.76,238.84,238.12,51.63,64.30,46.19,44.40,51.20,1250761.12,0,15,106:15:46,0,0,0,0,0,0
13,AUDIO,2026-02-15 21:44:06,LG6400,22042.29,13229.61,6300.54,2512.15,0.98,0.98,-0.65,0.28,238.25,237.78,238.85,238.13,52.69,66.36,46.90,44.81,51.20,1250767.38,0,15,106:15:48,0,0,0,0,0,0
13,AUDIO,2026-02-15 21:44:08,LG6400,21647.52,12857.49,6305.78,2484.25,0.98,0.98,-0.66,0.28,238.25,237.79,238.84,238.13,52.12,64.72,46.79,44.86,51.20,1250779.12,0,15,106:15:50,0,0,0,0,0,0
13,AUDIO,2026-02-15 21:44:10,LG6400,22056.13,12987.83,6132.28,2936.02,0.99,0.98,-0.64,0.33,238.25,237.78,238.86,238.12,52.40,65.41,46.81,44.98,51.20,1250791.62,0,15,106:15:51,0,0,0,0,0,0
13,AUDIO,2026-02-15 21:44:12,LG6400,22871.99,13701.49,6396.07,2774.43,0.99,0.98,-0.64,0.30,238.23,237.77,238.83,238.10,54.26,68.49,48.32,45.96,51.19,1250798,0,15,106:15:53,0,0,0,0,0,0
13,AUDIO,2026-02-15 21:44:14,LG6400,22656.85,13513.54,6274.79,2868.52,0.99,0.98,-0.64,0.31,238.21,237.74,238.81,238.08,53.54,67.56,47.49,45.56,51.19,1250817.25,0,15,106:15:55,0,0,0,0,0,0
13,AUDIO,2026-02-15 21:44:15,LG6400,23818.65,14436.31,6391.73,2990.61,0.99,0.98,-0.63,0.32,238.21,237.75,238.82,238.07,55.78,72,48.61,46.74,51.18,1250824,0,15,106:15:57,0,0,0,0,0,0
13,AUDIO,2026-02-15 21:44:17,LG6400,23661.95,14122.07,6496.08,3043.80,0.99,0.98,-0.64,0.33,238.19,237.70,238.81,238.06,55.60,70.56,49.34,46.91,51.18,1250836.75,0,15,106:15:59,0,0,0,0,0,0
13,AUDIO,2026-02-15 21:44:19,LG6400,22851.47,13511.07,6054.56,3285.85,0.99,0.98,-0.62,0.36,238.18,237.70,238.80,238.05,53.82,67.97,47.68,45.82,51.17,1250850.12,0,15,106:16:00,0,0,0,0,0,0
13,AUDIO,2026-02-15 21:44:20,LG6400,23533.43,14058.71,6421.05,3053.68,0.99,0.98,-0.63,0.33,238.18,237.68,238.81,238.04,55.08,69.87,48.73,46.64,51.17,1250856.62,0,15,106:16:02,0,0,0,0,0,0
13,AUDIO,2026-02-15 21:44:22,LG6400,23170.88,13863.06,6214.43,3093.39,0.99,0.98,-0.62,0.33,238.18,237.69,238.80,238.04,54.73,69.78,48.37,46.03,51.17,1250869.88,0,15,106:16:04,0,0,0,0,0,0
13,AUDIO,2026-02-15 21:44:24,LG6400,24060.02,14469.33,6227.99,3362.70,0.99,0.98,-0.62,0.36,238.17,237.69,238.81,238.02,55.86,72.36,48.61,46.61,51.17,1250883.25,0,15,106:16:05,0,0,0,0,0,0
13,AUDIO,2026-02-15 21:44:26,LG6400,23101.31,13751.49,6229.01,3120.81,0.99,0.98,-0.62,0.34,238.16,237.67,238.80,238.01,54.60,69.15,48.60,46.05,51.17,1250889.62,0,15,106:16:07,0,0,0,0,0,0
13,AUDIO,2026-02-15 21:44:27,LG6400,23390.80,14051.34,6134.38,3205.08,0.99,0.98,-0.62,0.35,238.16,237.68,238.79,238,54.86,70.32,47.96,46.29,51.16,1250902.88,0,15,106:16:09,0,0,0,0,0,0
13,AUDIO,2026-02-15 21:44:29,LG6400,24082,14481.23,6368.18,3232.60,0.99,0.98,-0.62,0.34,238.15,237.66,238.79,238.01,56.13,72.09,49.03,47.27,51.16,1250916.12,0,15,106:16:11,0,0,0,0,0,0
13,AUDIO,2026-02-15 21:44:31,LG6400,23518.41,14104.25,6181.61,3232.55,0.99,0.98,-0.62,0.35,238.15,237.66,238.78,238.01,54.99,70.73,48.09,46.15,51.16,1250922.62,0,15,106:16:12,0,0,0,0,0,0
13,AUDIO,2026-02-15 21:44:32,LG6400,23809.24,14212.90,6419.55,3176.79,0.99,0.98,-0.64,0.34,238.14,237.64,238.78,237.99,55.54,70.57,49.06,47.01,51.16,1250935.62,0,15,106:16:14,0,0,0,0,0,0
13,AUDIO,2026-02-15 21:44:34,LG6400,23400.10,13995.95,6330.29,3073.85,0.99,0.98,-0.63,0.33,238.13,237.64,238.77,237.98,55.02,70.09,48.65,46.32,51.16,1250948.75,0,15,106:16:16,0,0,0,0,0,0
13,AUDIO,2026-02-15 21:44:36,LG6400,25386.23,15484.10,6521.79,3380.35,0.99,0.98,-0.62,0.35,238.12,237.62,238.79,237.95,58.36,76.73,50.05,48.32,51.15,1250955.62,0,15,106:16:17,0,0,0,0,0,0
13,AUDIO,2026-02-15 21:44:37,LG6400,22453.44,13290.96,6214.66,2947.82,0.99,0.98,-0.64,0.33,238.11,237.61,238.78,237.95,53.25,66.95,47.41,45.39,51.15,1250968.38,0,15,106:16:19,0,0,0,0,0,0
13,AUDIO,2026-02-15 21:44:39,LG6400,23039.39,13654.85,6144.63,3239.91,0.99,0.98,-0.63,0.35,238.09,237.59,238.77,237.92,54.09,68.59,47.57,46.10,51.14,1250981.38,0,15,106:16:21,0,0,0,0,0,0
13,AUDIO,2026-02-15 21:44:41,LG6400,27253.28,15858.01,8153.82,3241.45,1,0.99,-0.63,0.33,238.10,237.61,238.78,237.92,64.49,78.76,66.30,48.41,51.14,1250995.38,0,15,106:16:22,0,0,0,0,0,0
13,AUDIO,2026-02-15 21:44:43,LG6400,24139.96,13801.36,6886.16,3452.44,0.99,0.98,-0.63,0.38,238.10,237.60,238.76,237.92,57.32,69.32,56.59,46.05,51.14,1251002,0,15,106:16:25,0,0,0,0,0,0
13,AUDIO,2026-02-15 21:44:45,LG6400,24939.56,14633.19,7262.54,3043.84,1,0.98,-0.61,0.32,238.11,237.63,238.77,237.93,60.25,72.98,60.64,47.13,51.14,1251015.38,0,15,106:16:26,0,0,0,0,0,0
13,AUDIO,2026-02-15 21:44:46,LG6400,24045.28,13857.60,7007.16,3180.51,0.99,0.98,-0.63,0.34,238.10,237.61,238.76,237.92,57.77,69.08,57.66,46.59,51.14,1251028.75,0,15,106:16:28,0,0,0,0,0,0
13,AUDIO,2026-02-15 21:44:48,LG6400,23183.94,13368.59,6787.42,3027.93,0.99,0.98,-0.63,0.34,238.11,237.62,238.77,237.93,56.04,67.37,55.29,45.45,51.14,1251042.12,0,15,106:16:30,0,0,0,0,0,0
13,AUDIO,2026-02-15 21:44:50,LG6400,23132.04,13443.75,6847.89,2840.41,0.99,0.98,-0.63,0.31,238.11,237.62,238.77,237.94,56.27,67.38,55.96,45.46,51.14,1251048.62,0,15,106:16:31,0,0,0,0,0,0
13,AUDIO,2026-02-15 21:44:51,LG6400,23272.30,13443.38,6859.29,2969.63,0.99,0.98,-0.63,0.33,238.12,237.63,238.78,237.96,56.45,67.64,56.09,45.62,51.14,1251061.62,0,15,106:16:33,0,0,0,0,0,0
13,AUDIO,2026-02-15 21:44:53,LG6400,23981.18,14083.88,6953.21,2944.09,0.99,0.98,-0.62,0.32,238.14,237.65,238.80,237.98,58.01,70.53,57.32,46.18,51.14,1251074.75,0,15,106:16:35,0,0,0,0,0,0
13,AUDIO,2026-02-15 21:44:55,LG6400,24157.72,13904.31,7017.80,3235.61,0.99,0.98,-0.62,0.35,238.11,237.61,238.76,237.96,57.87,69.62,57.75,46.23,51.14,1251088.38,0,15,106:16:36,0,0,0,0,0,0
13,AUDIO,2026-02-15 21:44:57,LG6400,25057.67,14761.65,7122.62,3173.41,1,0.98,-0.61,0.34,238.12,237.61,238.78,237.97,60.25,73.96,59.70,47.08,51.14,1251095.38,0,15,106:16:39,0,0,0,0,0,0
13,AUDIO,2026-02-15 21:44:59,LG6400,23911.96,13746.46,6923.10,3242.39,0.99,0.98,-0.63,0.35,238.11,237.59,238.78,237.96,57.14,68.68,56.49,46.24,51.14,1251109.12,0,15,106:16:40,0,0,0,0,0,0
13,AUDIO,2026-02-15 21:45:00,LG6400,26844.31,15727.69,7545.82,3570.80,1,0.99,-0.59,0.38,238.10,237.59,238.79,237.93,63.81,78.30,64.87,48.27,51.14,1251123.62,0,15,106:16:42,0,0,0,0,0,0
13,AUDIO,2026-02-15 21:45:02,LG6400,25927.76,15072.47,7303.43,3551.86,1,0.99,-0.61,0.37,238.09,237.57,238.79,237.92,61.49,75.34,61.65,47.48,51.14,1251138,0,15,106:16:44,0,0,0,0,0,0
13,AUDIO,2026-02-15 21:45:04,LG6400,27489.96,16149.75,7686.66,3653.56,1,0.99,-0.59,0.38,238.09,237.57,238.78,237.92,65.02,80.07,66.29,48.70,51.13,1251145.62,0,15,106:16:45,0,0,0,0,0,0
13,AUDIO,2026-02-15 21:45:05,LG6400,24285.73,14032.73,6901.57,3351.44,0.99,0.98,-0.63,0.37,238.09,237.57,238.77,237.92,57.55,70.22,56.32,46.09,51.13,1251159.75,0,15,106:16:47,0,0,0,0,0,0
13,AUDIO,2026-02-15 21:45:07,LG6400,21612.83,12600.83,6614.28,2397.72,0.98,0.98,-0.66,0.27,238.11,237.59,238.79,237.95,52.87,63.23,51.10,44.29,51.14,1251172,0,15,106:16:49,0,0,0,0,0,0
13,AUDIO,2026-02-15 21:45:09,LG6400,22106.96,12850.30,6605.43,2651.24,0.99,0.98,-0.64,0.30,238.13,237.61,238.81,237.98,53.86,64.70,52.27,44.60,51.15,1251184.25,0,15,106:16:50,0,0,0,0,0,0
13,AUDIO,2026-02-15 21:45:11,LG6400,22352.33,13051.50,6686.17,2614.66,0.99,0.98,-0.64,0.29,238.13,237.61,238.80,237.99,54.59,65.27,53.29,45.20,51.15,1251190.50,0,15,106:16:53,0,0,0,0,0,0
13,AUDIO,2026-02-15 21:45:13,LG6400,22359.83,12985.24,6654.51,2720.08,0.99,0.98,-0.64,0.31,238.16,237.65,238.81,238.01,54.50,65.31,53.41,44.78,51.16,1251203,0,15,106:16:54,0,0,0,0,0,0
13,AUDIO,2026-02-15 21:45:14,LG6400,23832.17,13991.53,7154.74,2685.90,1,0.98,-0.62,0.29,238.16,237.64,238.80,238.02,58.68,70.27,59.50,46.28,51.16,1251215.75,0,15,106:16:56,0,0,0,0,0,0
13,AUDIO,2026-02-15 21:45:16,LG6400,22253.75,12934.12,6645.96,2673.67,0.99,0.98,-0.64,0.30,238.16,237.65,238.81,238.02,54.05,64.74,52.75,44.65,51.16,1251228.25,0,15,106:16:58,0,0,0,0,0,0
13,AUDIO,2026-02-15 21:45:18,LG6400,22929.72,13495.56,6785.30,2648.86,0.99,0.98,-0.63,0.29,238.17,237.66,238.82,238.04,55.95,67.70,54.80,45.37,51.17,1251234.75,0,15,106:17:00,0,0,0,0,0,0
13,AUDIO,2026-02-15 21:45:20,LG6400,23539.70,13745.02,6860.98,2933.70,0.99,0.98,-0.63,0.32,238.17,237.67,238.81,238.03,56.81,68.84,55.81,45.77,51.16,1251254,0,15,106:17:01,0,0,0,0,0,0
13,AUDIO,2026-02-15 21:45:22,LG6400,23505.45,13637.39,6903.27,2964.79,0.99,0.98,-0.63,0.32,238.17,237.67,238.81,238.03,57.18,68.82,56.60,46.12,51.16,1251260.62,0,15,106:17:03,0,0,0,0,0,0
13,AUDIO,2026-02-15 21:45:23,LG6400,25502.34,14718.97,7282.42,3500.95,1,0.98,-0.61,0.37,238.14,237.66,238.80,237.97,60.73,73.55,61.64,47,51.16,1251274.75,0,15,106:17:05,0,0,0,0,0,0
13,AUDIO,2026-02-15 21:45:25,LG6400,26642.33,15580.27,7651.89,3410.17,1,0.99,-0.59,0.35,238.12,237.62,238.78,237.96,63.46,76.79,65.39,48.20,51.15,1251289.12,0,15,106:17:07,0,0,0,0,0,0
13,AUDIO,2026-02-15 21:45:27,LG6400,25184.82,14589.85,7153.77,3441.20,1,0.98,-0.61,0.37,238.12,237.63,238.77,237.96,59.69,72.72,59.93,46.42,51.15,1251296.12,0,15,106:17:08,0,0,0,0,0,0
13,AUDIO,2026-02-15 21:45:28,LG6400,26025.72,15106.68,7401.26,3517.78,1,0.98,-0.62,0.37,238.09,237.59,238.77,237.90,61.45,74.47,62.02,47.87,51.14,1251310.38,0,15,106:17:10,0,0,0,0,0,0
13,AUDIO,2026-02-15 21:45:30,LG6400,23474.18,13595.65,6918.22,2960.31,0.99,0.98,-0.62,0.32,238.09,237.59,238.76,237.91,57.12,68.35,57.15,45.86,51.15,1251323.62,0,15,106:17:12,0,0,0,0,0,0
13,AUDIO,2026-02-15 21:45:32,LG6400,24759.10,14468.10,7148.82,3142.17,0.99,0.98,-0.62,0.33,238.10,237.60,238.78,237.92,59.47,72.13,59.05,47.24,51.15,1251330.50,0,15,106:17:13,0,0,0,0,0,0
13,AUDIO,2026-02-15 21:45:33,LG6400,24696.90,14124.03,7148.43,3424.44,1,0.99,-0.61,0.36,238.10,237.60,238.77,237.93,59.18,70.73,59.57,47.24,51.14,1251344.25,0,15,106:17:15,0,0,0,0,0,0
13,AUDIO,2026-02-15 21:45:35,LG6400,21469.47,12384.19,6369.67,2715.62,0.99,0.97,-0.64,0.31,238.13,237.65,238.78,237.97,51.43,61.93,49,43.36,51.15,1251357,0,15,106:17:17,0,0,0,0,0,0
13,AUDIO,2026-02-15 21:45:37,LG6400,23786.61,13878.36,7132.60,2775.66,0.99,0.98,-0.62,0.30,238.14,237.65,238.79,237.96,58.45,69.53,59.40,46.43,51.15,1251369.62,0,15,106:17:18,0,0,0,0,0,0
13,AUDIO,2026-02-15 21:45:39,LG6400,23626.11,13553.32,7021.60,3051.19,0.99,0.98,-0.62,0.34,238.14,237.66,238.80,237.97,57.28,67.99,57.98,45.86,51.15,1251376.25,0,15,106:17:21,0,0,0,0,0,0
13,AUDIO,2026-02-15 21:45:41,LG6400,25301.53,14871.93,7317.79,3111.81,1,0.98,-0.61,0.33,238.17,237.69,238.82,237.99,60.74,73.84,61.13,47.26,51.16,1251389.75,0,15,106:17:22,0,0,0,0,0,0
13,AUDIO,2026-02-15 21:45:42,LG6400,22430.63,12936.14,6680.29,2814.20,0.99,0.98,-0.64,0.32,238.16,237.69,238.81,237.99,54.24,64.71,53.30,44.72,51.16,1251402.62,0,15,106:17:24,0,0,0,0,0,0
13,AUDIO,2026-02-15 21:45:44,LG6400,22085.03,12831.29,6506.64,2747.11,0.99,0.98,-0.65,0.31,238.16,237.69,238.80,237.98,53.19,64.40,50.93,44.24,51.16,1251415.38,0,15,106:17:26,0,0,0,0,0,0
13,AUDIO,2026-02-15 21:45:46,LG6400,21816.67,12706.06,6685.01,2425.61,0.99,0.98,-0.65,0.28,238.17,237.70,238.81,238,53.53,63.92,52.44,44.25,51.17,1251421.50,0,15,106:17:27,0,0,0,0,0,0
13,AUDIO,2026-02-15 21:45:47,LG6400,23446.74,13741.71,6910.77,2794.26,0.99,0.98,-0.64,0.31,238.18,237.70,238.83,238.02,56.92,68.91,56.04,45.80,51.16,1251434.12,0,15,106:17:29,0,0,0,0,0,0
13,AUDIO,2026-02-15 21:45:49,LG6400,21480.64,12506.50,6521.98,2452.17,0.99,0.98,-0.66,0.28,238.19,237.71,238.83,238.03,52.80,63,51,44.41,51.17,1251446.12,0,15,106:17:31,0,0,0,0,0,0
13,AUDIO,2026-02-15 21:45:51,LG6400,23144.28,13475.44,6731.16,2937.68,0.99,0.98,-0.64,0.33,238.18,237.71,238.80,238.03,55.57,67.25,53.87,45.60,51.17,1251459,0,15,106:17:32,0,0,0,0,0,0
13,AUDIO,2026-02-15 21:45:53,LG6400,22911.36,13226.74,6809.01,2875.61,0.99,0.98,-0.65,0.32,238.18,237.70,238.81,238.03,55.82,66.62,55.24,45.60,51.17,1251465.38,0,15,106:17:35,0,0,0,0,0,0
13,AUDIO,2026-02-15 21:45:55,LG6400,25313.65,14823.84,7257.83,3231.98,1,0.98,-0.61,0.35,238.19,237.70,238.81,238.05,60.50,73.89,60.50,47.12,51.16,1251479.12,0,15,106:17:36,0,0,0,0,0,0
13,AUDIO,2026-02-15 21:45:56,LG6400,24951.33,14471.83,7293.31,3186.20,1,0.98,-0.59,0.34,238.17,237.68,238.82,238.01,60.48,72.61,61.90,46.93,51.16,1251492.75,0,15,106:17:38,0,0,0,0,0,0
13,AUDIO,2026-02-15 21:45:58,LG6400,24593.29,14206.20,7015.11,3371.98,1,0.98,-0.62,0.37,238.16,237.65,238.81,238.01,58.49,71.12,57.87,46.48,51.15,1251506.75,0,15,106:17:40,0,0,0,0,0,0
13,AUDIO,2026-02-15 21:46:00,LG6400,23386.03,13505.31,6831.12,3049.60,0.99,0.98,-0.63,0.34,238.16,237.64,238.81,238.01,56.31,67.80,55.52,45.60,51.15,1251513.12,0,15,106:17:41,0,0,0,0,0,0
13,AUDIO,2026-02-15 21:46:01,LG6400,24157.88,14224.50,7072.96,2860.43,0.99,0.98,-0.62,0.31,238.16,237.66,238.80,238.02,58.62,70.93,58.44,46.49,51.15,1251526.25,0,15,106:17:43,0,0,0,0,0,0
13,AUDIO,2026-02-15 21:46:03,LG6400,23557.34,13633.90,7015.63,2907.81,0.99,0.98,-0.62,0.32,238.16,237.65,238.80,238.03,57.34,68.35,57.59,46.07,51.15,1251539,0,15,106:17:45,0,0,0,0,0,0
13,AUDIO,2026-02-15 21:46:05,LG6400,23444.51,13519.19,6741.48,3183.84,0.99,0.98,-0.64,0.36,238.16,237.64,238.80,238.04,55.67,67.64,53.94,45.42,51.15,1251552.62,0,15,106:17:46,0,0,0,0,0,0
13,AUDIO,2026-02-15 21:46:07,LG6400,22728.29,13188.06,6782.31,2757.91,0.99,0.98,-0.63,0.31,238.16,237.65,238.80,238.04,55.32,66.09,54.70,45.17,51.15,1251559,0,15,106:17:49,0,0,0,0,0,0
13,AUDIO,2026-02-15 21:46:09,LG6400,24363.56,14257.90,7014.85,3090.81,0.99,0.98,-0.62,0.34,238.17,237.66,238.80,238.06,58.29,71.10,57.51,46.25,51.15,1251572.38,0,15,106:17:50,0,0,0,0,0,0
13,AUDIO,2026-02-15 21:46:10,LG6400,23034.86,13369.90,6900.89,2764.07,0.99,0.98,-0.63,0.31,238.16,237.65,238.78,238.05,56.35,67.11,56.40,45.53,51.15,1251584.88,0,15,106:17:52,0,0,0,0,0,0
13,AUDIO,2026-02-15 21:46:12,LG6400,23153.43,13426.22,6763.63,2963.58,0.99,0.98,-0.64,0.33,238.16,237.65,238.78,238.06,55.59,67.26,54.30,45.21,51.15,1251598.12,0,15,106:17:54,0,0,0,0,0,0
13,AUDIO,2026-02-15 21:46:14,LG6400,23127.26,13425.94,6900.65,2800.67,0.99,0.98,-0.64,0.31,238.16,237.64,238.78,238.06,56.38,67.27,56.24,45.63,51.15,1251604.50,0,15,106:17:55,0,0,0,0,0,0
13,AUDIO,2026-02-15 21:46:15,LG6400,23475.63,13746.92,6850.56,2878.15,0.99,0.98,-0.64,0.32,238.18,237.66,238.79,238.08,56.48,68.65,55.15,45.64,51.16,1251617.62,0,15,106:17:57,0,0,0,0,0,0
13,AUDIO,2026-02-15 21:46:17,LG6400,22463.99,13008.62,6650.48,2804.89,0.99,0.98,-0.64,0.31,238.18,237.67,238.79,238.09,54.63,65.41,53.34,45.14,51.16,1251630.12,0,15,106:17:59,0,0,0,0,0,0
13,AUDIO,2026-02-15 21:46:19,LG6400,22841.08,13144.34,6686.94,3009.79,0.99,0.98,-0.65,0.33,238.17,237.65,238.78,238.07,54.90,66.05,53.26,45.39,51.16,1251643.12,0,15,106:18:00,0,0,0,0,0,0
13,AUDIO,2026-02-15 21:46:20,LG6400,23956.37,13930.21,7092.36,2933.80,0.99,0.98,-0.62,0.32,238.16,237.65,238.77,238.07,58.56,70.04,59.22,46.43,51.15,1251649.88,0,15,106:18:02,0,0,0,0,0,0
13,AUDIO,2026-02-15 21:46:22,LG6400,23972.55,13883.81,6830.64,3258.09,0.99,0.98,-0.63,0.36,238.17,237.66,238.77,238.07,56.85,69.21,55.38,45.96,51.15,1251663.50,0,15,106:18:04,0,0,0,0,0,0
13,AUDIO,2026-02-15 21:46:24,LG6400,24191.24,14074.08,7059.04,3058.12,1,0.99,-0.62,0.33,238.17,237.65,238.78,238.07,58.45,70.42,58.64,46.29,51.15,1251676.88,0,15,106:18:05,0,0,0,0,0,0
13,AUDIO,2026-02-15 21:46:26,LG6400,24286.71,14200.17,7003.57,3082.97,0.99,0.98,-0.62,0.33,238.18,237.67,238.79,238.07,58.24,70.83,57.61,46.30,51.15,1251683.75,0,15,106:18:07,0,0,0,0,0,0
13,AUDIO,2026-02-15 21:46:27,LG6400,22468.28,12978.55,6716.24,2773.49,0.99,0.98,-0.64,0.31,238.18,237.67,238.78,238.07,54.89,65.35,54.23,45.10,51.16,1251696.25,0,15,106:18:09,0,0,0,0,0,0
13,AUDIO,2026-02-15 21:46:29,LG6400,23762.46,13712.62,6890.74,3159.10,0.99,0.98,-0.63,0.35,238.16,237.67,238.77,238.03,56.84,68.75,56.25,45.53,51.16,1251709.75,0,15,106:18:11,0,0,0,0,0,0
13,AUDIO,2026-02-15 21:46:31,LG6400,22619.84,13098.34,6757.03,2764.47,0.99,0.98,-0.64,0.31,238.16,237.67,238.76,238.04,55.14,65.89,54.52,45.01,51.16,1251716.12,0,15,106:18:12,0,0,0,0,0,0
13,AUDIO,2026-02-15 21:46:32,LG6400,24256.42,14186.38,7024.18,3045.87,1,0.98,-0.62,0.34,238.17,237.70,238.78,238.04,58.44,70.88,58.13,46.30,51.16,1251729.50,0,15,106:18:14,0,0,0,0,0,0
13,AUDIO,2026-02-15 21:46:34,LG6400,22387.55,13073.52,6738.71,2575.33,0.99,0.98,-0.64,0.29,238.17,237.70,238.77,238.05,55.07,65.73,54.49,44.99,51.16,1251741.75,0,15,106:18:16,0,0,0,0,0,0
13,AUDIO,2026-02-15 21:46:36,LG6400,23701.47,13954.12,6921.88,2825.48,0.99,0.98,-0.64,0.30,238.17,237.70,238.78,238.03,57.25,69.44,56.06,46.25,51.16,1251748.38,0,15,106:18:17,0,0,0,0,0,0
13,AUDIO,2026-02-15 21:46:37,LG6400,21131.26,12298.27,6523.05,2309.94,0.98,0.97,-0.67,0.26,238.19,237.71,238.80,238.06,51.65,61.87,49.48,43.59,51.17,1251760.38,0,15,106:18:19,0,0,0,0,0,0
13,AUDIO,2026-02-15 21:46:39,LG6400,21956.07,12849.06,6493,2614.01,0.99,0.98,-0.65,0.30,238.19,237.70,238.79,238.07,53.19,64.38,50.84,44.36,51.17,1251772.75,0,15,106:18:21,0,0,0,0,0,0
13,AUDIO,2026-02-15 21:46:41,LG6400,21045.79,12254.74,6458.19,2332.86,0.98,0.97,-0.67,0.27,238.20,237.71,238.80,238.08,51.47,61.67,49.30,43.43,51.18,1251778.50,0,15,106:18:22,0,0,0,0,0,0
13,AUDIO,2026-02-15 21:46:42,LG6400,22297.19,13320.69,6398.24,2578.25,0.99,0.98,-0.66,0.29,238.21,237.72,238.81,238.08,52.93,66.73,46.85,45.21,51.18,1251790.38,0,15,106:18:24,0,0,0,0,0,0
13,AUDIO,2026-02-15 21:46:44,LG6400,22803.98,13480.34,6238.39,3085.25,0.99,0.98,-0.63,0.34,238.21,237.71,238.82,238.09,54.03,67.81,48.25,46.04,51.17,1251803,0,15,106:18:26,0,0,0,0,0,0
13,AUDIO,2026-02-15 21:46:46,LG6400,21892.06,12892.96,5911.59,3087.52,0.99,0.98,-0.63,0.35,238.21,237.73,238.81,238.08,51.80,64.65,46.03,44.71,51.17,1251816,0,15,106:18:27,0,0,0,0,0,0
13,AUDIO,2026-02-15 21:46:47,LG6400,22477.40,13387.17,6432.38,2657.85,0.99,0.98,-0.64,0.30,238.19,237.71,238.80,238.07,53.73,67.45,48.36,45.39,51.17,1251822.25,0,15,106:18:29,0,0,0,0,0,0
13,AUDIO,2026-02-15 21:46:49,LG6400,23043.08,13798.28,6057.07,3187.73,0.99,0.98,-0.61,0.36,238.19,237.72,238.79,238.05,54.03,68.97,47.51,45.60,51.16,1251835.50,0,15,106:18:31,0,0,0,0,0,0
13,AUDIO,2026-02-15 21:46:51,LG6400,24376.82,14831.91,6537.67,3007.24,0.99,0.98,-0.63,0.32,238.17,237.70,238.77,238.05,56.76,73.06,49.75,47.46,51.16,1251848.38,0,15,106:18:32,0,0,0,0,0,0
13,AUDIO,2026-02-15 21:46:52,LG6400,22919.08,13671.62,6046.50,3200.96,0.99,0.98,-0.62,0.35,238.18,237.70,238.78,238.05,53.74,68.34,47.32,45.56,51.16,1251854.62,0,15,106:18:34,0,0,0,0,0,0
13,AUDIO,2026-02-15 21:46:54,LG6400,23897.93,14552.80,6468.80,2876.33,0.99,0.99,-0.64,0.30,238.16,237.68,238.76,238.04,55.91,72.17,48.77,46.79,51.16,1251867.50,0,15,106:18:36,0,0,0,0,0,0
13,AUDIO,2026-02-15 21:46:56,LG6400,22634.71,13517.65,6332.94,2784.12,0.98,0.98,-0.65,0.31,238.16,237.67,238.76,238.05,53.73,67.76,47.78,45.65,51.16,1251880,0,15,106:18:38,0,0,0,0,0,0
13,AUDIO,2026-02-15 21:46:58,LG6400,23502.46,14170.60,6332.38,2999.49,0.99,0.98,-0.63,0.32,238.16,237.66,238.76,238.06,55.12,70.54,48.26,46.56,51.16,1251886.38,0,15,106:18:39,0,0,0,0,0,0
13,AUDIO,2026-02-15 21:46:59,LG6400,23949.14,14344.92,6421.87,3182.36,0.99,0.98,-0.63,0.34,238.13,237.64,238.76,238,55.91,71.45,49.18,47.11,51.15,1251899.62,0,15,106:18:41,0,0,0,0,0,0
13,AUDIO,2026-02-15 21:47:01,LG6400,23388.10,13924.20,6207.20,3256.70,0.99,0.99,-0.62,0.35,238.13,237.63,238.76,238,54.79,69.83,48.14,46.39,51.15,1251912.88,0,15,106:18:43,0,0,0,0,0,0
13,AUDIO,2026-02-15 21:47:03,LG6400,24072.04,14381.70,6389.62,3300.72,0.99,0.98,-0.63,0.36,238.13,237.64,238.75,237.99,55.80,71.17,48.79,47.42,51.15,1251919.50,0,15,106:18:44,0,0,0,0,0,0
13,AUDIO,2026-02-15 21:47:04,LG6400,22858.63,13511.09,6215.51,3132.03,0.99,0.98,-0.63,0.34,238.12,237.62,238.75,237.98,53.82,67.85,47.59,46.02,51.15,1251932.25,0,15,106:18:46,0,0,0,0,0,0
13,AUDIO,2026-02-15 21:47:06,LG6400,25978.69,14885.49,7117.21,3975.99,1,0.98,-0.62,0.42,238.12,237.61,238.75,237.98,60.16,74.11,59.06,47.31,51.14,1251947.75,0,15,106:18:48,0,0,0,0,0,0
13,AUDIO,2026-02-15 21:47:08,LG6400,24837.29,14256.49,7184.87,3395.92,1,0.98,-0.61,0.36,238.11,237.61,238.75,237.97,59.49,71.33,60.11,47.02,51.14,1251954.62,0,15,106:18:49,0,0,0,0,0,0
13,AUDIO,2026-02-15 21:47:09,LG6400,25504.40,14656.52,7126.96,3720.92,1,0.98,-0.61,0.40,238.08,237.56,238.74,237.95,60.09,73.35,59.69,47.23,51.14,1251969.25,0,15,106:18:51,0,0,0,0,0,0
13,AUDIO,2026-02-15 21:47:11,LG6400,27067.58,15935.88,7628.07,3503.63,1,0.99,-0.59,0.37,238.07,237.55,238.74,237.91,64.21,78.63,65.35,48.64,51.13,1251983.62,0,15,106:18:53,0,0,0,0,0,0
13,AUDIO,2026-02-15 21:47:13,LG6400,24788.04,14327.19,7264.62,3196.23,1,0.98,-0.61,0.34,238.06,237.54,238.73,237.92,60.16,71.98,61.63,46.88,51.13,1251997.50,0,15,106:18:54,0,0,0,0,0,0
13,AUDIO,2026-02-15 21:47:15,LG6400,26594.94,15594.37,7522.16,3478.42,1,0.98,-0.60,0.36,238.06,237.55,238.73,237.91,63.06,76.98,63.99,48.20,51.13,1252004.75,0,15,106:18:57,0,0,0,0,0,0
13,AUDIO,2026-02-15 21:47:17,LG6400,24879.84,14349.99,7232.05,3297.80,1,0.98,-0.61,0.35,238.06,237.55,238.73,237.90,59.75,71.74,60.57,46.95,51.13,1252018.62,0,15,106:18:58,0,0,0,0,0,0
13,AUDIO,2026-02-15 21:47:18,LG6400,24178.56,13831.55,6975.38,3371.63,0.99,0.98,-0.62,0.37,238.06,237.55,238.73,237.90,57.75,69.43,57.58,46.24,51.13,1252032.62,0,15,106:19:00,0,0,0,0,0,0
13,AUDIO,2026-02-15 21:47:20,LG6400,25559.12,14887.16,7177.98,3493.98,1,0.98,-0.61,0.37,238.07,237.56,238.75,237.90,60.37,74.22,59.79,47.10,51.13,1252046.88,0,15,106:19:02,0,0,0,0,0,0
13,AUDIO,2026-02-15 21:47:22,LG6400,24939.28,14348.65,7226.76,3363.86,1,0.98,-0.62,0.36,238.06,237.55,238.74,237.90,59.87,71.94,60.58,47.10,51.13,1252053.88,0,15,106:19:03,0,0,0,0,0,0
13,AUDIO,2026-02-15 21:47:23,LG6400,24800.97,14205.20,6963.44,3632.33,0.99,0.98,-0.63,0.39,238.05,237.52,238.72,237.91,58.23,70.92,57.01,46.77,51.13,1252068.12,0,15,106:19:05,0,0,0,0,0,0
13,AUDIO,2026-02-15 21:47:25,LG6400,26166.72,15296.19,7487.31,3383.23,1,0.98,-0.59,0.35,238.04,237.51,238.72,237.91,62.18,75.42,62.82,48.31,51.12,1252081.88,0,15,106:19:07,0,0,0,0,0,0
13,AUDIO,2026-02-15 21:47:27,LG6400,23105.03,13394.41,6776.24,2934.37,0.99,0.98,-0.63,0.33,238.06,237.52,238.73,237.93,55.89,67.27,54.93,45.48,51.13,1252095.12,0,15,106:19:08,0,0,0,0,0,0
13,AUDIO,2026-02-15 21:47:29,LG6400,26913.45,15913.07,7662.40,3337.98,1,0.99,-0.58,0.35,238.05,237.51,238.74,237.90,64.40,78.59,65.77,48.85,51.12,1252102.50,0,15,106:19:11,0,0,0,0,0,0
13,AUDIO,2026-02-15 21:47:31,LG6400,24386.56,14084.41,7010.88,3291.27,0.99,0.98,-0.62,0.35,238.06,237.52,238.75,237.92,58.38,70.52,58.01,46.61,51.12,1252116.38,0,15,106:19:12,0,0,0,0,0,0
13,AUDIO,2026-02-15 21:47:32,LG6400,25390.99,14643.11,7171.41,3576.47,1,0.98,-0.62,0.38,238.07,237.53,238.76,237.92,59.91,72.79,59.68,47.27,51.12,1252130.75,0,15,106:19:14,0,0,0,0,0,0
13,AUDIO,2026-02-15 21:47:34,LG6400,24829.46,14433.45,7080.92,3315.09,1,0.98,-0.62,0.36,238.08,237.54,238.77,237.92,58.98,71.96,58.34,46.64,51.13,1252144.75,0,15,106:19:16,0,0,0,0,0,0
13,AUDIO,2026-02-15 21:47:36,LG6400,24882.60,14436.92,7225.81,3219.88,1,0.98,-0.61,0.34,238.08,237.55,238.76,237.92,59.97,72.47,60.79,46.66,51.13,1252151.62,0,15,106:19:17,0,0,0,0,0,0
13,AUDIO,2026-02-15 21:47:37,LG6400,24788.15,14384.76,6982.37,3421.02,0.99,0.98,-0.62,0.37,238.07,237.55,238.76,237.90,58.51,71.62,57.34,46.57,51.13,1252165.75,0,15,106:19:19,0,0,0,0,0,0
13,AUDIO,2026-02-15 21:47:39,LG6400,26965.79,15866.15,7704.64,3395,1,0.98,-0.60,0.35,238.04,237.52,238.72,237.88,64.01,77.73,65.59,48.69,51.12,1252179.75,0,15,106:19:21,0,0,0,0,0,0
13,AUDIO,2026-02-15 21:47:41,LG6400,26678.26,15616.74,7465.95,3595.57,1,0.99,-0.61,0.37,238.04,237.52,238.73,237.86,63.23,77.86,63.70,48.11,51.12,1252194.50,0,15,106:19:22,0,0,0,0,0,0
13,AUDIO,2026-02-15 21:47:42,LG6400,27376.86,15880.61,7662.35,3833.90,1,0.99,-0.59,0.39,238.03,237.51,238.73,237.85,64.33,78.49,65.62,48.88,51.12,1252202.12,0,15,106:19:24,0,0,0,0,0,0
13,AUDIO,2026-02-15 21:47:44,LG6400,25485.33,14846.25,7149.80,3489.28,1,0.99,-0.61,0.37,238.04,237.51,238.74,237.87,60.48,74.22,59.72,47.49,51.12,1252216.38,0,15,106:19:26,0,0,0,0,0,0
13,AUDIO,2026-02-15 21:47:46,LG6400,27769.98,16085.92,7703.35,3980.71,1,0.99,-0.58,0.41,238.02,237.50,238.74,237.83,65.26,80.16,66.84,48.80,51.11,1252231.50,0,15,106:19:27,0,0,0,0,0,0
13,AUDIO,2026-02-15 21:47:47,LG6400,27631.68,16083.60,7650.60,3897.48,1,0.99,-0.60,0.40,238.02,237.49,238.75,237.82,64.97,80.15,66.23,48.54,51.11,1252239.38,0,15,106:19:29,0,0,0,0,0,0
13,AUDIO,2026-02-15 21:47:49,LG6400,26571.33,15327.77,7397.07,3846.50,1,0.99,-0.60,0.40,238.01,237.47,238.74,237.82,62.26,76.12,62.75,47.90,51.11,1252254.38,0,15,106:19:31,0,0,0,0,0,0
13,AUDIO,2026-02-15 21:47:51,LG6400,27427.62,16068.50,7592.58,3766.54,1,0.99,-0.60,0.38,238.02,237.48,238.76,237.82,64.33,79.36,64.76,48.86,51.11,1252269.38,0,15,106:19:32,0,0,0,0,0,0
13,AUDIO,2026-02-15 21:47:53,LG6400,24045.61,13720.10,6785.25,3540.25,0.99,0.98,-0.64,0.39,238.02,237.49,238.76,237.83,56.20,68.22,54.41,45.97,51.11,1252276,0,15,106:19:34,0,0,0,0,0,0
13,AUDIO,2026-02-15 21:47:54,LG6400,24197.88,14272.29,7067.16,2858.45,1,0.98,-0.61,0.31,238.03,237.50,238.77,237.83,58.60,71.12,58.12,46.56,51.12,1252289.12,0,15,106:19:36,0,0,0,0,0,0
13,AUDIO,2026-02-15 21:47:56,LG6400,22333.29,13005.46,6609.59,2718.25,0.99,0.98,-0.65,0.31,238.07,237.53,238.80,237.88,54.07,65.25,52.27,44.67,51.13,1252301.62,0,15,106:19:38,0,0,0,0,0,0
13,AUDIO,2026-02-15 21:47:58,LG6400,23814.07,14063.85,6985.45,2764.77,0.99,0.98,-0.63,0.30,238.06,237.52,238.79,237.87,57.89,70.15,57.20,46.33,51.13,1252308.38,0,15,106:19:39,0,0,0,0,0,0
13,AUDIO,2026-02-15 21:47:59,LG6400,22767.51,13345.07,6768.37,2654.08,0.99,0.98,-0.65,0.30,238.08,237.55,238.80,237.89,55.24,66.80,53.60,45.31,51.14,1252320.88,0,15,106:19:41,0,0,0,0,0,0
13,AUDIO,2026-02-15 21:48:01,LG6400,22773.21,13368.78,6737.14,2667.28,0.99,0.98,-0.64,0.29,238.09,237.57,238.79,237.92,54.93,66.36,53.16,45.28,51.14,1252333.38,0,15,106:19:43,0,0,0,0,0,0
13,AUDIO,2026-02-15 21:48:03,LG6400,22232.22,13017.80,6573.76,2640.66,0.99,0.98,-0.65,0.30,238.10,237.57,238.80,237.94,53.93,65.45,51.91,44.45,51.14,1252339.62,0,15,106:19:44,0,0,0,0,0,0
13,AUDIO,2026-02-15 21:48:04,LG6400,21382.42,12437.14,6431.46,2513.83,0.98,0.97,-0.66,0.30,238.11,237.58,238.80,237.96,52.08,62.63,49.80,43.81,51.15,1252351.75,0,15,106:19:46,0,0,0,0,0,0
13,AUDIO,2026-02-15 21:48:06,LG6400,22350.33,13116.53,6752.08,2481.72,0.99,0.98,-0.65,0.28,238.13,237.60,238.80,238,54.75,65.97,53.41,44.87,51.16,1252364,0,15,106:19:48,0,0,0,0,0,0
13,AUDIO,2026-02-15 21:48:08,LG6400,23085.16,13528.56,6978.59,2578.01,0.99,0.98,-0.64,0.28,238.14,237.60,238.81,238.02,56.18,67.82,55.11,45.62,51.16,1252376.38,0,15,106:19:49,0,0,0,0,0,0
13,AUDIO,2026-02-15 21:48:10,LG6400,23406.48,13724.91,6805.52,2876.05,0.99,0.98,-0.63,0.31,238.15,237.61,238.80,238.03,56.43,68.55,55.11,45.63,51.16,1252382.88,0,15,106:19:52,0,0,0,0,0,0
13,AUDIO,2026-02-15 21:48:12,LG6400,23629.80,13741.83,6841.58,3046.39,0.99,0.98,-0.64,0.34,238.14,237.60,238.80,238.01,56.68,68.81,55.45,45.79,51.16,1252396.12,0,15,106:19:53,0,0,0,0,0,0
13,AUDIO,2026-02-15 21:48:13,LG6400,23304.76,13584.21,6778.57,2941.97,0.99,0.98,-0.63,0.33,238.13,237.61,238.78,238.01,56.09,67.93,54.85,45.49,51.16,1252409.38,0,15,106:19:55,0,0,0,0,0,0
13,AUDIO,2026-02-15 21:48:15,LG6400,24178.72,14030.79,6979.02,3168.91,0.99,0.98,-0.62,0.34,238.13,237.59,238.79,238,58.10,70.29,57.63,46.39,51.16,1252422.88,0,15,106:19:57,0,0,0,0,0,0
13,AUDIO,2026-02-15 21:48:17,LG6400,24931.03,14593.97,7168.99,3168.07,1,0.99,-0.61,0.33,238.12,237.59,238.77,238,59.99,72.96,60.10,46.91,51.15,1252429.62,0,15,106:19:58,0,0,0,0,0,0
13,AUDIO,2026-02-15 21:48:18,LG6400,27957.55,16579.43,7837.20,3540.92,1,0.99,-0.59,0.36,238.10,237.57,238.79,237.94,65.93,81.44,67.20,49.14,51.14,1252444.25,0,15,106:20:00,0,0,0,0,0,0
13,AUDIO,2026-02-15 21:48:20,LG6400,25713.05,14741.14,7058.91,3913,1,0.98,-0.62,0.42,238.11,237.56,238.83,237.93,59.08,72.97,57.38,46.89,51.14,1252459.75,0,15,106:20:02,0,0,0,0,0,0
13,AUDIO,2026-02-15 21:48:22,LG6400,26696.53,15729.59,7491.63,3475.31,1,0.99,-0.60,0.36,238.10,237.57,238.81,237.91,63.38,78,63.91,48.24,51.14,1252474,0,15,106:20:03,0,0,0,0,0,0
13,AUDIO,2026-02-15 21:48:23,LG6400,28300.64,16491.12,7883.79,3925.72,1,0.99,-0.58,0.39,238.07,237.53,238.81,237.87,65.97,80.82,67.73,49.34,51.14,1252481.88,0,15,106:20:05,0,0,0,0,0,0
13,AUDIO,2026-02-15 21:48:25,LG6400,28284.68,16483.63,7854.41,3946.64,1,0.99,-0.59,0.39,238.04,237.48,238.77,237.85,65.50,80.35,66.71,49.45,51.13,1252497.38,0,15,106:20:07,0,0,0,0,0,0
13,AUDIO,2026-02-15 21:48:27,LG6400,29645.35,17284.22,8329.91,4031.22,1,0.99,-0.57,0.41,238,237.47,238.75,237.79,69.60,84.64,73.74,50.43,51.12,1252513,0,15,106:20:08,0,0,0,0,0,0
13,AUDIO,2026-02-15 21:48:28,LG6400,27417.25,15751.62,7444.75,4220.87,1,0.99,-0.60,0.44,238,237.46,238.75,237.79,63.22,78.14,63.13,48.40,51.12,1252520.62,0,15,106:20:10,0,0,0,0,0,0
13,AUDIO,2026-02-15 21:48:30,LG6400,27691.04,15860.21,7468.38,4362.44,1,0.99,-0.60,0.45,237.97,237.40,238.73,237.77,63.57,78.62,63.61,48.47,51.11,1252536.88,0,15,106:20:12,0,0,0,0,0,0
13,AUDIO,2026-02-15 21:48:32,LG6400,26650.08,15237.90,7380.71,4031.46,1,0.99,-0.60,0.42,237.94,237.40,238.69,237.75,62.15,75.93,62.87,47.66,51.10,1252552.38,0,15,106:20:13,0,0,0,0,0,0
13,AUDIO,2026-02-15 21:48:34,LG6400,30887.15,18405.29,8485.50,3996.36,1,0.99,-0.58,0.38,237.95,237.42,238.70,237.73,71.77,89.34,75.05,50.93,51.10,1252560.88,0,15,106:20:15,0,0,0,0,0,0
13,AUDIO,2026-02-15 21:48:35,LG6400,29429.42,17330.96,8081.66,4016.80,1,0.99,-0.58,0.39,237.95,237.39,238.72,237.73,68.05,84.41,69.44,50.29,51.09,1252576.75,0,15,106:20:17,0,0,0,0,0,0
13,AUDIO,2026-02-15 21:48:37,LG6400,29342.14,17307.17,8171.76,3863.21,1,0.99,-0.58,0.37,237.95,237.42,238.71,237.74,68.69,84.60,71.56,49.92,51.09,1252592.25,0,15,106:20:19,0,0,0,0,0,0
13,AUDIO,2026-02-15 21:48:39,LG6400,27378.51,15676.40,7561.88,4140.23,1,0.99,-0.59,0.44,237.95,237.42,238.70,237.73,63.97,78.30,65.09,48.52,51.09,1252599.88,0,15,106:20:20,0,0,0,0,0,0
13,AUDIO,2026-02-15 21:48:40,LG6400,26135.66,14825.29,7206.08,4104.29,1,0.98,-0.61,0.43,237.95,237.42,238.72,237.72,60.75,74.11,60.45,47.69,51.08,1252615.50,0,15,106:20:22,0,0,0,0,0,0
13,AUDIO,2026-02-15 21:48:42,LG6400,25647.50,14613.39,7118.55,3915.56,1,0.98,-0.61,0.41,237.96,237.41,238.73,237.74,60.01,73.14,59.46,47.45,51.08,1252630.50,0,15,106:20:24,0,0,0,0,0,0
13,AUDIO,2026-02-15 21:48:44,LG6400,28762.18,16892.67,8086.56,3782.94,1,0.99,-0.58,0.38,237.96,237.42,238.73,237.73,67.92,83.21,70.89,49.67,51.08,1252638.38,0,15,106:20:25,0,0,0,0,0,0
13,AUDIO,2026-02-15 21:48:45,LG6400,28460.78,16730.86,7940.48,3789.44,1,0.99,-0.59,0.38,237.97,237.43,238.74,237.74,66.71,82.23,68.59,49.32,51.08,1252653.62,0,15,106:20:27,0,0,0,0,0,0
13,AUDIO,2026-02-15 21:48:47,LG6400,27628.08,16146.63,7731.58,3749.87,1,0.99,-0.60,0.38,237.99,237.44,238.77,237.76,64.51,79.39,65.50,48.65,51.08,1252668.62,0,15,106:20:29,0,0,0,0,0,0
13,AUDIO,2026-02-15 21:48:49,LG6400,27181.65,15936.27,7646.33,3599.04,1,0.99,-0.59,0.37,238.01,237.46,238.78,237.78,64.23,78.72,65.41,48.56,51.09,1252683.38,0,15,106:20:30,0,0,0,0,0,0
13,AUDIO,2026-02-15 21:48:51,LG6400,24194.20,13810.72,6899.46,3484.02,0.99,0.98,-0.62,0.38,238.01,237.46,238.77,237.79,57.41,69.34,56.88,46.01,51.09,1252690.25,0,15,106:20:33,0,0,0,0,0,0
13,AUDIO,2026-02-15 21:48:53,LG6400,24888.12,14319.61,7088.79,3479.71,1,0.98,-0.62,0.37,238.02,237.49,238.77,237.81,59.14,71.71,58.98,46.74,51.09,1252704.12,0,15,106:20:34,0,0,0,0,0,0
13,AUDIO,2026-02-15 21:48:54,LG6400,24790.11,14233.40,7089.18,3467.53,1,0.98,-0.62,0.37,238.04,237.51,238.79,237.83,58.94,71.26,58.89,46.67,51.10,1252718.38,0,15,106:20:36,0,0,0,0,0,0
13,AUDIO,2026-02-15 21:48:56,LG6400,23696.46,13608.71,6783.60,3304.15,0.99,0.98,-0.63,0.36,238.06,237.53,238.79,237.86,56.52,68.34,55.32,45.90,51.10,1252732.12,0,15,106:20:38,0,0,0,0,0,0
13,AUDIO,2026-02-15 21:48:58,LG6400,25146.79,14456.31,7198.80,3491.67,1,0.98,-0.61,0.37,238.06,237.52,238.80,237.87,59.78,72.07,60.09,47.17,51.10,1252746.12,0,15,106:20:39,0,0,0,0,0,0
13,AUDIO,2026-02-15 21:49:00,LG6400,25829.20,15069.75,7317.08,3442.37,1,0.99,-0.61,0.36,238.08,237.54,238.82,237.88,61.39,74.94,61.63,47.60,51.11,1252753.38,0,15,106:20:42,0,0,0,0,0,0
13,AUDIO,2026-02-15 21:49:02,LG6400,26244.11,15291.20,7383.55,3569.36,1,0.99,-0.60,0.37,238.07,237.54,238.80,237.87,62.30,76.19,62.83,47.88,51.11,1252767.88,0,15,106:20:43,0,0,0,0,0,0
13,AUDIO,2026-02-15 21:49:03,LG6400,25508.32,14763.18,7200.05,3545.09,1,0.98,-0.61,0.38,238.06,237.52,238.79,237.87,60.44,73.66,60.35,47.31,51.11,1252782.25,0,15,106:20:45,0,0,0,0,0,0
13,AUDIO,2026-02-15 21:49:05,LG6400,25541.62,14644.33,7168.07,3729.22,1,0.98,-0.61,0.40,238.05,237.52,238.77,237.86,60,73.03,59.85,47.12,51.11,1252797,0,15,106:20:47,0,0,0,0,0,0
13,AUDIO,2026-02-15 21:49:07,LG6400,25514.79,14563.08,7198.13,3753.58,1,0.98,-0.62,0.40,238.03,237.49,238.76,237.83,59.52,72.06,59.28,47.22,51.10,1252811.62,0,15,106:20:48,0,0,0,0,0,0
13,AUDIO,2026-02-15 21:49:08,LG6400,26232.47,15276.51,7434.78,3521.18,1,0.98,-0.61,0.36,238.02,237.48,238.75,237.83,62.12,75.59,62.72,48.04,51.10,1252819,0,15,106:20:50,0,0,0,0,0,0
13,AUDIO,2026-02-15 21:49:10,LG6400,26649.03,15482.83,7429.33,3736.87,1,0.99,-0.61,0.38,238.01,237.48,238.74,237.81,62.37,76.24,62.45,48.41,51.10,1252833.62,0,15,106:20:52,0,0,0,0,0,0
13,AUDIO,2026-02-15 21:49:12,LG6400,26260.29,15184.89,7354.87,3720.54,1,0.98,-0.61,0.39,238.01,237.46,238.75,237.82,61.87,75.64,62.11,47.84,51.10,1252848.50,0,15,106:20:53,0,0,0,0,0,0
13,AUDIO,2026-02-15 21:49:14,LG6400,26379.23,15321.13,7473.38,3584.72,1,0.99,-0.60,0.37,238.01,237.47,238.74,237.82,62.71,76.43,63.85,47.84,51.10,1252855.75,0,15,106:20:55,0,0,0,0,0,0
13,AUDIO,2026-02-15 21:49:15,LG6400,26018.24,15054.69,7409.03,3554.52,1,0.99,-0.60,0.37,238.02,237.49,238.76,237.83,61.93,75,62.97,47.82,51.10,1252870.12,0,15,106:20:57,0,0,0,0,0,0
13,AUDIO,2026-02-15 21:49:17,LG6400,26397.51,15335.65,7485.79,3576.07,1,0.99,-0.60,0.37,238.04,237.50,238.77,237.85,63.03,76.67,64.45,47.97,51.11,1252884.62,0,15,106:20:59,0,0,0,0,0,0
13,AUDIO,2026-02-15 21:49:19,LG6400,25204.19,14544.76,7122.34,3537.09,1,0.98,-0.61,0.38,238.04,237.50,238.78,237.85,59.64,72.48,59.30,47.13,51.11,1252891.62,0,15,106:21:00,0,0,0,0,0,0
13,AUDIO,2026-02-15 21:49:20,LG6400,26624.05,15356.57,7481.16,3786.32,1,0.99,-0.60,0.39,238.04,237.50,238.78,237.83,62.53,75.87,63.31,48.41,51.11,1252906.38,0,15,106:21:02,0,0,0,0,0,0
13,AUDIO,2026-02-15 21:49:22,LG6400,26788.24,15504.55,7495.44,3788.26,1,0.99,-0.60,0.39,238.01,237.46,238.75,237.82,62.77,76.46,63.44,48.40,51.11,1252921.38,0,15,106:21:04,0,0,0,0,0,0
13,AUDIO,2026-02-15 21:49:24,LG6400,27499.36,15976.42,7693.20,3829.74,1,0.99,-0.60,0.39,238,237.46,238.73,237.80,64.28,78.55,65.61,48.68,51.11,1252929,0,15,106:21:05,0,0,0,0,0,0
13,AUDIO,2026-02-15 21:49:25,LG6400,29059.22,16856.31,8001.10,4201.81,1,0.99,-0.59,0.42,237.96,237.42,238.72,237.74,66.91,82.26,68.69,49.78,51.10,1252944.88,0,15,106:21:07,0,0,0,0,0,0
13,AUDIO,2026-02-15 21:49:27,LG6400,28851.03,16782.99,7839.43,4228.61,1,0.99,-0.59,0.42,237.96,237.38,238.74,237.75,66.34,82.48,67.23,49.32,51.09,1252961.12,0,15,106:21:09,0,0,0,0,0,0
13,AUDIO,2026-02-15 21:49:29,LG6400,29213.38,17149.77,7918.11,4145.50,1,0.99,-0.59,0.41,237.96,237.39,238.74,237.76,66.86,83.58,67.68,49.32,51.09,1252977.12,0,15,106:21:10,0,0,0,0,0,0
13,AUDIO,2026-02-15 21:49:31,LG6400,29269.11,17148.34,7917.95,4202.83,1,0.99,-0.59,0.41,237.96,237.39,238.74,237.74,66.99,83.57,67.68,49.73,51.09,1252985.38,0,15,106:21:13,0,0,0,0,0,0
13,AUDIO,2026-02-15 21:49:33,LG6400,21196.03,12188.70,6328.40,2678.93,0.98,0.97,-0.67,0.32,238,237.42,238.77,237.80,51.01,61.34,48.47,43.23,51.10,1252998,0,15,106:21:14,0,0,0,0,0,0
13,AUDIO,2026-02-15 21:49:34,LG6400,19905.01,11668.61,6093.76,2142.64,0.98,0.97,-0.68,0.25,238.05,237.47,238.79,237.88,48.22,58.88,43.52,42.26,51.13,1253009.12,0,15,106:21:16,0,0,0,0,0,0
13,AUDIO,2026-02-15 21:49:36,LG6400,19548.75,11514.09,6034.47,2000.19,0.97,0.97,-0.68,0.24,238.09,237.56,238.79,237.93,47.62,58.32,43.07,41.47,51.16,1253019.88,0,15,106:21:18,0,0,0,0,0,0
13,AUDIO,2026-02-15 21:49:38,LG6400,19599.35,11511.19,6034.37,2053.79,0.97,0.97,-0.69,0.25,238.11,237.57,238.82,237.96,47.52,58.01,43.07,41.47,51.17,1253025.38,0,15,106:21:19,0,0,0,0,0,0
13,AUDIO,2026-02-15 21:49:39,LG6400,19549.96,11511.17,6032.76,2006.03,0.97,0.97,-0.69,0.24,238.15,237.62,238.82,238.01,47.59,58.02,43.28,41.46,51.19,1253036.25,0,15,106:21:21,0,0,0,0,0,0
13,AUDIO,2026-02-15 21:49:41,LG6400,20296.89,11975.88,6147.37,2173.63,0.98,0.97,-0.68,0.26,238.17,237.65,238.82,238.04,49.04,60.28,44.27,42.57,51.20,1253047.50,0,15,106:21:23,0,0,0,0,0,0
13,AUDIO,2026-02-15 21:49:43,LG6400,21252.42,12588.20,6275.82,2388.40,0.98,0.98,-0.67,0.27,238.19,237.66,238.83,238.07,51,63.22,45.64,44.13,51.20,1253059.12,0,15,106:21:24,0,0,0,0,0,0
13,AUDIO,2026-02-15 21:49:44,LG6400,21417.62,12821.25,6207.26,2389.11,0.98,0.98,-0.66,0.27,238.20,237.67,238.83,238.08,51.50,64.47,45.90,44.14,51.20,1253065.12,0,15,106:21:26,0,0,0,0,0,0
13,AUDIO,2026-02-15 21:49:46,LG6400,22105.14,13277.33,6359.37,2468.45,0.99,0.98,-0.66,0.28,238.19,237.66,238.80,238.09,52.92,66.88,47.03,44.83,51.20,1253077,0,15,106:21:28,0,0,0,0,0,0
13,AUDIO,2026-02-15 21:49:48,LG6400,24289.07,14649.02,6445.23,3194.82,0.99,0.98,-0.63,0.34,238.17,237.65,238.81,238.06,56.87,73.63,49.66,47.33,51.19,1253090,0,15,106:21:29,0,0,0,0,0,0
13,AUDIO,2026-02-15 21:49:50,LG6400,25237.22,15305.23,6378,3553.98,0.99,0.99,-0.62,0.37,238.16,237.62,238.80,238.05,58.28,76.56,50.19,48.11,51.19,1253097,0,15,106:21:31,0,0,0,0,0,0
13,AUDIO,2026-02-15 21:49:51,LG6400,23793.24,14256.71,6161.54,3374.99,0.99,0.98,-0.62,0.36,238.15,237.62,238.79,238.05,55.42,71.50,48.17,46.57,51.18,1253110.62,0,15,106:21:33,0,0,0,0,0,0
13,AUDIO,2026-02-15 21:49:53,LG6400,23639.49,14253.70,6249.55,3136.24,0.99,0.98,-0.62,0.34,238.16,237.61,238.81,238.05,55.34,71.48,48.25,46.29,51.18,1253123.75,0,15,106:21:35,0,0,0,0,0,0
13,AUDIO,2026-02-15 21:49:55,LG6400,24214.32,14643.03,6394.72,3176.57,0.99,0.99,-0.62,0.33,238.14,237.61,238.78,238.03,56.65,73.21,49.49,47.25,51.18,1253130.38,0,15,106:21:36,0,0,0,0,0,0
13,AUDIO,2026-02-15 21:49:56,LG6400,24540.43,14745.73,6255.06,3539.64,0.99,0.98,-0.62,0.38,238.13,237.59,238.79,238,56.79,73.74,49.22,47.40,51.17,1253144.12,0,15,106:21:38,0,0,0,0,0,0
13,AUDIO,2026-02-15 21:49:58,LG6400,23624.16,14256.32,6276.52,3091.32,0.99,0.98,-0.63,0.34,238.11,237.59,238.76,237.99,55.46,71.60,48.38,46.40,51.17,1253157.25,0,15,106:21:40,0,0,0,0,0,0
13,AUDIO,2026-02-15 21:50:00,LG6400,23703.39,14253.98,6277.14,3172.27,0.99,0.98,-0.63,0.34,238.12,237.59,238.78,237.98,55.44,71.16,48.38,46.76,51.17,1253163.75,0,15,106:21:41,0,0,0,0,0,0
13,AUDIO,2026-02-15 21:50:01,LG6400,24815.04,15112.70,6526.05,3176.29,0.99,0.99,-0.62,0.33,238.11,237.59,238.76,237.98,57.57,75.08,49.97,47.66,51.16,1253177.38,0,15,106:21:43,0,0,0,0,0,0
13,AUDIO,2026-02-15 21:50:03,LG6400,23989.72,14352.42,6302.34,3334.95,0.99,0.98,-0.63,0.36,238.11,237.59,238.77,237.97,55.78,71.78,48.58,46.98,51.16,1253190.50,0,15,106:21:45,0,0,0,0,0,0
13,AUDIO,2026-02-15 21:50:05,LG6400,24698.08,14863.34,6421.22,3413.52,0.99,0.98,-0.62,0.36,238.10,237.56,238.76,237.97,56.93,73.78,49.40,47.59,51.16,1253197.38,0,15,106:21:46,0,0,0,0,0,0
13,AUDIO,2026-02-15 21:50:06,LG6400,24093.75,14482.69,6265.25,3345.82,0.99,0.98,-0.63,0.35,238.09,237.57,238.76,237.96,56.08,72.45,48.71,47.09,51.16,1253210.88,0,15,106:21:48,0,0,0,0,0,0
13,AUDIO,2026-02-15 21:50:08,LG6400,28409.70,16401.85,8300.22,3707.63,1,0.99,-0.61,0.38,238.09,237.53,238.78,237.96,66.89,82.02,69.42,49.22,51.15,1253225.50,0,15,106:21:50,0,0,0,0,0,0
13,AUDIO,2026-02-15 21:50:10,LG6400,28285.01,16614.27,7904.09,3766.65,1,0.99,-0.58,0.38,238.06,237.52,238.75,237.92,66.74,82.03,68.79,49.41,51.14,1253240.62,0,15,106:21:51,0,0,0,0,0,0
13,AUDIO,2026-02-15 21:50:11,LG6400,27911.92,16060.07,7706.40,4145.45,1,0.99,-0.59,0.43,238.05,237.51,238.75,237.90,64.86,79.23,66.24,49.12,51.14,1253248.38,0,15,106:21:53,0,0,0,0,0,0
13,AUDIO,2026-02-15 21:50:13,LG6400,26168.56,15160.65,7401.52,3606.39,1,0.98,-0.61,0.38,238.05,237.50,238.74,237.90,62.02,75.56,62.68,47.81,51.14,1253262.88,0,15,106:21:55,0,0,0,0,0,0
13,AUDIO,2026-02-15 21:50:15,LG6400,25888.61,15063.62,7228.70,3596.29,1,0.99,-0.61,0.38,238.06,237.50,238.76,237.91,61.05,75.23,60.63,47.29,51.14,1253277.62,0,15,106:21:56,0,0,0,0,0,0
13,AUDIO,2026-02-15 21:50:17,LG6400,25316.69,14659.42,7226.72,3430.54,1,0.98,-0.61,0.36,238.05,237.50,238.75,237.90,60.14,73.03,60.10,47.29,51.14,1253284.75,0,15,106:21:58,0,0,0,0,0,0
13,AUDIO,2026-02-15 21:50:18,LG6400,27040.95,15805.15,7663.48,3572.33,1,0.99,-0.59,0.36,238.06,237.51,238.75,237.91,64.29,78.42,65.98,48.46,51.13,1253299,0,15,106:22:00,0,0,0,0,0,0
13,AUDIO,2026-02-15 21:50:20,LG6400,26772.33,15544.89,7503.43,3724,1,0.99,-0.60,0.39,238.04,237.51,238.74,237.88,63.12,77.16,63.71,48.49,51.13,1253313.88,0,15,106:22:01,0,0,0,0,0,0
13,AUDIO,2026-02-15 21:50:22,LG6400,27531.69,16049.40,7572.19,3910.10,1,0.99,-0.61,0.40,238.02,237.48,238.73,237.86,63.70,78.50,63.70,48.89,51.13,1253321.50,0,15,106:22:03,0,0,0,0,0,0
13,AUDIO,2026-02-15 21:50:23,LG6400,24173.38,13964.24,6953,3256.13,0.99,0.98,-0.63,0.35,238.04,237.49,238.74,237.88,57.76,69.96,56.96,46.34,51.13,1253335.38,0,15,106:22:05,0,0,0,0,0,0
13,AUDIO,2026-02-15 21:50:25,LG6400,26564.11,15607.45,7571.82,3384.84,1,0.99,-0.59,0.35,238.05,237.50,238.76,237.89,63.68,78.02,65.02,47.99,51.13,1253349.38,0,15,106:22:07,0,0,0,0,0,0
13,AUDIO,2026-02-15 21:50:27,LG6400,25547.01,14761.50,7209.27,3576.25,1,0.98,-0.61,0.38,238.05,237.50,238.76,237.89,60.68,73.98,60.70,47.38,51.13,1253356.50,0,15,106:22:08,0,0,0,0,0,0
13,AUDIO,2026-02-15 21:50:28,LG6400,28426.77,16659.94,7843.08,3923.74,1,0.99,-0.58,0.40,238.04,237.51,238.76,237.87,66.43,82.05,67.92,49.32,51.12,1253371.88,0,15,106:22:10,0,0,0,0,0,0
13,AUDIO,2026-02-15 21:50:30,LG6400,25409.63,14732.40,7244.97,3432.25,1,0.98,-0.61,0.36,238.05,237.51,238.74,237.88,60.44,73.22,60.41,47.68,51.12,1253385.88,0,15,106:22:12,0,0,0,0,0,0
13,AUDIO,2026-02-15 21:50:32,LG6400,28152.51,16612.30,7738.35,3801.86,1,0.99,-0.59,0.38,238.03,237.49,238.73,237.88,65.67,81.47,66.23,49.32,51.12,1253393.75,0,15,106:22:13,0,0,0,0,0,0
13,AUDIO,2026-02-15 21:50:34,LG6400,26913.81,15596.14,7515.25,3802.42,1,0.99,-0.60,0.39,238.03,237.49,238.73,237.86,63.44,77.63,64.30,48.39,51.12,1253408.75,0,15,106:22:16,0,0,0,0,0,0
13,AUDIO,2026-02-15 21:50:36,LG6400,27238.54,15704.36,7601.92,3932.27,1,0.99,-0.59,0.40,238.06,237.52,238.78,237.89,63.80,77.66,65.18,48.55,51.12,1253423.75,0,15,106:22:17,0,0,0,0,0,0
13,AUDIO,2026-02-15 21:50:37,LG6400,26869.32,15721.10,7536.47,3611.76,1,0.99,-0.60,0.37,238.03,237.50,238.73,237.86,63.48,77.75,64.19,48.50,51.12,1253438.62,0,15,106:22:19,0,0,0,0,0,0
13,AUDIO,2026-02-15 21:50:39,LG6400,25130.02,14448.37,7056.95,3624.71,1,0.98,-0.62,0.39,238.01,237.48,238.73,237.82,59.25,72.30,58.71,46.74,51.11,1253453.25,0,15,106:22:21,0,0,0,0,0,0
13,AUDIO,2026-02-15 21:50:41,LG6400,25882.77,15236.07,7316.62,3330.08,1,0.98,-0.61,0.35,238,237.47,238.71,237.81,61.43,75.35,61.42,47.52,51.11,1253460.38,0,15,106:22:22,0,0,0,0,0,0
13,AUDIO,2026-02-15 21:50:42,LG6400,26089.99,15170.91,7382.44,3536.64,1,0.99,-0.60,0.37,238,237.47,238.71,237.81,62.05,75.64,62.71,47.80,51.12,1253474.88,0,15,106:22:24,0,0,0,0,0,0
13,AUDIO,2026-02-15 21:50:44,LG6400,26272.88,15294.34,7326.24,3652.30,1,0.99,-0.61,0.38,238.01,237.48,238.73,237.82,61.93,76.16,61.61,48.02,51.12,1253489.50,0,15,106:22:26,0,0,0,0,0,0
13,AUDIO,2026-02-15 21:50:46,LG6400,26814.50,15755.13,7433.08,3626.30,1,0.99,-0.60,0.38,238,237.47,238.73,237.82,63.38,78.65,63.49,48.01,51.12,1253496.88,0,15,106:22:27,0,0,0,0,0,0
13,AUDIO,2026-02-15 21:50:47,LG6400,25376.31,14742.12,7213.26,3420.94,1,0.98,-0.62,0.36,238.01,237.47,238.73,237.83,59.92,72.71,59.56,47.49,51.12,1253510.88,0,15,106:22:29,0,0,0,0,0,0
13,AUDIO,2026-02-15 21:50:49,LG6400,23749.59,13680.01,6802.73,3266.85,0.99,0.98,-0.63,0.36,238.01,237.47,238.72,237.84,56.56,68.46,55.29,45.92,51.12,1253524.50,0,15,106:22:31,0,0,0,0,0,0
13,AUDIO,2026-02-15 21:50:51,LG6400,25557.55,15029.63,7258.88,3269.04,1,0.98,-0.61,0.34,238.02,237.48,238.72,237.86,60.50,74.01,59.96,47.54,51.12,1253538.25,0,15,106:22:32,0,0,0,0,0,0
13,AUDIO,2026-02-15 21:50:52,LG6400,24571.25,14209.48,6985.91,3375.86,0.99,0.98,-0.62,0.37,238.03,237.48,238.73,237.87,58.44,71.10,57.63,46.60,51.13,1253545.12,0,15,106:22:34,0,0,0,0,0,0
13,AUDIO,2026-02-15 21:50:54,LG6400,24129.57,14072.77,6968.21,3088.59,0.99,0.98,-0.62,0.33,238.04,237.50,238.73,237.89,57.89,70.10,57.03,46.54,51.13,1253558.50,0,15,106:22:36,0,0,0,0,0,0
13,AUDIO,2026-02-15 21:50:56,LG6400,25624.56,14745.53,7267.91,3611.12,1,0.98,-0.61,0.38,238.04,237.50,238.73,237.89,60.87,73.65,61.49,47.48,51.13,1253572.88,0,15,106:22:37,0,0,0,0,0,0
13,AUDIO,2026-02-15 21:50:58,LG6400,27775.21,16366.30,7739.46,3669.46,1,0.99,-0.59,0.37,238.04,237.50,238.74,237.87,65.49,80.85,66.74,48.88,51.13,1253580.62,0,15,106:22:39,0,0,0,0,0,0
13,AUDIO,2026-02-15 21:50:59,LG6400,26514.26,15197.74,7374.27,3942.25,1,0.98,-0.60,0.41,238.02,237.48,238.74,237.85,62.07,75.79,62.51,47.91,51.12,1253595.88,0,15,106:22:41,0,0,0,0,0,0
13,AUDIO,2026-02-15 21:51:01,LG6400,28444.10,16599.89,7891.13,3953.07,1,0.99,-0.59,0.39,238,237.46,238.71,237.84,66.21,81.47,67.92,49.25,51.12,1253611.50,0,15,106:22:43,0,0,0,0,0,0
13,AUDIO,2026-02-15 21:51:03,LG6400,27487.37,15948.69,7547.34,3991.34,1,0.99,-0.60,0.41,238,237.46,238.72,237.83,64.06,78.99,64.63,48.55,51.12,1253619,0,15,106:22:44,0,0,0,0,0,0
13,AUDIO,2026-02-15 21:51:04,LG6400,26153.21,15185.86,7333.86,3633.49,1,0.99,-0.60,0.38,238.02,237.47,238.74,237.84,61.77,75.52,61.93,47.86,51.12,1253633.88,0,15,106:22:46,0,0,0,0,0,0
13,AUDIO,2026-02-15 21:51:06,LG6400,26803.16,15416.35,7504.37,3882.43,1,0.99,-0.60,0.41,238.01,237.47,238.72,237.83,62.97,76.78,64.22,47.90,51.12,1253649.12,0,15,106:22:48,0,0,0,0,0,0
13,AUDIO,2026-02-15 21:51:08,LG6400,26946.32,15671.79,7543.18,3731.35,1,0.99,-0.61,0.38,238,237.47,238.73,237.82,63.18,77.24,63.74,48.56,51.11,1253656.62,0,15,106:22:49,0,0,0,0,0,0
13,AUDIO,2026-02-15 21:51:09,LG6400,27450.87,15696.98,7633.57,4120.32,1,0.99,-0.59,0.43,237.99,237.44,238.74,237.78,64.06,78.20,65.56,48.42,51.11,1253672.25,0,15,106:22:51,0,0,0,0,0,0
13,AUDIO,2026-02-15 21:51:11,LG6400,26416.41,15385.71,7361.54,3669.16,1,0.99,-0.61,0.38,237.98,237.42,238.73,237.78,61.92,75.96,61.82,47.97,51.11,1253687,0,15,106:22:53,0,0,0,0,0,0
13,AUDIO,2026-02-15 21:51:13,LG6400,27193.81,15767.88,7702.56,3723.36,1,0.99,-0.59,0.39,237.98,237.43,238.74,237.78,64.63,78.64,66.78,48.47,51.11,1253694.62,0,15,106:22:54,0,0,0,0,0,0
13,AUDIO,2026-02-15 21:51:14,LG6400,26560.78,15506.71,7431.26,3622.81,1,0.99,-0.60,0.38,237.99,237.44,238.74,237.79,62.48,76.85,62.47,48.13,51.11,1253709.25,0,15,106:22:56,0,0,0,0,0,0
13,AUDIO,2026-02-15 21:51:16,LG6400,26340.81,15126.43,7378.68,3835.70,1,0.99,-0.61,0.40,237.98,237.44,238.72,237.78,62.04,75.56,62.54,48.03,51.11,1253724.25,0,15,106:22:58,0,0,0,0,0,0
13,AUDIO,2026-02-15 21:51:18,LG6400,27159.14,15789.74,7584.52,3784.89,1,0.98,-0.60,0.38,237.96,237.40,238.73,237.76,63.42,77.78,63.83,48.64,51.11,1253739.38,0,15,106:22:59,0,0,0,0,0,0
13,AUDIO,2026-02-15 21:51:19,LG6400,26790.64,15444.85,7520.12,3825.67,1,0.99,-0.60,0.40,237.97,237.41,238.74,237.77,63.23,76.94,64.47,48.28,51.11,1253746.88,0,15,106:23:01,0,0,0,0,0,0
13,AUDIO,2026-02-15 21:51:21,LG6400,26542.19,15534.51,7407.36,3600.33,1,0.99,-0.61,0.37,237.98,237.42,238.74,237.79,62.42,76.95,62.16,48.17,51.11,1253761.38,0,15,106:23:03,0,0,0,0,0,0
13,AUDIO,2026-02-15 21:51:23,LG6400,26231.15,15050.16,7411.65,3769.34,1,0.99,-0.61,0.40,237.99,237.42,238.75,237.79,62.05,75.29,63.11,47.76,51.11,1253776.50,0,15,106:23:04,0,0,0,0,0,0
13,AUDIO,2026-02-15 21:51:25,LG6400,25594.28,14780.42,7245.64,3568.22,1,0.98,-0.61,0.38,237.98,237.42,238.73,237.80,60.48,73.38,60.33,47.75,51.11,1253783.62,0,15,106:23:06,0,0,0,0,0,0
13,AUDIO,2026-02-15 21:51:26,LG6400,26840.99,15352.44,7552.30,3936.24,1,0.99,-0.60,0.40,237.97,237.43,238.72,237.77,63.15,76.44,64.62,48.37,51.11,1253798.88,0,15,106:23:08,0,0,0,0,0,0
13,AUDIO,2026-02-15 21:51:28,LG6400,28313.64,16550.66,7927.86,3835.11,1,0.99,-0.59,0.38,237.96,237.41,238.71,237.77,66.26,81.08,68.18,49.53,51.11,1253813.75,0,15,106:23:10,0,0,0,0,0,0
13,AUDIO,2026-02-15 21:51:30,LG6400,26426.30,15119.21,7359.61,3947.48,1,0.99,-0.60,0.41,237.97,237.42,238.71,237.79,61.96,75.55,62.52,47.82,51.11,1253821.12,0,15,106:23:11,0,0,0,0,0,0
13,AUDIO,2026-02-15 21:51:31,LG6400,26118.27,15169.79,7373.78,3574.70,1,0.98,-0.60,0.37,237.98,237.43,238.72,237.80,61.73,75.21,62.13,47.86,51.11,1253835.50,0,15,106:23:13,0,0,0,0,0,0
13,AUDIO,2026-02-15 21:51:33,LG6400,25680.50,14780.75,7222.41,3677.34,1,0.98,-0.61,0.39,237.99,237.44,238.74,237.81,60.40,73.35,60.44,47.40,51.11,1253850.12,0,15,106:23:15,0,0,0,0,0,0
13,AUDIO,2026-02-15 21:51:35,LG6400,26765.05,15612.13,7583.49,3569.44,1,0.99,-0.60,0.37,238,237.45,238.74,237.81,63.17,76.99,64.24,48.27,51.11,1253857.75,0,15,106:23:16,0,0,0,0,0,0
13,AUDIO,2026-02-15 21:51:36,LG6400,26940.35,15403.62,7548.17,3988.55,1,0.98,-0.59,0.41,237.98,237.43,238.74,237.78,63.38,76.88,64.92,48.33,51.11,1253873.12,0,15,106:23:18,0,0,0,0,0,0
13,AUDIO,2026-02-15 21:51:38,LG6400,27722.18,16040.08,7689.46,3992.64,1,0.99,-0.59,0.41,237.96,237.40,238.73,237.76,64.64,79.08,66.14,48.70,51.11,1253888.75,0,15,106:23:20,0,0,0,0,0,0
13,AUDIO,2026-02-15 21:51:40,LG6400,26846.37,15567.12,7490.23,3789.02,1,0.99,-0.60,0.39,237.96,237.41,238.72,237.76,63.37,77.63,64.44,48.05,51.11,1253896.12,0,15,106:23:21,0,0,0,0,0,0
13,AUDIO,2026-02-15 21:51:41,LG6400,26124.28,15189.29,7337.61,3597.39,1,0.99,-0.61,0.38,237.97,237.41,238.72,237.76,61.43,75.19,61.34,47.74,51.11,1253910.62,0,15,106:23:23,0,0,0,0,0,0
13,AUDIO,2026-02-15 21:51:43,LG6400,26536.54,15315.77,7403.40,3817.38,1,0.98,-0.60,0.40,237.97,237.41,238.72,237.77,62.28,76.13,62.88,47.84,51.10,1253925.88,0,15,106:23:25,0,0,0,0,0,0
13,AUDIO,2026-02-15 21:51:45,LG6400,28421.68,16608.93,7854.61,3958.14,1,0.99,-0.59,0.39,237.96,237.41,238.71,237.74,66.20,81.71,67.57,49.33,51.10,1253941.25,0,15,106:23:26,0,0,0,0,0,0
13,AUDIO,2026-02-15 21:51:47,LG6400,25553.71,14596.95,7136.89,3819.88,1,0.98,-0.61,0.41,237.96,237.41,238.71,237.75,59.96,73.07,59.59,47.23,51.10,1253948.25,0,15,106:23:29,0,0,0,0,0,0
13,AUDIO,2026-02-15 21:51:49,LG6400,25340.32,14435.55,7195.86,3708.91,1,0.98,-0.61,0.40,237.96,237.40,238.70,237.76,59.81,72.15,60.06,47.21,51.11,1253962.75,0,15,106:23:30,0,0,0,0,0,0
13,AUDIO,2026-02-15 21:51:50,LG6400,24860.47,14413.89,7186.89,3259.69,1,0.98,-0.62,0.35,237.97,237.42,238.71,237.78,59.38,71.54,59.56,47.04,51.11,1253976.62,0,15,106:23:32,0,0,0,0,0,0
13,AUDIO,2026-02-15 21:51:52,LG6400,27051.84,15796.61,7513.73,3741.51,1,0.99,-0.60,0.39,237.98,237.42,238.70,237.81,63.84,78.79,64.46,48.28,51.11,1253991.50,0,15,106:23:34,0,0,0,0,0,0
13,AUDIO,2026-02-15 21:51:54,LG6400,25743.04,14837.96,7264.79,3640.29,1,0.98,-0.61,0.38,237.98,237.43,238.71,237.81,60.77,74.03,60.82,47.48,51.11,1253998.62,0,15,106:23:35,0,0,0,0,0,0
13,AUDIO,2026-02-15 21:51:55,LG6400,28852.02,16857.45,8040.86,3953.70,1,0.99,-0.57,0.39,237.98,237.41,238.73,237.80,67.68,82.96,70.35,49.74,51.11,1254013.88,0,15,106:23:37,0,0,0,0,0,0
13,AUDIO,2026-02-15 21:51:57,LG6400,27584.07,16021.18,7687.42,3875.47,1,0.99,-0.60,0.39,237.97,237.40,238.71,237.79,64.41,79.08,65.54,48.62,51.10,1254029.25,0,15,106:23:39,0,0,0,0,0,0
13,AUDIO,2026-02-15 21:51:59,LG6400,26654.83,15433.93,7354.40,3866.51,1,0.99,-0.60,0.41,237.97,237.41,238.71,237.78,62.39,76.94,62.21,48.02,51.10,1254044.25,0,15,106:23:40,0,0,0,0,0,0
13,AUDIO,2026-02-15 21:52:01,LG6400,24559.53,14092.79,6989.61,3477.13,0.99,0.98,-0.62,0.37,237.97,237.42,238.71,237.80,58.24,70.57,57.53,46.63,51.10,1254051.25,0,15,106:23:43,0,0,0,0,0,0
13,AUDIO,2026-02-15 21:52:03,LG6400,26677,15792.96,7556.03,3328,1,0.99,-0.59,0.35,237.99,237.44,238.71,237.81,63.91,78.85,65.23,47.66,51.11,1254065.38,0,15,106:23:44,0,0,0,0,0,0
13,AUDIO,2026-02-15 21:52:04,LG6400,26023.03,15137.93,7431.59,3453.51,1,0.98,-0.60,0.36,238,237.46,238.73,237.83,62.31,75.39,63.26,48.27,51.11,1254079.38,0,15,106:23:46,0,0,0,0,0,0
13,AUDIO,2026-02-15 21:52:06,LG6400,24538.82,14053.45,6965.11,3520.26,0.99,0.98,-0.62,0.37,238.01,237.46,238.72,237.86,58.30,70.42,57.28,47.21,51.11,1254093.38,0,15,106:23:48,0,0,0,0,0,0
13,AUDIO,2026-02-15 21:52:08,LG6400,26266.42,15305.98,7397,3563.44,1,0.99,-0.60,0.37,238,237.45,238.72,237.83,61.97,75.74,62.03,48.14,51.11,1254100.75,0,15,106:23:49,0,0,0,0,0,0
13,AUDIO,2026-02-15 21:52:09,LG6400,26554.76,15271.97,7409.75,3873.04,1,0.99,-0.61,0.40,238,237.43,238.73,237.84,62.32,76.01,62.79,48.17,51.11,1254115.75,0,15,106:23:51,0,0,0,0,0,0
13,AUDIO,2026-02-15 21:52:11,LG6400,26709.99,15517.23,7503.78,3688.97,1,0.99,-0.60,0.38,237.98,237.42,238.70,237.81,62.99,76.88,63.92,48.16,51.11,1254130.38,0,15,106:23:53,0,0,0,0,0,0
13,AUDIO,2026-02-15 21:52:13,LG6400,25077.18,14481.70,7137.85,3457.62,1,0.98,-0.61,0.37,237.99,237.43,238.70,237.83,59.66,72.11,59.44,47.45,51.11,1254144.62,0,15,106:23:54,0,0,0,0,0,0
13,AUDIO,2026-02-15 21:52:15,LG6400,26071.68,15228.61,7312.38,3530.69,1,0.99,-0.61,0.37,237.99,237.43,238.70,237.84,61.74,75.68,61.71,47.84,51.11,1254151.88,0,15,106:23:57,0,0,0,0,0,0
13,AUDIO,2026-02-15 21:52:17,LG6400,26044.88,14994.63,7312.86,3737.39,1,0.99,-0.60,0.40,238,237.45,238.71,237.84,61.42,74.78,61.79,47.70,51.11,1254166.75,0,15,106:23:58,0,0,0,0,0,0
13,AUDIO,2026-02-15 21:52:18,LG6400,28549.91,16568.01,7948.34,4033.56,1,0.99,-0.60,0.40,237.97,237.39,238.71,237.80,66.46,81.44,68.48,49.47,51.10,1254182.25,0,15,106:24:00,0,0,0,0,0,0
13,AUDIO,2026-02-15 21:52:20,LG6400,25036.80,14542.44,7142.17,3352.19,1,0.98,-0.61,0.36,237.98,237.41,238.72,237.82,59.80,72.76,59.60,47.06,51.11,1254196.38,0,15,106:24:02,0,0,0,0,0,0
13,AUDIO,2026-02-15 21:52:22,LG6400,26000.94,15133.97,7392.90,3474.07,1,0.98,-0.61,0.36,237.99,237.41,238.73,237.82,61.45,74.78,61.64,47.92,51.11,1254203.62,0,15,106:24:03,0,0,0,0,0,0
13,AUDIO,2026-02-15 21:52:23,LG6400,24983.52,14378.15,7147.89,3457.47,1,0.98,-0.61,0.37,237.99,237.41,238.73,237.82,59.53,72.10,59.75,46.75,51.11,1254217.88,0,15,106:24:05,0,0,0,0,0,0
13,AUDIO,2026-02-15 21:52:25,LG6400,27392.09,16072.39,7622.92,3696.77,1,0.99,-0.59,0.39,238,237.43,238.74,237.82,64.76,79.84,65.82,48.61,51.11,1254232.62,0,15,106:24:07,0,0,0,0,0,0
13,AUDIO,2026-02-15 21:52:27,LG6400,27104.83,15927.37,7686.58,3490.88,1,0.99,-0.60,0.36,237.99,237.43,238.72,237.82,64.53,78.98,66.16,48.46,51.11,1254247,0,15,106:24:08,0,0,0,0,0,0
13,AUDIO,2026-02-15 21:52:29,LG6400,27741.58,16175.57,7687.07,3878.94,1,0.99,-0.60,0.39,237.97,237.42,238.69,237.80,64.65,79.45,65.62,48.87,51.11,1254254.75,0,15,106:24:11,0,0,0,0,0,0
13,AUDIO,2026-02-15 21:52:31,LG6400,24516.28,14129.86,7089.96,3296.46,1,0.98,-0.62,0.36,237.99,237.44,238.70,237.82,58.82,70.94,59.04,46.49,51.12,1254268.75,0,15,106:24:12,0,0,0,0,0,0
13,AUDIO,2026-02-15 21:52:32,LG6400,25911.16,15040.18,7276.71,3594.27,1,0.98,-0.61,0.38,238,237.45,238.71,237.83,61.29,75.14,61.12,47.60,51.12,1254283.12,0,15,106:24:14,0,0,0,0,0,0
13,AUDIO,2026-02-15 21:52:34,LG6400,25433.99,14749.44,7220.11,3464.44,1,0.98,-0.61,0.37,238.01,237.46,238.72,237.84,60.30,73.42,60.14,47.36,51.12,1254297.38,0,15,106:24:16,0,0,0,0,0,0
13,AUDIO,2026-02-15 21:52:36,LG6400,27948.74,16445.58,7825.22,3677.94,1,0.99,-0.59,0.38,238,237.45,238.73,237.84,66.36,81.73,68.35,48.98,51.12,1254305,0,15,106:24:17,0,0,0,0,0,0
13,AUDIO,2026-02-15 21:52:37,LG6400,27893.56,16191.92,7677.76,4023.89,1,0.99,-0.60,0.41,238,237.45,238.72,237.84,64.72,79.64,65.54,48.98,51.11,1254320.50,0,15,106:24:19,0,0,0,0,0,0
13,AUDIO,2026-02-15 21:52:39,LG6400,26570.36,15237.40,7352.09,3980.87,1,0.99,-0.60,0.42,237.99,237.45,238.71,237.82,62.08,75.98,62.38,47.88,51.11,1254335.88,0,15,106:24:21,0,0,0,0,0,0
13,AUDIO,2026-02-15 21:52:41,LG6400,26155.81,15192.37,7351.90,3611.54,1,0.99,-0.61,0.38,237.99,237.45,238.71,237.82,61.51,75.34,61.31,47.88,51.11,1254350.38,0,15,106:24:22,0,0,0,0,0,0
13,AUDIO,2026-02-15 21:52:42,LG6400,26796.03,15597.40,7556.70,3641.93,1,0.99,-0.59,0.38,238,237.46,238.73,237.83,63.65,77.94,65.11,47.89,51.11,1254357.88,0,15,106:24:24,0,0,0,0,0,0
13,AUDIO,2026-02-15 21:52:44,LG6400,27168.96,15833.18,7552.98,3782.80,1,0.99,-0.60,0.39,237.99,237.45,238.73,237.80,63.51,78.38,63.63,48.53,51.11,1254372.75,0,15,106:24:26,0,0,0,0,0,0
13,AUDIO,2026-02-15 21:52:46,LG6400,26117.90,14964.84,7329.88,3823.18,1,0.98,-0.61,0.40,238,237.44,238.73,237.82,61.57,74.77,62.17,47.79,51.11,1254387.75,0,15,106:24:27,0,0,0,0,0,0
13,AUDIO,2026-02-15 21:52:48,LG6400,27562.66,16037.93,7652.82,3871.91,1,0.99,-0.60,0.39,237.96,237.43,238.69,237.77,64.28,78.66,65.04,49.14,51.10,1254402.88,0,15,106:24:29,0,0,0,0,0,0
13,AUDIO,2026-02-15 21:52:50,LG6400,25082.05,14519.95,7196.98,3365.12,1,0.98,-0.61,0.36,237.97,237.44,238.69,237.79,59.88,72.16,60.41,47.07,51.11,1254416.75,0,15,106:24:31,0,0,0,0,0,0
13,AUDIO,2026-02-15 21:52:52,LG6400,26744.62,15699.46,7524.01,3521.14,1,0.99,-0.60,0.36,237.99,237.45,238.70,237.81,63.21,77.71,63.60,48.31,51.11,1254424.38,0,15,106:24:34,0,0,0,0,0,0
13,AUDIO,2026-02-15 21:52:54,LG6400,25121.01,14488.07,7210.55,3422.39,1,0.98,-0.61,0.37,238,237.46,238.72,237.82,59.97,72.61,60.36,46.94,51.11,1254438.50,0,15,106:24:35,0,0,0,0,0,0
13,AUDIO,2026-02-15 21:52:56,LG6400,23118.36,13313.01,6832.90,2972.45,0.99,0.98,-0.62,0.33,238.01,237.47,238.72,237.85,56.03,66.91,55.86,45.32,51.12,1254459.25,0,15,106:24:37,0,0,0,0,0,0
13,AUDIO,2026-02-15 21:52:58,LG6400,25660.43,15110.52,7413.60,3136.30,1,0.98,-0.61,0.32,238.01,237.47,238.72,237.85,61.24,74.19,61.56,47.99,51.12,1254466.38,0,15,106:24:39,0,0,0,0,0,0
13,AUDIO,2026-02-15 21:52:59,LG6400,25722.28,14889.90,7186.38,3646.01,1,0.98,-0.61,0.39,238.01,237.46,238.72,237.86,60.60,74.39,60.28,47.13,51.12,1254480.88,0,15,106:24:41,0,0,0,0,0,0
13,AUDIO,2026-02-15 21:53:01,LG6400,25881.99,15191.86,7385.17,3304.97,1,0.99,-0.61,0.35,238.02,237.46,238.72,237.87,61.75,75.36,62.20,47.69,51.12,1254494.88,0,15,106:24:42,0,0,0,0,0,0
13,AUDIO,2026-02-15 21:53:03,LG6400,26756.14,15584.03,7551.81,3620.31,1,0.99,-0.60,0.38,238.03,237.47,238.73,237.88,63.51,77.65,64.72,48.15,51.12,1254502.25,0,15,106:24:44,0,0,0,0,0,0
13,AUDIO,2026-02-15 21:53:04,LG6400,26501.73,15517.15,7455.48,3529.11,1,0.99,-0.61,0.36,238.01,237.47,238.71,237.84,62.80,76.91,63.22,48.26,51.12,1254516.75,0,15,106:24:46,0,0,0,0,0,0
13,AUDIO,2026-02-15 21:53:06,LG6400,25173.38,14491.58,7083.71,3598.09,1,0.98,-0.62,0.38,238,237.45,238.72,237.84,59.29,72.16,58.60,47.12,51.12,1254531.25,0,15,106:24:48,0,0,0,0,0,0
13,AUDIO,2026-02-15 21:53:08,LG6400,26133.33,15333.22,7372.58,3427.53,1,0.99,-0.60,0.36,237.99,237.44,238.70,237.83,61.93,75.95,62.20,47.64,51.11,1254538.50,0,15,106:24:49,0,0,0,0,0,0
13,AUDIO,2026-02-15 21:53:09,LG6400,23817.76,13856.60,6816.74,3144.42,0.99,0.98,-0.62,0.34,238,237.46,238.71,237.84,56.86,69.32,55.39,45.87,51.12,1254552,0,15,106:24:51,0,0,0,0,0,0
13,AUDIO,2026-02-15 21:53:11,LG6400,25293.18,14884.53,7239.73,3168.92,0.99,0.98,-0.62,0.33,238.02,237.47,238.72,237.86,59.89,73.05,59.18,47.44,51.13,1254565.50,0,15,106:24:53,0,0,0,0,0,0
13,AUDIO,2026-02-15 21:53:13,LG6400,23876.50,13806.70,6837.33,3232.48,0.99,0.98,-0.64,0.36,238.03,237.49,238.72,237.87,56.84,69.11,55.60,45.82,51.13,1254572.25,0,15,106:24:54,0,0,0,0,0,0
13,AUDIO,2026-02-15 21:53:14,LG6400,25343.28,14916.27,7257.65,3169.36,1,0.98,-0.61,0.33,238.04,237.50,238.74,237.89,60.55,73.84,60.27,47.53,51.14,1254586,0,15,106:24:56,0,0,0,0,0,0
13,AUDIO,2026-02-15 21:53:16,LG6400,25372.78,14591.03,7216.76,3565,1,0.98,-0.62,0.38,238.04,237.51,238.75,237.88,60.26,72.95,60.62,47.21,51.13,1254600.38,0,15,106:24:58,0,0,0,0,0,0
13,AUDIO,2026-02-15 21:53:18,LG6400,28821.30,16816.94,8080.55,3923.81,1,0.99,-0.58,0.40,238.03,237.50,238.73,237.87,67.65,82.89,70.73,49.33,51.12,1254615.88,0,15,106:24:59,0,0,0,0,0,0
13,AUDIO,2026-02-15 21:53:19,LG6400,26055.32,14862.43,7349.52,3843.37,1,0.98,-0.61,0.41,238.03,237.51,238.73,237.86,61.24,74.18,62.07,47.46,51.12,1254623,0,15,106:25:01,0,0,0,0,0,0
13,AUDIO,2026-02-15 21:53:21,LG6400,28340.10,16490.48,7917.26,3932.36,1,0.99,-0.58,0.39,237.99,237.45,238.72,237.81,66.10,80.86,68.02,49.42,51.12,1254638.38,0,15,106:25:03,0,0,0,0,0,0
13,AUDIO,2026-02-15 21:53:23,LG6400,26073.07,15014.20,7402.27,3656.61,1,0.99,-0.60,0.38,238,237.47,238.72,237.81,61.89,74.92,63.12,47.63,51.12,1254653.12,0,15,106:25:04,0,0,0,0,0,0
13,AUDIO,2026-02-15 21:53:25,LG6400,27636.37,16141.79,7768.13,3726.44,1,0.99,-0.59,0.38,238.01,237.48,238.73,237.81,65.33,79.98,67.13,48.88,51.12,1254660.88,0,15,106:25:06,0,0,0,0,0,0
13,AUDIO,2026-02-15 21:53:26,LG6400,25862.54,14923.79,7315.25,3623.50,1,0.99,-0.61,0.39,238.01,237.47,238.74,237.81,61.28,74.57,61.95,47.33,51.12,1254675.75,0,15,106:25:08,0,0,0,0,0,0
13,AUDIO,2026-02-15 21:53:28,LG6400,29545.60,17357.81,8118.02,4069.77,1,0.99,-0.58,0.41,238,237.48,238.72,237.81,68.71,85.11,71.20,49.83,51.11,1254691.38,0,15,106:25:10,0,0,0,0,0,0
13,AUDIO,2026-02-15 21:53:30,LG6400,26657.74,15228.02,7361.11,4068.62,1,0.99,-0.60,0.42,238,237.48,238.72,237.81,62.27,75.97,62.78,48.07,51.11,1254698.75,0,15,106:25:11,0,0,0,0,0,0
13,AUDIO,2026-02-15 21:53:31,LG6400,28566.02,16671.47,7991.34,3903.21,1,0.99,-0.58,0.39,237.98,237.44,238.71,237.80,66.79,81.87,69.04,49.48,51.11,1254714,0,15,106:25:13,0,0,0,0,0,0
13,AUDIO,2026-02-15 21:53:33,LG6400,26021.60,15004.16,7331.99,3685.45,1,0.99,-0.60,0.39,237.99,237.45,238.71,237.80,61.50,74.68,62.13,47.69,51.11,1254729,0,15,106:25:15,0,0,0,0,0,0
13,AUDIO,2026-02-15 21:53:35,LG6400,26151.36,15207.26,7330.38,3613.72,1,0.99,-0.61,0.38,238.01,237.47,238.73,237.83,61.43,75.30,60.99,48,51.11,1254736.25,0,15,106:25:16,0,0,0,0,0,0
13,AUDIO,2026-02-15 21:53:36,LG6400,25511.33,14696.14,7269.86,3545.33,1,0.98,-0.61,0.38,238.01,237.47,238.74,237.83,60.67,73.57,61.21,47.22,51.12,1254750.75,0,15,106:25:18,0,0,0,0,0,0
13,AUDIO,2026-02-15 21:53:38,LG6400,28546.39,16700.98,7860.44,3984.97,1,0.99,-0.59,0.39,238,237.46,238.73,237.80,66.40,81.99,67.72,49.48,51.11,1254766.12,0,15,106:25:20,0,0,0,0,0,0
13,AUDIO,2026-02-15 21:53:40,LG6400,26791.32,15352.49,7453.29,3985.54,1,0.99,-0.60,0.41,238,237.46,238.73,237.80,62.76,76.51,63.59,48.17,51.11,1254773.50,0,15,106:25:21,0,0,0,0,0,0
13,AUDIO,2026-02-15 21:53:41,LG6400,26943.22,15652.81,7415.49,3874.93,1,0.99,-0.61,0.40,237.97,237.42,238.71,237.79,62.49,77.01,62.09,48.37,51.11,1254788.75,0,15,106:25:23,0,0,0,0,0,0
13,AUDIO,2026-02-15 21:53:43,LG6400,25801.69,14885.72,7325.36,3590.61,1,0.98,-0.60,0.38,237.99,237.44,238.73,237.81,61.44,74.44,62.03,47.85,51.11,1254803.25,0,15,106:25:25,0,0,0,0,0,0
13,AUDIO,2026-02-15 21:53:45,LG6400,27489.03,16173.91,7682.32,3632.80,1,0.99,-0.59,0.37,238.02,237.46,238.75,237.84,65.40,80.77,66.86,48.58,51.11,1254818,0,15,106:25:26,0,0,0,0,0,0
13,AUDIO,2026-02-15 21:53:46,LG6400,26524.15,15279.48,7485.24,3759.44,1,0.99,-0.60,0.40,238.02,237.47,238.75,237.85,62.56,76.06,63.76,47.86,51.12,1254825.38,0,15,106:25:28,0,0,0,0,0,0
13,AUDIO,2026-02-15 21:53:48,LG6400,29170.64,16992.03,8107.86,4070.74,1,0.99,-0.59,0.40,237.99,237.45,238.75,237.78,68.01,83.59,70.58,49.87,51.11,1254841.12,0,15,106:25:30,0,0,0,0,0,0
13,AUDIO,2026-02-15 21:53:50,LG6400,25821.18,14940.38,7326.03,3554.77,1,0.99,-0.60,0.37,237.99,237.45,238.73,237.79,61.67,74.59,62.58,47.85,51.11,1254855.50,0,15,106:25:31,0,0,0,0,0,0
13,AUDIO,2026-02-15 21:53:52,LG6400,26539.63,15412.93,7438.98,3687.73,1,0.99,-0.61,0.38,238,237.46,238.73,237.80,62.38,76.19,62.57,48.37,51.11,1254862.88,0,15,106:25:33,0,0,0,0,0,0
13,AUDIO,2026-02-15 21:53:53,LG6400,26131.69,15072.83,7423.30,3635.55,1,0.99,-0.60,0.38,238.01,237.47,238.74,237.81,62.14,75.12,63.32,47.96,51.12,1254877.62,0,15,106:25:35,0,0,0,0,0,0
13,AUDIO,2026-02-15 21:53:55,LG6400,25919.76,15073.23,7313.21,3533.31,1,0.99,-0.61,0.37,238.02,237.47,238.75,237.82,61.47,75.11,61.64,47.66,51.12,1254892,0,15,106:25:36,0,0,0,0,0,0
13,AUDIO,2026-02-15 21:53:57,LG6400,24970.97,14267.67,7274.06,3429.24,1,0.98,-0.61,0.37,238.02,237.48,238.74,237.82,59.87,71.48,61.24,46.87,51.12,1254898.88,0,15,106:25:38,0,0,0,0,0,0
13,AUDIO,2026-02-15 21:53:58,LG6400,26501.47,15384.71,7436.51,3680.26,1,0.98,-0.61,0.38,237.99,237.44,238.73,237.80,62.15,75.86,62.51,48.06,51.12,1254913.75,0,15,106:25:40,0,0,0,0,0,0
13,AUDIO,2026-02-15 21:54:00,LG6400,25972.03,15255.93,7569.99,3146.10,1,0.99,-0.59,0.34,238,237.45,238.75,237.80,62.90,76.03,65.04,47.64,51.12,1254927.50,0,15,106:25:42,0,0,0,0,0,0
13,AUDIO,2026-02-15 21:54:02,LG6400,25340.88,14758.50,7153.04,3429.34,1,0.98,-0.61,0.37,238.02,237.47,238.76,237.82,59.76,73.12,59.24,46.91,51.12,1254934.62,0,15,106:25:43,0,0,0,0,0,0
13,AUDIO,2026-02-15 21:54:03,LG6400,24379.92,14186.39,7245.80,2947.73,1,0.98,-0.61,0.31,238.03,237.49,238.77,237.83,59.79,71.11,61.37,46.90,51.13,1254947.75,0,15,106:25:45,0,0,0,0,0,0
13,AUDIO,2026-02-15 21:54:05,LG6400,26547.39,15576.71,7553.32,3417.37,1,0.98,-0.60,0.36,238.05,237.51,238.79,237.85,63.35,77.49,64.65,47.92,51.13,1254962.25,0,15,106:25:47,0,0,0,0,0,0
13,AUDIO,2026-02-15 21:54:07,LG6400,26047.63,15339.82,7400.38,3307.44,1,0.99,-0.60,0.35,238.05,237.52,238.79,237.85,62.06,75.90,62.48,47.80,51.13,1254976.12,0,15,106:25:48,0,0,0,0,0,0
13,AUDIO,2026-02-15 21:54:09,LG6400,28420.44,16579.71,7975.91,3864.82,1,0.99,-0.57,0.40,238.05,237.52,238.81,237.83,67.03,81.93,69.70,49.47,51.13,1254984.12,0,15,106:25:51,0,0,0,0,0,0
13,AUDIO,2026-02-15 21:54:11,LG6400,25834.11,15014.02,7460.99,3359.10,1,0.98,-0.60,0.35,238.05,237.52,238.79,237.84,61.80,74.53,63.19,47.68,51.13,1254998.38,0,15,106:25:52,0,0,0,0,0,0
13,AUDIO,2026-02-15 21:54:12,LG6400,26659.07,15441.63,7462.06,3755.39,1,0.99,-0.60,0.39,238.04,237.52,238.78,237.83,62.77,76.87,63.20,48.23,51.13,1255013.12,0,15,106:25:54,0,0,0,0,0,0
13,AUDIO,2026-02-15 21:54:14,LG6400,27150.85,15686.73,7633.68,3830.44,1,0.99,-0.60,0.39,238.05,237.52,238.78,237.85,63.95,77.79,65.31,48.76,51.13,1255027.75,0,15,106:25:56,0,0,0,0,0,0
13,AUDIO,2026-02-15 21:54:16,LG6400,26943.46,15582.42,7531.08,3829.97,1,0.99,-0.60,0.40,238.06,237.53,238.79,237.86,63.48,77.78,64.59,48.08,51.13,1255035.25,0,15,106:25:57,0,0,0,0,0,0
13,AUDIO,2026-02-15 21:54:17,LG6400,27388.63,15990.29,7703.06,3695.27,1,0.99,-0.59,0.38,238.04,237.52,238.78,237.83,64.52,79.04,65.90,48.63,51.12,1255050.12,0,15,106:25:59,0,0,0,0,0,0
13,AUDIO,2026-02-15 21:54:19,LG6400,26515.70,15161.85,7393.07,3960.78,1,0.99,-0.60,0.41,238.05,237.51,238.78,237.85,62.12,75.59,62.81,47.96,51.12,1255065.50,0,15,106:26:01,0,0,0,0,0,0
13,AUDIO,2026-02-15 21:54:21,LG6400,26803.41,15555.07,7499.90,3748.44,1,0.99,-0.60,0.38,238.03,237.51,238.76,237.82,62.88,76.85,63.25,48.55,51.12,1255080.25,0,15,106:26:02,0,0,0,0,0,0
13,AUDIO,2026-02-15 21:54:23,LG6400,26306.92,15177.49,7380.14,3749.29,1,0.99,-0.60,0.39,238.04,237.51,238.77,237.83,62.10,75.73,62.67,47.91,51.12,1255087.38,0,15,106:26:05,0,0,0,0,0,0
13,AUDIO,2026-02-15 21:54:25,LG6400,26713.98,15463.90,7445.22,3804.86,1,0.99,-0.60,0.39,238.06,237.53,238.78,237.86,62.60,76.69,62.94,48.17,51.12,1255102.38,0,15,106:26:06,0,0,0,0,0,0
13,AUDIO,2026-02-15 21:54:26,LG6400,25794.83,14793.62,7263.10,3738.11,1,0.98,-0.61,0.40,238.05,237.54,238.76,237.85,60.89,73.94,61.30,47.44,51.12,1255117.38,0,15,106:26:08,0,0,0,0,0,0
13,AUDIO,2026-02-15 21:54:28,LG6400,28693.75,16700.72,7934.58,4058.45,1,0.99,-0.59,0.40,238.04,237.50,238.75,237.85,67.01,82.30,69,49.74,51.11,1255132.88,0,15,106:26:10,0,0,0,0,0,0
13,AUDIO,2026-02-15 21:54:30,LG6400,26652.25,15211.70,7449.80,3990.75,1,0.99,-0.60,0.42,238.04,237.51,238.75,237.85,62.38,75.88,63.37,47.88,51.11,1255140.25,0,15,106:26:11,0,0,0,0,0,0
13,AUDIO,2026-02-15 21:54:31,LG6400,25901.11,14944.82,7355.81,3600.48,1,0.98,-0.60,0.38,238.03,237.50,238.75,237.85,61.46,74.45,62.06,47.88,51.11,1255154.88,0,15,106:26:13,0,0,0,0,0,0
13,AUDIO,2026-02-15 21:54:33,LG6400,25883.64,14951.99,7351.91,3579.75,1,0.99,-0.60,0.38,238.04,237.51,238.75,237.85,61.65,74.69,62.39,47.86,51.12,1255169.25,0,15,106:26:15,0,0,0,0,0,0
13,AUDIO,2026-02-15 21:54:35,LG6400,24563.55,13943.92,7098.84,3520.79,1,0.98,-0.61,0.38,238.06,237.54,238.76,237.87,58.59,70.15,59.34,46.27,51.12,1255183.62,0,15,106:26:16,0,0,0,0,0,0
13,AUDIO,2026-02-15 21:54:37,LG6400,23835.63,13751.11,7042.50,3042.02,1,0.98,-0.62,0.33,238.05,237.54,238.76,237.86,58.01,69.18,58.60,46.26,51.13,1255190.12,0,15,106:26:19,0,0,0,0,0,0
13,AUDIO,2026-02-15 21:54:39,LG6400,26635.32,15421.43,7409.10,3804.79,1,0.99,-0.61,0.39,238.05,237.53,238.75,237.86,62.29,76.03,62.27,48.56,51.12,1255205,0,15,106:26:20,0,0,0,0,0,0
13,AUDIO,2026-02-15 21:54:40,LG6400,23955.25,13794.37,6898.90,3261.98,0.99,0.98,-0.63,0.35,238.05,237.54,238.74,237.87,57.28,69.07,56.41,46.35,51.13,1255218.50,0,15,106:26:22,0,0,0,0,0,0
13,AUDIO,2026-02-15 21:54:42,LG6400,27460.10,16048.07,7703.31,3708.73,1,0.99,-0.58,0.38,238.06,237.54,238.76,237.87,65.13,79.94,66.90,48.55,51.13,1255233.25,0,15,106:26:24,0,0,0,0,0,0
13,AUDIO,2026-02-15 21:54:44,LG6400,26220.38,15152.21,7358.35,3709.82,1,0.99,-0.61,0.39,238.06,237.54,238.77,237.88,61.91,75.62,62.41,47.72,51.13,1255240.50,0,15,106:26:25,0,0,0,0,0,0
13,AUDIO,2026-02-15 21:54:45,LG6400,26915.34,15736.15,7463,3716.19,1,0.99,-0.60,0.39,238.06,237.53,238.76,237.88,63.40,78.36,63.68,48.16,51.13,1255255.38,0,15,106:26:27,0,0,0,0,0,0
13,AUDIO,2026-02-15 21:54:47,LG6400,25328.20,14662.55,7205.13,3460.52,0.99,0.98,-0.62,0.36,238.05,237.52,238.75,237.88,59.45,72.26,58.81,47.29,51.13,1255269.38,0,15,106:26:29,0,0,0,0,0,0
13,AUDIO,2026-02-15 21:54:49,LG6400,27326.76,15844.20,7594.45,3888.11,1,0.99,-0.59,0.40,238.03,237.51,238.73,237.87,64.30,78.95,65.50,48.46,51.12,1255284.62,0,15,106:26:30,0,0,0,0,0,0
13,AUDIO,2026-02-15 21:54:51,LG6400,25903.34,14903.52,7313.79,3686.04,1,0.98,-0.61,0.38,238.04,237.51,238.73,237.88,60.92,74.09,61.10,47.57,51.12,1255291.88,0,15,106:26:32,0,0,0,0,0,0
13,AUDIO,2026-02-15 21:54:52,LG6400,26272.45,15199.74,7313.78,3758.93,1,0.99,-0.61,0.39,238.03,237.48,238.74,237.86,61.77,75.90,61.64,47.76,51.13,1255306.75,0,15,106:26:34,0,0,0,0,0,0
13,AUDIO,2026-02-15 21:54:54,LG6400,27124.01,15895.65,7517.74,3710.62,1,0.99,-0.60,0.38,238.03,237.49,238.74,237.86,63.66,78.70,63.63,48.64,51.13,1255321.50,0,15,106:26:35,0,0,0,0,0,0
13,AUDIO,2026-02-15 21:54:56,LG6400,29467.15,17328.81,8106.61,4031.73,1,0.99,-0.58,0.40,238.03,237.49,238.77,237.84,69.30,86.18,71.98,49.73,51.12,1255329.75,0,15,106:26:37,0,0,0,0,0,0
13,AUDIO,2026-02-15 21:54:57,LG6400,27746.42,16161.85,7725.27,3859.31,1,0.99,-0.59,0.39,238.03,237.48,238.76,237.84,65.05,79.94,66.34,48.86,51.12,1255344.88,0,15,106:26:39,0,0,0,0,0,0
13,AUDIO,2026-02-15 21:54:59,LG6400,24594.29,14178.30,7187.60,3228.39,1,0.98,-0.61,0.35,238.01,237.48,238.74,237.83,59.43,71.12,60.40,46.77,51.12,1255358.75,0,15,106:26:41,0,0,0,0,0,0
13,AUDIO,2026-02-15 21:55:01,LG6400,26694.82,15645.71,7564.59,3484.52,1,0.99,-0.61,0.36,238.01,237.47,238.73,237.83,62.85,76.86,63.28,48.41,51.12,1255366.12,0,15,106:26:42,0,0,0,0,0,0
13,AUDIO,2026-02-15 21:55:02,LG6400,25541.21,14722.54,7159.82,3658.85,1,0.98,-0.61,0.39,238.01,237.46,238.73,237.84,60.34,73.73,59.88,47.40,51.12,1255380.62,0,15,106:26:44,0,0,0,0,0,0
13,AUDIO,2026-02-15 21:55:04,LG6400,26112.38,15170.37,7359.96,3582.05,1,0.98,-0.61,0.37,238.01,237.46,238.73,237.85,61.66,75.18,61.65,48.17,51.12,1255395,0,15,106:26:46,0,0,0,0,0,0
13,AUDIO,2026-02-15 21:55:06,LG6400,26780.79,15475.74,7538.13,3766.92,1,0.99,-0.59,0.39,238.02,237.46,238.73,237.85,63.38,76.92,64.72,48.48,51.12,1255402.38,0,15,106:26:47,0,0,0,0,0,0
13,AUDIO,2026-02-15 21:55:07,LG6400,26398.57,15362.09,7400.05,3636.44,1,0.99,-0.60,0.38,238.01,237.46,238.72,237.84,62.56,76.60,63,48.08,51.12,1255417,0,15,106:26:49,0,0,0,0,0,0
13,AUDIO,2026-02-15 21:55:09,LG6400,25198.12,14533.79,7161.76,3502.57,1,0.98,-0.61,0.37,238.03,237.48,238.74,237.87,59.92,72.71,59.70,47.33,51.13,1255431.12,0,15,106:26:51,0,0,0,0,0,0
13,AUDIO,2026-02-15 21:55:11,LG6400,26936.82,15833.86,7547.82,3555.14,1,0.99,-0.60,0.37,238.02,237.48,238.73,237.84,63.82,78.48,64.69,48.30,51.12,1255438.62,0,15,106:26:52,0,0,0,0,0,0
13,AUDIO,2026-02-15 21:55:12,LG6400,25659.57,14719.51,7169.05,3771.02,1,0.98,-0.61,0.40,238.02,237.48,238.74,237.84,60.33,73.67,59.93,47.39,51.12,1255453.50,0,15,106:26:54,0,0,0,0,0,0
13,AUDIO,2026-02-15 21:55:14,LG6400,26770.51,15531.50,7423.64,3815.38,1,0.99,-0.61,0.39,237.99,237.45,238.71,237.82,62.69,76.91,62.52,48.65,51.12,1255468.25,0,15,106:26:56,0,0,0,0,0,0
13,AUDIO,2026-02-15 21:55:16,LG6400,25711.99,14893.52,7273.58,3544.90,1,0.98,-0.62,0.37,238,237.45,238.71,237.83,60.51,73.62,60.24,47.68,51.13,1255482.75,0,15,106:26:57,0,0,0,0,0,0
13,AUDIO,2026-02-15 21:55:18,LG6400,23467.44,13483.85,6740.72,3242.87,0.99,0.98,-0.64,0.36,238.03,237.49,238.75,237.85,55.58,67.41,53.78,45.55,51.13,1255489.12,0,15,106:26:59,0,0,0,0,0,0
13,AUDIO,2026-02-15 21:55:19,LG6400,19883.86,11621.58,6079.68,2182.60,0.98,0.97,-0.69,0.27,238.08,237.53,238.77,237.93,48.06,58.67,43.45,42.08,51.15,1255500.25,0,15,106:27:01,0,0,0,0,0,0
13,AUDIO,2026-02-15 21:55:21,LG6400,19554.79,11438.83,6076.31,2039.66,0.98,0.97,-0.68,0.25,238.12,237.59,238.78,237.99,47.51,57.86,43.13,41.52,51.18,1255511.12,0,15,106:27:02,0,0,0,0,0,0
13,AUDIO,2026-02-15 21:55:23,LG6400,19547.72,11436.72,6021.93,2089.07,0.97,0.97,-0.69,0.26,238.14,237.60,238.81,238.02,47.50,57.86,43.12,41.52,51.19,1255516.62,0,15,106:27:04,0,0,0,0,0,0
13,AUDIO,2026-02-15 21:55:24,LG6400,19464.05,11436.82,6021.19,2006.04,0.98,0.97,-0.68,0.25,238.17,237.66,238.80,238.06,47.41,57.85,43.11,41.26,51.21,1255527.38,0,15,106:27:06,0,0,0,0,0,0
13,AUDIO,2026-02-15 21:55:26,LG6400,19549.81,11506.96,6023.64,2019.22,0.97,0.97,-0.68,0.25,238.20,237.69,238.84,238.08,47.57,58.16,43.11,41.43,51.22,1255538.38,0,15,106:27:08,0,0,0,0,0,0
13,AUDIO,2026-02-15 21:55:28,LG6400,19562.23,11505.90,6025.06,2031.27,0.98,0.97,-0.68,0.25,238.22,237.71,238.84,238.10,47.57,58.15,43.12,41.44,51.23,1255543.88,0,15,106:27:09,0,0,0,0,0,0
13,AUDIO,2026-02-15 21:55:29,LG6400,22273.83,13288.88,6450.78,2534.18,0.98,0.98,-0.68,0.28,238.19,237.67,238.82,238.09,53.28,67.10,47.58,45.16,51.23,1255555.38,0,15,106:27:11,0,0,0,0,0,0
13,AUDIO,2026-02-15 21:55:31,LG6400,23184.39,13843.34,6220.85,3120.20,0.99,0.98,-0.63,0.34,238.18,237.68,238.79,238.08,54.75,69.56,48.21,46.49,51.22,1255568.25,0,15,106:27:13,0,0,0,0,0,0
13,AUDIO,2026-02-15 21:55:33,LG6400,22870.33,13537.08,6259.60,3073.65,0.99,0.98,-0.62,0.34,238.19,237.68,238.82,238.08,53.95,68.06,47.94,45.86,51.22,1255574.62,0,15,106:27:14,0,0,0,0,0,0
13,AUDIO,2026-02-15 21:55:34,LG6400,23538.74,14160.51,6245.88,3132.36,0.99,0.98,-0.62,0.34,238.17,237.66,238.79,238.07,55.21,71.02,48.29,46.34,51.21,1255587.75,0,15,106:27:16,0,0,0,0,0,0
13,AUDIO,2026-02-15 21:55:36,LG6400,24291.11,14560.88,6335.35,3394.88,0.99,0.98,-0.62,0.36,238.16,237.64,238.79,238.06,56.22,72.34,49.13,47.17,51.21,1255601.12,0,15,106:27:18,0,0,0,0,0,0
13,AUDIO,2026-02-15 21:55:38,LG6400,25525.98,15508.33,6301.10,3716.55,0.99,0.99,-0.61,0.38,238.12,237.62,238.75,238,58.56,77.25,50.30,48.12,51.19,1255615.25,0,15,106:27:19,0,0,0,0,0,0
13,AUDIO,2026-02-15 21:55:40,LG6400,26304.78,16087.27,6415.76,3801.75,0.99,0.99,-0.61,0.39,238.11,237.60,238.77,237.97,60,80.31,50.90,48.78,51.19,1255622.62,0,15,106:27:22,0,0,0,0,0,0
13,AUDIO,2026-02-15 21:55:42,LG6400,28670.91,16671.13,8118.97,3880.80,1,0.99,-0.60,0.39,238.11,237.57,238.78,237.98,67.03,82.86,68.91,49.31,51.18,1255637.50,0,15,106:27:23,0,0,0,0,0,0
13,AUDIO,2026-02-15 21:55:43,LG6400,27603.30,16166.85,7580.34,3856.11,1,0.99,-0.59,0.40,238.10,237.58,238.76,237.96,64.89,80.60,65.59,48.47,51.17,1255653,0,15,106:27:25,0,0,0,0,0,0
13,AUDIO,2026-02-15 21:55:45,LG6400,27604.76,15994.74,7679.72,3930.29,1,0.99,-0.61,0.40,238.08,237.54,238.78,237.92,65.01,79.88,66.41,48.74,51.16,1255668.25,0,15,106:27:27,0,0,0,0,0,0
13,AUDIO,2026-02-15 21:55:47,LG6400,26857.90,15554.33,7413.69,3889.88,1,0.98,-0.61,0.40,238.08,237.52,238.77,237.93,62.76,77.24,62.62,48.42,51.16,1255675.62,0,15,106:27:28,0,0,0,0,0,0
13,AUDIO,2026-02-15 21:55:48,LG6400,29748.14,17405.49,8172.96,4169.69,1,0.99,-0.58,0.41,238.08,237.55,238.78,237.91,69.61,86.22,72.72,49.89,51.15,1255692,0,15,106:27:30,0,0,0,0,0,0
13,AUDIO,2026-02-15 21:55:50,LG6400,28061.95,16168.74,7850.17,4043.05,1,0.98,-0.57,0.41,238.05,237.50,238.79,237.88,65.96,80.24,68.36,49.29,51.14,1255707.62,0,15,106:27:32,0,0,0,0,0,0
13,AUDIO,2026-02-15 21:55:52,LG6400,29446.10,17316.66,8171.14,3958.29,1,0.99,-0.58,0.39,238.02,237.47,238.76,237.84,69.07,85.50,72.12,49.59,51.13,1255723.50,0,15,106:27:33,0,0,0,0,0,0
13,AUDIO,2026-02-15 21:55:54,LG6400,27641.84,15903.34,7641.21,4097.30,1,0.99,-0.59,0.43,238.01,237.47,238.75,237.82,64.79,79.29,66.35,48.74,51.13,1255731.25,0,15,106:27:35,0,0,0,0,0,0
13,AUDIO,2026-02-15 21:55:55,LG6400,29051.11,16848.19,7940.27,4262.64,1,0.99,-0.59,0.43,238,237.43,238.77,237.80,67.79,84.07,69.84,49.45,51.12,1255747.25,0,15,106:27:37,0,0,0,0,0,0
13,AUDIO,2026-02-15 21:55:57,LG6400,27812.04,16027.63,7700.82,4083.58,1,0.99,-0.59,0.42,237.99,237.41,238.76,237.80,64.57,79.10,65.76,48.86,51.12,1255763.38,0,15,106:27:38,0,0,0,0,0,0
13,AUDIO,2026-02-15 21:55:59,LG6400,27814.49,16202.21,7701.62,3910.66,1,0.99,-0.59,0.40,237.99,237.42,238.76,237.79,65.56,80.75,67.08,48.84,51.12,1255771,0,15,106:27:40,0,0,0,0,0,0
13,AUDIO,2026-02-15 21:56:00,LG6400,27750.70,16047.56,7706.24,3996.90,1,0.99,-0.59,0.41,237.98,237.40,238.76,237.78,65.14,79.97,66.66,48.80,51.12,1255786.50,0,15,106:27:42,0,0,0,0,0,0
13,AUDIO,2026-02-15 21:56:02,LG6400,28533.96,16789.46,7876.66,3867.85,1,0.99,-0.58,0.39,237.98,237.41,238.75,237.78,67.40,83.54,69.63,49.02,51.11,1255802,0,15,106:27:44,0,0,0,0,0,0
13,AUDIO,2026-02-15 21:56:04,LG6400,26470.06,15212.87,7388.75,3868.44,1,0.99,-0.60,0.40,237.99,237.42,238.76,237.79,62.15,75.64,62.78,48.03,51.11,1255809.25,0,15,106:27:45,0,0,0,0,0,0
13,AUDIO,2026-02-15 21:56:05,LG6400,25653.91,14872.19,7469.73,3311.98,1,0.98,-0.60,0.35,237.99,237.44,238.74,237.80,61.83,74.28,63.71,47.51,51.12,1255823.38,0,15,106:27:47,0,0,0,0,0,0
13,AUDIO,2026-02-15 21:56:07,LG6400,28147.49,16336.24,7867.46,3943.79,1,0.99,-0.59,0.40,237.98,237.44,238.73,237.76,66.21,80.88,68.96,48.79,51.11,1255839,0,15,106:27:49,0,0,0,0,0,0
13,AUDIO,2026-02-15 21:56:09,LG6400,24985.46,14398.56,6986.23,3600.67,0.99,0.98,-0.63,0.39,237.99,237.46,238.74,237.78,58.48,71.64,57.23,46.58,51.12,1255846,0,15,106:27:50,0,0,0,0,0,0
13,AUDIO,2026-02-15 21:56:10,LG6400,26046.18,15138.23,7407.90,3500.04,1,0.99,-0.60,0.36,237.99,237.47,238.72,237.79,62.25,75.53,63.33,47.90,51.12,1255860.25,0,15,106:27:52,0,0,0,0,0,0
13,AUDIO,2026-02-15 21:56:12,LG6400,26621.82,15372.27,7511.18,3738.37,1,0.99,-0.60,0.39,238,237.48,238.73,237.80,63.02,76.50,64.36,48.20,51.12,1255875,0,15,106:27:54,0,0,0,0,0,0
13,AUDIO,2026-02-15 21:56:14,LG6400,27028.76,15655.58,7634.06,3739.12,1,0.99,-0.59,0.39,238,237.46,238.73,237.80,64.27,78.29,66.32,48.20,51.12,1255882.38,0,15,106:27:55,0,0,0,0,0,0
13,AUDIO,2026-02-15 21:56:15,LG6400,25980.09,15160.22,7310.58,3509.29,1,0.99,-0.60,0.37,238,237.47,238.73,237.80,61.89,75.71,62.19,47.78,51.12,1255896.88,0,15,106:27:57,0,0,0,0,0,0
13,AUDIO,2026-02-15 21:56:17,LG6400,27584.86,15797.93,7829.40,3957.53,1,0.98,-0.58,0.40,237.99,237.46,238.73,237.79,65.44,79.18,68.30,48.84,51.12,1255912.25,0,15,106:27:59,0,0,0,0,0,0
13,AUDIO,2026-02-15 21:56:19,LG6400,28147.94,16274.19,7916.37,3957.38,1,0.99,-0.58,0.40,237.99,237.46,238.72,237.79,66.35,80.96,69.25,48.85,51.12,1255927.62,0,15,106:28:00,0,0,0,0,0,0
13,AUDIO,2026-02-15 21:56:21,LG6400,25583.35,14683.41,7226.32,3673.62,1,0.98,-0.61,0.39,238,237.47,238.73,237.81,60.17,72.99,60.50,47.03,51.12,1255934.75,0,15,106:28:02,0,0,0,0,0,0
13,AUDIO,2026-02-15 21:56:22,LG6400,27560.35,16076.93,7670.31,3813.11,1,0.99,-0.59,0.39,238,237.46,238.72,237.81,65.05,80.04,66.30,48.82,51.12,1255949.75,0,15,106:28:04,0,0,0,0,0,0
13,AUDIO,2026-02-15 21:56:24,LG6400,28238.82,16402.75,7856.46,3979.61,1,0.99,-0.58,0.40,237.99,237.47,238.72,237.79,66.63,81.62,69.08,49.20,51.12,1255965.50,0,15,106:28:06,0,0,0,0,0,0
13,AUDIO,2026-02-15 21:56:26,LG6400,28486.63,16619.16,7794.77,4072.70,1,0.99,-0.59,0.41,237.99,237.46,238.72,237.78,66.48,82.25,67.98,49.20,51.12,1255973.25,0,15,106:28:07,0,0,0,0,0,0
13,AUDIO,2026-02-15 21:56:27,LG6400,26773.04,15414.82,7383.35,3974.87,1,0.99,-0.60,0.42,237.97,237.43,238.73,237.76,62.28,76.72,62.60,47.51,51.12,1255989,0,15,106:28:09,0,0,0,0,0,0
13,AUDIO,2026-02-15 21:56:29,LG6400,26973.13,15754.94,7582.06,3636.13,1,0.99,-0.59,0.38,237.97,237.44,238.72,237.75,63.95,78.39,65.01,48.46,51.11,1256003.88,0,15,106:28:11,0,0,0,0,0,0
13,AUDIO,2026-02-15 21:56:31,LG6400,27941.27,16170.66,7756.52,4014.09,1,0.99,-0.60,0.41,237.98,237.44,238.74,237.76,65.55,80.54,67.14,48.98,51.11,1256019.25,0,15,106:28:12,0,0,0,0,0,0
13,AUDIO,2026-02-15 21:56:33,LG6400,26770.58,15317.20,7537.77,3915.61,1,0.99,-0.60,0.41,237.99,237.45,238.74,237.78,63.18,76.41,64.80,48.34,51.11,1256026.75,0,15,106:28:14,0,0,0,0,0,0
13,AUDIO,2026-02-15 21:56:34,LG6400,25846.28,14885.98,7283.10,3677.19,1,0.98,-0.61,0.39,237.99,237.46,238.73,237.78,61.11,74.32,61.39,47.60,51.12,1256041.38,0,15,106:28:16,0,0,0,0,0,0
13,AUDIO,2026-02-15 21:56:36,LG6400,27011.40,15478.78,7528.84,4003.78,1,0.99,-0.59,0.42,237.99,237.45,238.74,237.78,63.53,77.38,64.95,48.26,51.11,1256056.88,0,15,106:28:17,0,0,0,0,0,0
13,AUDIO,2026-02-15 21:56:38,LG6400,28499.30,16702.13,7906.50,3890.68,1,0.99,-0.58,0.39,237.98,237.45,238.73,237.77,66.68,82.06,68.66,49.30,51.11,1256064.88,0,15,106:28:19,0,0,0,0,0,0
13,AUDIO,2026-02-15 21:56:39,LG6400,26947.54,15667.92,7580.82,3698.79,1,0.99,-0.59,0.38,238,237.46,238.75,237.78,63.81,77.99,65.11,48.33,51.11,1256079.75,0,15,106:28:21,0,0,0,0,0,0
13,AUDIO,2026-02-15 21:56:41,LG6400,26463.67,15290.29,7350.16,3823.23,1,0.99,-0.60,0.40,238.01,237.47,238.77,237.79,61.81,75.77,61.76,47.90,51.12,1256094.75,0,15,106:28:22,0,0,0,0,0,0
13,AUDIO,2026-02-15 21:56:43,LG6400,27120.44,15796.74,7586.15,3737.55,1,0.99,-0.60,0.38,238,237.47,238.75,237.78,63.82,78.08,64.69,48.68,51.12,1256102.38,0,15,106:28:24,0,0,0,0,0,0
13,AUDIO,2026-02-15 21:56:44,LG6400,26687.05,15570.58,7521.61,3594.86,1,0.98,-0.60,0.37,237.99,237.44,238.74,237.78,63.06,77.34,63.65,48.18,51.12,1256116.88,0,15,106:28:26,0,0,0,0,0,0
13,AUDIO,2026-02-15 21:56:46,LG6400,27919.13,16230.84,7775.77,3912.52,1,0.99,-0.59,0.39,237.99,237.45,238.74,237.79,65.62,80.55,67.39,48.93,51.11,1256132.12,0,15,106:28:28,0,0,0,0,0,0
13,AUDIO,2026-02-15 21:56:48,LG6400,26709.26,15322.67,7475.14,3911.44,1,0.99,-0.60,0.41,237.99,237.45,238.73,237.78,63,76.55,64.27,48.19,51.11,1256139.75,0,15,106:28:29,0,0,0,0,0,0
13,AUDIO,2026-02-15 21:56:49,LG6400,27697.58,16094.70,7887.44,3715.44,1,0.99,-0.60,0.38,237.98,237.43,238.74,237.78,65.64,79.75,68.09,49.08,51.11,1256154.75,0,15,106:28:31,0,0,0,0,0,0
13,AUDIO,2026-02-15 21:56:51,LG6400,27826.18,16251.20,7804.02,3770.96,1,0.99,-0.59,0.39,237.98,237.44,238.72,237.77,65.67,80.40,67.83,48.79,51.11,1256169.88,0,15,106:28:33,0,0,0,0,0,0
13,AUDIO,2026-02-15 21:56:53,LG6400,27376.81,15839.95,7636.10,3900.76,1,0.99,-0.60,0.40,237.99,237.45,238.74,237.78,64.19,78.43,65.35,48.78,51.11,1256177.50,0,15,106:28:34,0,0,0,0,0,0
13,AUDIO,2026-02-15 21:56:54,LG6400,27337.09,15839.66,7636.44,3860.99,1,0.99,-0.59,0.39,237.98,237.43,238.73,237.77,64.37,78.46,65.84,48.81,51.11,1256192.62,0,15,106:28:36,0,0,0,0,0,0
13,AUDIO,2026-02-15 21:56:56,LG6400,26772.89,15407.70,7454.79,3910.40,1,0.99,-0.60,0.41,237.99,237.44,238.74,237.79,62.65,76.64,63.19,48.12,51.12,1256208.12,0,15,106:28:38,0,0,0,0,0,0
13,AUDIO,2026-02-15 21:56:58,LG6400,28442.42,16467.06,7884.18,4091.18,1,0.99,-0.59,0.41,237.97,237.42,238.74,237.76,66.19,81.12,68.27,49.18,51.11,1256223.75,0,15,106:28:39,0,0,0,0,0,0
13,AUDIO,2026-02-15 21:57:00,LG6400,26766.30,15469.04,7367.61,3929.65,1,0.99,-0.61,0.41,237.97,237.42,238.74,237.76,62.41,76.74,62.29,48.19,51.12,1256231.12,0,15,106:28:41,0,0,0,0,0,0
13,AUDIO,2026-02-15 21:57:01,LG6400,30719.58,18029.72,8350.42,4339.44,1,0.99,-0.57,0.43,237.96,237.41,238.72,237.76,71.01,88.39,74.16,50.49,51.11,1256247.50,0,15,106:28:43,0,0,0,0,0,0
13,AUDIO,2026-02-15 21:57:03,LG6400,27751.11,15977.31,7616.83,4156.97,1,0.99,-0.60,0.43,237.96,237.41,238.73,237.73,64.55,79.56,65.43,48.66,51.11,1256263.50,0,15,106:28:44,0,0,0,0,0,0
13,AUDIO,2026-02-15 21:57:05,LG6400,28685.55,16677.61,7998.94,4009.01,1,0.99,-0.57,0.40,237.95,237.39,238.73,237.73,67.58,82.96,70.33,49.45,51.10,1256271.50,0,15,106:28:46,0,0,0,0,0,0
13,AUDIO,2026-02-15 21:57:06,LG6400,28160.43,16382.95,7697.77,4079.71,1,0.99,-0.59,0.42,237.96,237.39,238.75,237.74,65.53,81.23,66.46,48.88,51.11,1256287.38,0,15,106:28:48,0,0,0,0,0,0
13,AUDIO,2026-02-15 21:57:08,LG6400,30277.12,17804.04,8319.47,4153.61,1,0.99,-0.56,0.42,237.97,237.41,238.77,237.73,70.91,88.19,74.38,50.16,51.11,1256303.38,0,15,106:28:49,0,0,0,0,0,0
13,AUDIO,2026-02-15 21:57:10,LG6400,29212.73,16791.15,8037.95,4383.63,1,0.99,-0.59,0.44,237.96,237.40,238.77,237.72,67.47,82.70,69.97,49.76,51.11,1256311.50,0,15,106:28:51,0,0,0,0,0,0
13,AUDIO,2026-02-15 21:57:11,LG6400,28768.04,16824.09,7881.46,4062.48,1,0.99,-0.59,0.41,237.94,237.37,238.72,237.72,66.75,82.63,68.14,49.50,51.10,1256327.12,0,15,106:28:53,0,0,0,0,0,0
13,AUDIO,2026-02-15 21:57:13,LG6400,26325.80,15236.73,7355.02,3734.05,1,0.99,-0.61,0.39,237.97,237.41,238.74,237.75,62.14,76.16,62.36,47.89,51.10,1256342,0,15,106:28:55,0,0,0,0,0,0
13,AUDIO,2026-02-15 21:57:15,LG6400,22970.43,13169.75,6622.64,3178.04,0.99,0.98,-0.64,0.36,237.98,237.43,238.75,237.76,54.67,66.17,52.97,44.86,51.11,1256348.50,0,15,106:28:56,0,0,0,0,0,0
13,AUDIO,2026-02-15 21:57:16,LG6400,23466.02,13779.56,6928.20,2758.26,0.99,0.98,-0.63,0.30,238,237.45,238.76,237.80,56.68,68.29,55.79,45.98,51.12,1256361.12,0,15,106:28:58,0,0,0,0,0,0
13,AUDIO,2026-02-15 21:57:18,LG6400,24752.62,14662.97,7197.88,2891.77,0.99,0.98,-0.62,0.30,238.02,237.48,238.78,237.81,59.08,71.76,58.40,47.09,51.12,1256374.50,0,15,106:29:00,0,0,0,0,0,0
13,AUDIO,2026-02-15 21:57:20,LG6400,22563.75,13076.19,6485.08,3002.47,0.99,0.98,-0.67,0.34,238.05,237.52,238.78,237.85,53.35,65.15,50.24,44.66,51.13,1256380.75,0,15,106:29:01,0,0,0,0,0,0
13,AUDIO,2026-02-15 21:57:21,LG6400,20737.10,12296.57,5615,2825.53,0.98,0.97,-0.63,0.32,238.07,237.53,238.78,237.90,49.77,61.72,44.27,43.32,51.14,1256393.50,0,15,106:29:03,0,0,0,0,0,0
13,AUDIO,2026-02-15 21:57:23,LG6400,29653.69,17460.70,8387.97,3805.01,1,0.99,-0.61,0.37,238.05,237.49,238.76,237.89,68.35,85.09,69.72,50.23,51.13,1256408.62,0,15,106:29:05,0,0,0,0,0,0
13,AUDIO,2026-02-15 21:57:25,LG6400,27557.64,15984.72,7728.03,3844.89,1,0.99,-0.60,0.38,238.05,237.49,238.76,237.88,64.63,78.54,66.03,49.30,51.13,1256423.50,0,15,106:29:06,0,0,0,0,0,0
13,AUDIO,2026-02-15 21:57:27,LG6400,26272.29,15160.48,7219.83,3891.98,1,0.99,-0.61,0.41,238.05,237.49,238.77,237.88,61.24,75.68,60.28,47.76,51.13,1256430.75,0,15,106:29:08,0,0,0,0,0,0
13,AUDIO,2026-02-15 21:57:28,LG6400,26295.21,15023.87,7350.48,3920.86,1,0.99,-0.61,0.41,238.04,237.47,238.76,237.88,61.02,74.15,61.12,47.78,51.12,1256446,0,15,106:29:10,0,0,0,0,0,0
13,AUDIO,2026-02-15 21:57:30,LG6400,27744.41,16045.58,7732.18,3966.65,1,0.99,-0.59,0.41,238.02,237.47,238.74,237.84,64.94,79.21,66.37,49.23,51.12,1256461.25,0,15,106:29:11,0,0,0,0,0,0
13,AUDIO,2026-02-15 21:57:32,LG6400,27813.41,16151.44,7630.22,4031.74,1,0.99,-0.60,0.41,238.01,237.46,238.75,237.84,65.14,80.74,65.90,48.79,51.12,1256469,0,15,106:29:13,0,0,0,0,0,0
13,AUDIO,2026-02-15 21:57:33,LG6400,27178.38,15679.96,7440.39,4058.02,1,0.99,-0.60,0.43,237.99,237.42,238.73,237.83,63.44,78.58,63.88,47.86,51.11,1256484.88,0,15,106:29:15,0,0,0,0,0,0
13,AUDIO,2026-02-15 21:57:35,LG6400,28136.15,16318.20,7677.95,4140,1,0.99,-0.60,0.42,238,237.43,238.75,237.81,65.22,80.81,65.75,49.09,51.11,1256500.88,0,15,106:29:16,0,0,0,0,0,0
13,AUDIO,2026-02-15 21:57:37,LG6400,28456.76,16761.07,7678.35,4017.34,1,0.99,-0.59,0.41,238.02,237.44,238.77,237.83,66.04,82.82,66.21,49.09,51.11,1256508.88,0,15,106:29:18,0,0,0,0,0,0
13,AUDIO,2026-02-15 21:57:38,LG6400,28547.14,16827.36,7760.91,3958.87,1,0.99,-0.59,0.40,237.99,237.42,238.74,237.82,66.91,83.68,67.73,49.34,51.11,1256524.25,0,15,106:29:20,0,0,0,0,0,0
13,AUDIO,2026-02-15 21:57:41,LG6400,28624.62,16541.73,7735.99,4346.90,1,0.99,-0.58,0.45,237.97,237.41,238.73,237.77,66.31,82.23,67.68,49.02,51.11,1256540.88,0,15,106:29:22,0,0,0,0,0,0
13,AUDIO,2026-02-15 21:57:42,LG6400,30963.02,18177.98,8316.99,4468.06,1,0.99,-0.58,0.44,237.96,237.37,238.76,237.76,71.54,90.04,74.37,50.20,51.10,1256557.75,0,15,106:29:24,0,0,0,0,0,0
13,AUDIO,2026-02-15 21:57:44,LG6400,28331.13,16451.39,7749.31,4130.43,1,0.99,-0.59,0.42,237.96,237.38,238.76,237.76,65.31,80.58,66.22,49.13,51.11,1256573.75,0,15,106:29:25,0,0,0,0,0,0
13,AUDIO,2026-02-15 21:57:46,LG6400,28162.03,16364.12,7749.70,4048.21,1,0.99,-0.59,0.41,237.97,237.38,238.76,237.75,65.75,81.05,67.07,49.13,51.11,1256581.75,0,15,106:29:27,0,0,0,0,0,0
13,AUDIO,2026-02-15 21:57:47,LG6400,29480.50,17140.89,8001.69,4337.91,1,0.99,-0.57,0.43,237.95,237.36,238.77,237.72,68.45,84.87,70.52,49.96,51.10,1256598.12,0,15,106:29:29,0,0,0,0,0,0
13,AUDIO,2026-02-15 21:57:49,LG6400,29834.15,17373.64,8010.79,4449.71,1,0.99,-0.58,0.44,237.95,237.35,238.77,237.74,68.59,85.45,70.39,49.94,51.10,1256614.88,0,15,106:29:30,0,0,0,0,0,0
13,AUDIO,2026-02-15 21:57:51,LG6400,30896.63,18284.04,8252.79,4359.81,1,0.99,-0.57,0.42,237.95,237.35,238.77,237.73,71.15,89.86,73.64,49.95,51.10,1256623.38,0,15,106:29:32,0,0,0,0,0,0
13,AUDIO,2026-02-15 21:57:52,LG6400,29331.54,17469.65,7929.74,3932.14,1,0.99,-0.58,0.35,237.95,237.34,238.78,237.71,71.64,86.18,69.70,59.03,51.10,1256640.62,0,15,106:29:34,0,0,0,0,0,0
13,AUDIO,2026-02-15 21:57:54,LG6400,28875.41,17034.46,7943.85,3897.11,1,0.99,-0.59,0.35,237.94,237.32,238.80,237.71,70.97,84.57,69.65,58.69,51.10,1256657.50,0,15,106:29:36,0,0,0,0,0,0
13,AUDIO,2026-02-15 21:57:56,LG6400,31063.75,18309.25,8399,4355.50,1,0.99,-0.57,0.36,237.96,237.33,238.81,237.73,75.88,90.16,75,62.49,51.09,1256666.12,0,15,106:29:37,0,0,0,0,0,0
13,AUDIO,2026-02-15 21:57:57,LG6400,28929.83,17202.85,7883.60,3843.38,1,0.99,-0.59,0.34,237.94,237.32,238.78,237.71,70.83,85.21,68.86,58.43,51.09,1256682.75,0,15,106:29:39,0,0,0,0,0,0
13,AUDIO,2026-02-15 21:57:59,LG6400,28034.25,16581.39,7734.75,3718.11,1,0.99,-0.58,0.34,237.92,237.31,238.78,237.68,69.04,82.39,67.42,57.32,51.09,1256699,0,15,106:29:41,0,0,0,0,0,0
13,AUDIO,2026-02-15 21:58:01,LG6400,31926.44,18762.56,8661.05,4502.83,1,0.99,-0.56,0.37,237.93,237.31,238.80,237.70,77.98,92.29,78.06,63.59,51.09,1256707.88,0,15,106:29:42,0,0,0,0,0,0
13,AUDIO,2026-02-15 21:58:02,LG6400,30148.77,17880.44,8213.76,4054.57,1,0.99,-0.57,0.35,237.93,237.30,238.80,237.70,73.75,88.44,72.76,60.06,51.09,1256724.50,0,15,106:29:44,0,0,0,0,0,0
13,AUDIO,2026-02-15 21:58:04,LG6400,29337.28,17460.12,7951.93,3925.23,1,0.99,-0.58,0.35,237.93,237.32,238.79,237.69,71.58,86.24,69.50,59.01,51.09,1256741.38,0,15,106:29:46,0,0,0,0,0,0
13,AUDIO,2026-02-15 21:58:06,LG6400,28858.86,17116.33,7861.74,3880.79,1,0.99,-0.59,0.35,237.92,237.29,238.80,237.68,70.77,84.88,68.93,58.51,51.09,1256758.38,0,15,106:29:47,0,0,0,0,0,0
13,AUDIO,2026-02-15 21:58:08,LG6400,29206.48,17350.70,8000.07,3855.72,1,0.99,-0.58,0.34,237.94,237.31,238.82,237.70,71.36,85.64,69.94,58.51,51.09,1256766.38,0,15,106:29:50,0,0,0,0,0,0
13,AUDIO,2026-02-15 21:58:10,LG6400,28334.53,16883.35,7685.88,3765.30,1,0.99,-0.59,0.34,237.95,237.32,238.81,237.71,69.20,83.44,66.52,57.63,51.09,1256782.62,0,15,106:29:51,0,0,0,0,0,0
13,AUDIO,2026-02-15 21:58:11,LG6400,27313.09,16271.18,7473.48,3568.43,1,0.99,-0.60,0.33,237.93,237.31,238.81,237.68,66.73,80.55,63.68,55.95,51.09,1256799,0,15,106:29:53,0,0,0,0,0,0
13,AUDIO,2026-02-15 21:58:13,LG6400,29509.20,17429.29,8085.72,3994.20,1,0.99,-0.58,0.35,237.93,237.31,238.80,237.69,71.98,85.53,70.82,59.59,51.09,1256815.62,0,15,106:29:55,0,0,0,0,0,0
13,AUDIO,2026-02-15 21:58:15,LG6400,29570.53,17432.45,8084.30,4053.79,1,0.99,-0.58,0.35,237.95,237.33,238.80,237.70,72.66,86.45,71.43,60.11,51.09,1256823.88,0,15,106:29:56,0,0,0,0,0,0
13,AUDIO,2026-02-15 21:58:16,LG6400,31671.40,18731.10,8486.86,4453.44,1,0.99,-0.56,0.37,237.92,237.31,238.79,237.65,77.31,92.06,76.77,63.10,51.08,1256841.38,0,15,106:29:58,0,0,0,0,0,0
13,AUDIO,2026-02-15 21:58:18,LG6400,30671.75,18371.23,8270.08,4030.45,1,0.99,-0.57,0.35,237.91,237.30,238.79,237.64,75.08,90.72,74.40,60.13,51.08,1256858.75,0,15,106:30:00,0,0,0,0,0,0
13,AUDIO,2026-02-15 21:58:20,LG6400,31514.45,18628.20,8535.53,4350.72,1,0.99,-0.57,0.36,237.91,237.31,238.78,237.64,76.57,90.87,76.05,62.80,51.08,1256875.12,0,15,106:30:01,0,0,0,0,0,0
13,AUDIO,2026-02-15 21:58:22,LG6400,28657.93,17117.64,7781.86,3758.43,1,0.99,-0.58,0.34,237.91,237.30,238.77,237.65,70.06,84.74,67.77,57.67,51.09,1256883,0,15,106:30:03,0,0,0,0,0,0
13,AUDIO,2026-02-15 21:58:23,LG6400,19740.87,11912.34,5692.65,2135.88,0.98,0.97,-0.64,0.25,237.95,237.36,238.78,237.72,48.86,60.15,43.97,42.44,51.11,1256895,0,15,106:30:05,0,0,0,0,0,0
13,AUDIO,2026-02-15 21:58:25,LG6400,19635.34,11530.04,6065.69,2039.61,0.98,0.97,-0.68,0.25,238.01,237.45,238.79,237.80,47.67,58.12,43.37,41.50,51.13,1256906,0,15,106:30:06,0,0,0,0,0,0
13,AUDIO,2026-02-15 21:58:27,LG6400,19628.42,11441.80,6064.22,2122.39,0.98,0.97,-0.69,0.27,238.04,237.46,238.82,237.83,47.57,58.11,43.09,41.51,51.14,1256911.50,0,15,106:30:08,0,0,0,0,0,0
13,AUDIO,2026-02-15 21:58:28,LG6400,19449.81,11376.11,6034.78,2038.92,0.98,0.97,-0.68,0.25,238.09,237.54,238.83,237.89,47.38,57.55,43.09,41.49,51.17,1256922.12,0,15,106:30:10,0,0,0,0,0,0
13,AUDIO,2026-02-15 21:58:30,LG6400,19422.38,11379.94,6034.39,2008.05,0.98,0.97,-0.67,0.24,238.13,237.60,238.84,237.94,47.38,57.57,43.09,41.49,51.19,1256933.12,0,15,106:30:12,0,0,0,0,0,0
13,AUDIO,2026-02-15 21:58:32,LG6400,19463.38,11380.11,6034.68,2048.60,0.98,0.97,-0.68,0.25,238.15,237.61,238.84,237.99,47.38,57.57,43.09,41.48,51.20,1256938.50,0,15,106:30:13,0,0,0,0,0,0
13,AUDIO,2026-02-15 21:58:33,LG6400,19503.61,11464.86,6033.11,2005.64,0.98,0.97,-0.68,0.24,238.18,237.67,238.84,238.02,47.38,57.58,43.08,41.47,51.21,1256949.25,0,15,106:30:15,0,0,0,0,0,0
13,AUDIO,2026-02-15 21:58:35,LG6400,19414.94,11362.07,6032.39,2020.47,0.97,0.97,-0.69,0.25,238.21,237.69,238.86,238.07,47.37,57.58,43.08,41.46,51.22,1256960.12,0,15,106:30:17,0,0,0,0,0,0
13,AUDIO,2026-02-15 21:58:37,LG6400,19413.68,11361.82,6031.66,2020.21,0.97,0.97,-0.69,0.25,238.22,237.71,238.86,238.10,47.37,57.57,43.08,41.45,51.23,1256965.38,0,15,106:30:18,0,0,0,0,0,0
13,AUDIO,2026-02-15 21:58:38,LG6400,19411.45,11363.53,6030.52,2017.40,0.98,0.97,-0.69,0.25,238.24,237.74,238.88,238.12,47.37,57.57,43.07,41.45,51.24,1256976.25,0,15,106:30:20,0,0,0,0,0,0
13,AUDIO,2026-02-15 21:58:40,LG6400,19433.42,11366.47,6030.06,2036.90,0.97,0.97,-0.69,0.25,238.26,237.75,238.88,238.15,47.36,57.57,43.08,41.44,51.25,1256987.12,0,15,106:30:22,0,0,0,0,0,0
13,AUDIO,2026-02-15 21:58:42,LG6400,19402.74,11368.12,6029.18,2005.44,0.98,0.97,-0.69,0.25,238.27,237.77,238.88,238.16,47.36,57.57,43.07,41.43,51.25,1256992.38,0,15,106:30:23,0,0,0,0,0,0
13,AUDIO,2026-02-15 21:58:43,LG6400,19423.02,11367.39,6028.86,2026.77,0.97,0.97,-0.69,0.25,238.28,237.78,238.88,238.19,47.35,57.56,43.08,41.42,51.27,1257003.25,0,15,106:30:25,0,0,0,0,0,0
13,AUDIO,2026-02-15 21:58:45,LG6400,19406.21,11371.23,6028.73,2006.26,0.97,0.97,-0.69,0.24,238.30,237.80,238.88,238.21,47.35,57.56,43.07,41.41,51.27,1257013.88,0,15,106:30:27,0,0,0,0,0,0
13,AUDIO,2026-02-15 21:58:47,LG6400,19417.49,11373.40,6027.98,2016.11,0.97,0.97,-0.69,0.25,238.31,237.82,238.88,238.22,47.35,57.56,43.07,41.41,51.28,1257024.88,0,15,106:30:28,0,0,0,0,0,0
13,AUDIO,2026-02-15 21:58:49,LG6400,19408.97,11375.87,6027.97,2005.13,0.97,0.97,-0.69,0.24,238.31,237.83,238.88,238.24,47.35,57.57,43.07,41.40,51.28,1257030.12,0,15,106:30:30,0,0,0,0,0,0
13,AUDIO,2026-02-15 21:58:50,LG6400,19418.61,11374.93,6025.23,2018.45,0.97,0.97,-0.69,0.25,238.32,237.84,238.88,238.26,47.34,57.57,43.06,41.39,51.29,1257040.88,0,15,106:30:32,0,0,0,0,0,0
13,AUDIO,2026-02-15 21:58:52,LG6400,19421.63,11378.02,6024.20,2019.41,0.97,0.97,-0.69,0.25,238.34,237.86,238.88,238.27,47.34,57.57,43.05,41.39,51.29,1257051.75,0,15,106:30:33,0,0,0,0,0,0
13,AUDIO,2026-02-15 21:58:54,LG6400,19422.54,11377.70,6025.01,2019.83,0.97,0.97,-0.68,0.25,238.35,237.86,238.89,238.28,47.34,57.57,43.05,41.39,51.30,1257057.12,0,15,106:30:35,0,0,0,0,0,0
13,AUDIO,2026-02-15 21:58:55,LG6400,19426.27,11384.54,6024.02,2017.71,0.97,0.97,-0.69,0.25,238.35,237.88,238.89,238.29,47.34,57.59,43.05,41.38,51.30,1257068,0,15,106:30:37,0,0,0,0,0,0
13,AUDIO,2026-02-15 21:58:57,LG6400,19406.44,11382.22,6023.17,2001.04,0.97,0.97,-0.69,0.25,238.36,237.89,238.89,238.30,47.33,57.57,43.04,41.37,51.30,1257078.75,0,15,106:30:39,0,0,0,0,0,0
13,AUDIO,2026-02-15 21:58:59,LG6400,19419.40,11380.06,6021.66,2017.68,0.97,0.97,-0.69,0.25,238.36,237.89,238.89,238.30,47.32,57.56,43.03,41.37,51.30,1257084.12,0,15,106:30:40,0,0,0,0,0,0
13,AUDIO,2026-02-15 21:59:00,LG6400,19406.48,11377.78,6020.76,2007.94,0.97,0.97,-0.69,0.25,238.37,237.89,238.89,238.31,47.31,57.55,43.02,41.36,51.31,1257095,0,15,106:30:42,0,0,0,0,0,0
13,AUDIO,2026-02-15 21:59:02,LG6400,19406.14,11378.43,6019.66,2008.05,0.97,0.97,-0.69,0.25,238.37,237.89,238.90,238.32,47.30,57.55,43.01,41.35,51.31,1257105.62,0,15,106:30:44,0,0,0,0,0,0
13,AUDIO,2026-02-15 21:59:04,LG6400,19406.76,11378.49,6019.88,2008.39,0.97,0.97,-0.69,0.25,238.37,237.90,238.90,238.32,47.30,57.55,43.01,41.34,51.31,1257111.12,0,15,106:30:45,0,0,0,0,0,0
13,AUDIO,2026-02-15 21:59:05,LG6400,19420.62,11379.97,6019.67,2020.98,0.97,0.97,-0.69,0.25,238.37,237.89,238.90,238.32,47.30,57.55,43.01,41.34,51.32,1257121.88,0,15,106:30:47,0,0,0,0,0,0
13,AUDIO,2026-02-15 21:59:07,LG6400,19433.21,11381.45,6019.08,2032.69,0.97,0.97,-0.69,0.25,238.38,237.90,238.90,238.33,47.30,57.55,43,41.34,51.32,1257132.62,0,15,106:30:49,0,0,0,0,0,0
13,AUDIO,2026-02-15 21:59:09,LG6400,19435.72,11383.43,6020.17,2032.12,0.97,0.97,-0.69,0.25,238.38,237.91,238.91,238.34,47.30,57.56,43,41.35,51.32,1257138,0,15,106:30:50,0,0,0,0,0,0
13,AUDIO,2026-02-15 21:59:10,LG6400,19423.93,11382.86,6019.28,2021.80,0.97,0.97,-0.69,0.25,238.39,237.91,238.91,238.34,47.30,57.56,43,41.34,51.32,1257148.88,0,15,106:30:52,0,0,0,0,0,0
13,AUDIO,2026-02-15 21:59:12,LG6400,19400.78,11386.48,6021.07,1993.22,0.97,0.97,-0.69,0.24,238.39,237.92,238.91,238.34,47.30,57.57,43.01,41.34,51.32,1257159.62,0,15,106:30:54,0,0,0,0,0,0
13,AUDIO,2026-02-15 21:59:14,LG6400,19554.27,11502.73,6019.92,2031.62,0.97,0.97,-0.69,0.25,238.40,237.93,238.92,238.35,47.44,57.99,43,41.34,51.32,1257170.50,0,15,106:30:55,0,0,0,0,0,0
13,AUDIO,2026-02-15 21:59:16,LG6400,19451.70,11415.67,6018.61,2017.42,0.97,0.97,-0.69,0.25,238.41,237.94,238.93,238.35,47.32,57.64,43,41.34,51.32,1257175.88,0,15,106:30:57,0,0,0,0,0,0
13,AUDIO,2026-02-15 21:59:17,LG6400,19368.44,11334.26,6017.19,2016.99,0.97,0.97,-0.69,0.25,238.41,237.94,238.94,238.35,47.22,57.35,42.99,41.34,51.32,1257186.75,0,15,106:30:59,0,0,0,0,0,0
13,AUDIO,2026-02-15 21:59:19,LG6400,19369.96,11336.94,6016.29,2016.73,0.97,0.97,-0.69,0.25,238.41,237.94,238.94,238.36,47.23,57.36,42.99,41.33,51.32,1257197.38,0,15,106:31:00,0,0,0,0,0,0
13,AUDIO,2026-02-15 21:59:21,LG6400,19438.70,11404.83,6016.52,2017.35,0.97,0.97,-0.69,0.25,238.41,237.94,238.94,238.36,47.33,57.65,42.99,41.34,51.32,1257202.88,0,15,106:31:02,0,0,0,0,0,0
13,AUDIO,2026-02-15 21:59:22,LG6400,21093.29,12381.48,6268.80,2443.02,0.98,0.98,-0.66,0.29,238.39,237.92,238.93,238.32,50.67,62.46,45.53,44.02,51.31,1257214.12,0,15,106:31:04,0,0,0,0,0,0
13,AUDIO,2026-02-15 21:59:24,LG6400,20352.21,12003.16,5950.38,2398.68,0.98,0.97,-0.65,0.28,238.38,237.91,238.91,238.31,49.40,60.50,44.71,43,51.30,1257225.88,0,15,106:31:05,0,0,0,0,0,0
13,AUDIO,2026-02-15 21:59:26,LG6400,21878.45,12914.69,6431.48,2532.28,0.98,0.97,-0.65,0.28,238.35,237.87,238.90,238.30,52.53,65.29,47.27,45.04,51.29,1257231.88,0,15,106:31:07,0,0,0,0,0,0
13,AUDIO,2026-02-15 21:59:27,LG6400,20870.14,12264.96,6048.22,2556.96,0.99,0.97,-0.64,0.31,238.34,237.86,238.89,238.27,50.34,61.92,45.54,43.55,51.28,1257243.88,0,15,106:31:09,0,0,0,0,0,0
13,AUDIO,2026-02-15 21:59:29,LG6400,19709.45,11561.78,6048.83,2098.84,0.98,0.97,-0.68,0.25,238.35,237.87,238.89,238.30,48.01,58.43,43.64,41.95,51.28,1257255,0,15,106:31:11,0,0,0,0,0,0
13,AUDIO,2026-02-15 21:59:31,LG6400,19862.78,11648.08,6091.80,2122.90,0.98,0.97,-0.68,0.26,238.35,237.87,238.88,238.30,48.15,58.83,43.65,41.96,51.28,1257260.50,0,15,106:31:12,0,0,0,0,0,0
13,AUDIO,2026-02-15 21:59:32,LG6400,20126.84,11808.03,6139.10,2179.70,0.98,0.97,-0.68,0.26,238.35,237.88,238.87,238.29,48.67,59.34,44.27,42.41,51.28,1257271.62,0,15,106:31:14,0,0,0,0,0,0
13,AUDIO,2026-02-15 21:59:34,LG6400,20416.95,12002.35,6184.41,2230.18,0.98,0.97,-0.67,0.26,238.35,237.88,238.87,238.29,49.51,60.56,45.08,42.89,51.28,1257283,0,15,106:31:16,0,0,0,0,0,0
13,AUDIO,2026-02-15 21:59:36,LG6400,20533.30,12115.21,6147.22,2270.87,0.98,0.97,-0.67,0.27,238.35,237.88,238.88,238.29,49.76,60.98,45.08,43.22,51.28,1257288.62,0,15,106:31:17,0,0,0,0,0,0
13,AUDIO,2026-02-15 21:59:37,LG6400,20045.64,11801.05,6059.12,2185.47,0.98,0.97,-0.67,0.26,238.35,237.89,238.87,238.29,48.85,59.61,44.37,42.58,51.28,1257299.88,0,15,106:31:19,0,0,0,0,0,0
13,AUDIO,2026-02-15 21:59:39,LG6400,19693.41,11558.17,6058.47,2076.78,0.98,0.97,-0.68,0.25,238.36,237.90,238.88,238.30,47.93,58.40,43.62,41.77,51.28,1257310.88,0,15,106:31:21,0,0,0,0,0,0
13,AUDIO,2026-02-15 21:59:41,LG6400,19710.68,11558.40,6060.70,2091.58,0.98,0.97,-0.68,0.25,238.36,237.89,238.89,238.30,47.95,58.41,43.62,41.83,51.28,1257321.88,0,15,106:31:22,0,0,0,0,0,0
13,AUDIO,2026-02-15 21:59:43,LG6400,19789.18,11616.55,6062.20,2110.42,0.98,0.97,-0.68,0.26,238.36,237.90,238.89,238.30,47.96,58.42,43.63,41.84,51.28,1257327.38,0,15,106:31:25,0,0,0,0,0,0
13,AUDIO,2026-02-15 21:59:45,LG6400,20009.11,11735.84,6101.46,2171.81,0.98,0.97,-0.68,0.26,238.37,237.90,238.90,238.32,48.61,59.26,44.11,42.46,51.28,1257338.50,0,15,106:31:26,0,0,0,0,0,0
13,AUDIO,2026-02-15 21:59:46,LG6400,19879.61,11662.78,6100.30,2116.53,0.98,0.97,-0.68,0.25,238.37,237.90,238.90,238.31,48.40,59.22,43.84,42.14,51.28,1257349.50,0,15,106:31:28,0,0,0,0,0,0
13,AUDIO,2026-02-15 21:59:48,LG6400,21229.50,12552.74,6303,2373.75,0.98,0.98,-0.66,0.27,238.35,237.88,238.88,238.29,51.27,63.30,46.35,44.15,51.28,1257360.88,0,15,106:31:30,0,0,0,0,0,0
13,AUDIO,2026-02-15 21:59:50,LG6400,21504.67,12778.11,6230.55,2496.01,0.98,0.98,-0.65,0.28,238.34,237.87,238.89,238.27,51.95,64.42,46.64,44.79,51.27,1257367,0,15,106:31:31,0,0,0,0,0,0
13,AUDIO,2026-02-15 21:59:51,LG6400,21509.56,12785.29,6181.36,2542.91,0.98,0.98,-0.64,0.29,238.32,237.85,238.86,238.25,52.01,64.45,47.11,44.47,51.26,1257379,0,15,106:31:33,0,0,0,0,0,0
13,AUDIO,2026-02-15 21:59:53,LG6400,22329.37,13500.20,6251.10,2578.07,0.99,0.99,-0.63,0.29,238.30,237.84,238.84,238.23,53.54,67.85,47.97,44.81,51.25,1257391.25,0,15,106:31:35,0,0,0,0,0,0
13,AUDIO,2026-02-15 21:59:55,LG6400,20322.19,11961.23,6164.93,2196.03,0.98,0.97,-0.68,0.26,238.31,237.84,238.85,238.24,49.19,60.24,44.74,42.60,51.25,1257402.50,0,15,106:31:36,0,0,0,0,0,0
13,AUDIO,2026-02-15 21:59:57,LG6400,20220.10,11890.65,6117.67,2211.79,0.98,0.97,-0.67,0.26,238.32,237.85,238.86,238.24,49.18,60.22,44.72,42.61,51.26,1257408,0,15,106:31:39,0,0,0,0,0,0
13,AUDIO,2026-02-15 21:59:59,LG6400,20093.15,11799.40,6117,2176.76,0.98,0.97,-0.68,0.26,238.33,237.86,238.86,238.25,48.82,59.58,44.29,42.60,51.26,1257419.12,0,15,106:31:40,0,0,0,0,0,0
13,AUDIO,2026-02-15 22:00:00,LG6400,20054.15,11798.73,6100.80,2154.61,0.98,0.97,-0.68,0.26,238.33,237.86,238.87,238.26,48.72,59.58,44.22,42.37,51.26,1257430.38,0,15,106:31:42,0,0,0,0,0,0
13,AUDIO,2026-02-15 22:00:02,LG6400,21149.65,12370.97,6300.01,2478.67,0.98,0.98,-0.68,0.28,238.32,237.84,238.85,238.26,51.08,62.47,46.18,44.60,51.25,1257441.88,0,15,106:31:44,0,0,0,0,0,0
13,AUDIO,2026-02-15 22:00:04,LG6400,21016.17,12373.39,6111.76,2531.01,0.98,0.98,-0.66,0.29,238.31,237.85,238.84,238.26,50.86,62.47,45.51,44.59,51.25,1257447.62,0,15,106:31:45,0,0,0,0,0,0
13,AUDIO,2026-02-15 22:00:05,LG6400,20935.95,12370.94,6153.56,2411.45,0.98,0.98,-0.66,0.28,238.31,237.84,238.85,238.26,50.64,62.13,45.51,44.28,51.25,1257459.38,0,15,106:31:47,0,0,0,0,0,0
13,AUDIO,2026-02-15 22:00:07,LG6400,22295.75,13219.98,6480.52,2595.26,0.98,0.98,-0.66,0.29,238.29,237.81,238.81,238.26,53.43,66.70,48.02,45.58,51.25,1257471.12,0,15,106:31:49,0,0,0,0,0,0
13,AUDIO,2026-02-15 22:00:09,LG6400,21067.45,12387.87,6204.36,2475.22,0.98,0.97,-0.67,0.28,238.30,237.82,238.82,238.28,50.88,62.46,45.55,44.65,51.25,1257482.75,0,15,106:31:50,0,0,0,0,0,0
13,AUDIO,2026-02-15 22:00:11,LG6400,21464.86,12686.58,6204.22,2574.05,0.98,0.98,-0.66,0.29,238.30,237.83,238.82,238.26,51.50,63.89,45.96,44.66,51.24,1257488.75,0,15,106:31:53,0,0,0,0,0,0
13,AUDIO,2026-02-15 22:00:13,LG6400,20889.45,12343.92,6169.52,2376.01,0.98,0.97,-0.66,0.27,238.31,237.84,238.82,238.27,50.61,62.19,45.72,43.92,51.24,1257500.62,0,15,106:31:54,0,0,0,0,0,0
13,AUDIO,2026-02-15 22:00:14,LG6400,21336.79,12648.98,6313.20,2374.61,0.98,0.98,-0.66,0.27,238.30,237.84,238.80,238.26,51.58,63.78,46.67,44.30,51.24,1257512.12,0,15,106:31:56,0,0,0,0,0,0
13,AUDIO,2026-02-15 22:00:16,LG6400,20750.76,12244.62,6173.96,2332.18,0.98,0.97,-0.67,0.27,238.31,237.84,238.81,238.27,50.04,61.61,44.89,43.61,51.24,1257523.62,0,15,106:31:58,0,0,0,0,0,0
13,AUDIO,2026-02-15 22:00:18,LG6400,20477.17,12011.36,6172.94,2292.87,0.98,0.97,-0.67,0.27,238.31,237.85,238.82,238.28,49.63,60.66,44.88,43.35,51.24,1257529.12,0,15,106:31:59,0,0,0,0,0,0
13,AUDIO,2026-02-15 22:00:19,LG6400,20514.75,12015.73,6173.15,2325.87,0.98,0.97,-0.67,0.27,238.32,237.85,238.82,238.28,49.73,60.68,45.13,43.37,51.24,1257540.50,0,15,106:32:01,0,0,0,0,0,0
13,AUDIO,2026-02-15 22:00:21,LG6400,21119.92,12472.40,6239.56,2407.96,0.98,0.98,-0.67,0.27,238.32,237.85,238.83,238.27,50.93,62.81,45.78,44.20,51.24,1257552.12,0,15,106:32:03,0,0,0,0,0,0
13,AUDIO,2026-02-15 22:00:23,LG6400,20854.85,12306.55,6166.01,2382.29,0.98,0.97,-0.66,0.28,238.32,237.85,238.84,238.27,50.40,62.05,45.33,43.83,51.24,1257563.75,0,15,106:32:04,0,0,0,0,0,0
13,AUDIO,2026-02-15 22:00:25,LG6400,20425.44,12030.55,6112.54,2282.35,0.98,0.97,-0.67,0.27,238.33,237.86,238.85,238.28,49.56,60.64,44.75,43.30,51.24,1257569.38,0,15,106:32:07,0,0,0,0,0,0
13,AUDIO,2026-02-15 22:00:27,LG6400,20483.84,12024.52,6147.58,2311.73,0.98,0.97,-0.67,0.27,238.33,237.86,238.84,238.29,49.56,60.61,44.74,43.32,51.25,1257581,0,15,106:32:08,0,0,0,0,0,0
13,AUDIO,2026-02-15 22:00:28,LG6400,20371.14,12003.70,6089.55,2277.89,0.98,0.97,-0.67,0.27,238.34,237.87,238.86,238.29,49.36,60.40,44.43,43.26,51.25,1257592.38,0,15,106:32:10,0,0,0,0,0,0
13,AUDIO,2026-02-15 22:00:30,LG6400,20066.38,11758.08,6118.92,2189.38,0.98,0.97,-0.68,0.26,238.34,237.88,238.86,238.30,48.71,59.40,44.11,42.63,51.25,1257603.25,0,15,106:32:12,0,0,0,0,0,0
13,AUDIO,2026-02-15 22:00:32,LG6400,20456.38,11994.95,6180.94,2280.50,0.98,0.97,-0.68,0.27,238.35,237.88,238.86,238.30,49.49,60.55,44.62,43.28,51.26,1257609.12,0,15,106:32:13,0,0,0,0,0,0
13,AUDIO,2026-02-15 22:00:33,LG6400,20424.23,11994.06,6145.82,2284.35,0.98,0.97,-0.67,0.27,238.34,237.87,238.86,238.30,49.49,60.55,44.64,43.28,51.25,1257620.38,0,15,106:32:15,0,0,0,0,0,0
13,AUDIO,2026-02-15 22:00:35,LG6400,20112.90,11890.03,5929.30,2293.57,0.98,0.97,-0.66,0.27,238.33,237.88,238.84,238.27,49.04,59.99,44.21,42.91,51.25,1257631.88,0,15,106:32:17,0,0,0,0,0,0
13,AUDIO,2026-02-15 22:00:37,LG6400,20633.66,12115.12,6197.41,2321.13,0.98,0.97,-0.67,0.27,238.33,237.87,238.84,238.27,49.90,61.03,45.11,43.57,51.25,1257643.38,0,15,106:32:18,0,0,0,0,0,0
13,AUDIO,2026-02-15 22:00:39,LG6400,20356.38,11947.33,6130.66,2278.39,0.98,0.97,-0.67,0.27,238.33,237.88,238.84,238.28,49.46,60.29,44.82,43.26,51.25,1257648.88,0,15,106:32:21,0,0,0,0,0,0
13,AUDIO,2026-02-15 22:00:41,LG6400,20505.45,12033.08,6162.43,2309.94,0.98,0.97,-0.67,0.27,238.33,237.88,238.84,238.28,49.71,60.72,44.84,43.56,51.25,1257660.25,0,15,106:32:22,0,0,0,0,0,0
13,AUDIO,2026-02-15 22:00:42,LG6400,20492.19,12099.04,6119.04,2274.12,0.98,0.97,-0.66,0.27,238.34,237.88,238.85,238.28,49.82,61.06,45.10,43.30,51.25,1257672,0,15,106:32:24,0,0,0,0,0,0
13,AUDIO,2026-02-15 22:00:44,LG6400,20808.43,12223.95,6227.06,2357.42,0.98,0.97,-0.67,0.27,238.33,237.87,238.84,238.28,50.35,61.65,45.46,43.92,51.25,1257683.25,0,15,106:32:26,0,0,0,0,0,0
13,AUDIO,2026-02-15 22:00:46,LG6400,20478.46,12036.14,6111.59,2330.72,0.98,0.97,-0.66,0.27,238.33,237.87,238.85,238.29,49.71,60.69,44.83,43.60,51.26,1257689,0,15,106:32:27,0,0,0,0,0,0
13,AUDIO,2026-02-15 22:00:47,LG6400,21296.32,12552.67,6306.04,2437.60,0.98,0.98,-0.67,0.28,238.33,237.86,238.85,238.27,51.41,63.39,46.44,44.39,51.25,1257700.50,0,15,106:32:29,0,0,0,0,0,0
13,AUDIO,2026-02-15 22:00:49,LG6400,20788.03,12218.41,6243.20,2326.41,0.98,0.97,-0.66,0.27,238.33,237.85,238.85,238.28,50.31,61.72,45.65,43.55,51.25,1257712.12,0,15,106:32:31,0,0,0,0,0,0
13,AUDIO,2026-02-15 22:00:51,LG6400,20658.79,12160.45,6127.74,2370.59,0.98,0.97,-0.67,0.27,238.32,237.85,238.84,238.27,50.16,61.37,45.23,43.88,51.25,1257723.62,0,15,106:32:32,0,0,0,0,0,0
13,AUDIO,2026-02-15 22:00:53,LG6400,20346.67,11990.47,6093.68,2262.51,0.98,0.97,-0.67,0.27,238.33,237.86,238.84,238.27,49.39,60.45,44.61,43.13,51.25,1257729.25,0,15,106:32:35,0,0,0,0,0,0
13,AUDIO,2026-02-15 22:00:55,LG6400,21341.17,12639.46,6326.26,2375.46,0.98,0.98,-0.66,0.27,238.31,237.85,238.83,238.25,51.55,63.78,46.64,44.24,51.25,1257740.75,0,15,106:32:36,0,0,0,0,0,0
13,AUDIO,2026-02-15 22:00:56,LG6400,21473.10,12650.38,6310.61,2512.10,0.98,0.97,-0.66,0.28,238.31,237.85,238.82,238.26,51.72,63.71,46.54,44.92,51.24,1257752.62,0,15,106:32:38,0,0,0,0,0,0
13,AUDIO,2026-02-15 22:00:58,LG6400,21989.87,13004.32,6275.60,2709.94,0.98,0.98,-0.64,0.30,238.30,237.83,238.82,238.25,52.74,65.66,47.19,45.38,51.24,1257764.75,0,15,106:32:40,0,0,0,0,0,0
13,AUDIO,2026-02-15 22:01:00,LG6400,21239.83,12523.48,6113.46,2602.89,0.98,0.98,-0.64,0.30,238.30,237.84,238.82,238.24,51.21,63.18,46.27,44.19,51.24,1257770.62,0,15,106:32:41,0,0,0,0,0,0
13,AUDIO,2026-02-15 22:01:01,LG6400,21539.09,12729.95,6215.83,2593.32,0.98,0.98,-0.65,0.29,238.30,237.83,238.83,238.25,51.88,64.28,46.56,44.81,51.24,1257782.62,0,15,106:32:43,0,0,0,0,0,0
13,AUDIO,2026-02-15 22:01:03,LG6400,20713.77,12203.94,6140.65,2369.18,0.98,0.97,-0.66,0.27,238.30,237.83,238.83,238.25,50.26,61.60,45.48,43.70,51.24,1257794.25,0,15,106:32:45,0,0,0,0,0,0
13,AUDIO,2026-02-15 22:01:05,LG6400,20886.20,12294.62,6195.39,2396.19,0.98,0.98,-0.66,0.27,238.30,237.82,238.83,238.24,50.75,62.34,45.79,44.11,51.23,1257805.75,0,15,106:32:46,0,0,0,0,0,0
